id,yield
15000,4418.547192873565
15001,6856.887272957345
15002,5057.628560443187
15003,6612.456857212651
15004,5117.350409439357
15005,7504.452314096182
15006,5007.617272779133
15007,4357.3255190531945
15008,5721.22804962458
15009,5792.8698185514095
15010,8210.70585180905
15011,4696.729924190222
15012,6190.398965828147
15013,4897.218047361714
15014,8965.476356121582
15015,5330.2441472381015
15016,7435.958678922919
15017,6075.35299375973
15018,6235.280840175285
15019,7965.812627510689
15020,6361.559624677989
15021,5932.534294343368
15022,4949.915956823877
15023,6914.942668144231
15024,6363.310210732519
15025,4403.113927060019
15026,7006.841107287432
15027,4622.616235750864
15028,7487.6969987981165
15029,7996.251658042935
15030,5466.6319873749035
15031,6656.516468772319
15032,4745.462306808429
15033,6528.4624561185565
15034,5774.990355800826
15035,6448.091216189051
15036,4859.3515623429885
15037,6438.075132499044
15038,7628.497544586692
15039,6389.501595510068
15040,7576.342031513351
15041,6917.276845474517
15042,5259.56699881437
15043,6824.210333315762
15044,7571.45004676448
15045,5299.91826595623
15046,4366.9697143528265
15047,6891.229866011493
15048,6465.372042005717
15049,5713.413027395265
15050,5553.023391370309
15051,4751.546598879929
15052,6134.267158314039
15053,5797.147563418168
15054,6365.8692298018605
15055,7533.653644993042
15056,5207.447023078752
15057,6883.543621515288
15058,4592.7388766117665
15059,7973.452456268208
15060,7471.921851894026
15061,5683.353198450331
15062,4832.172078888842
15063,7738.271499164197
15064,3733.507512641834
15065,7433.937181082113
15066,5042.640351119754
15067,7421.821982325685
15068,7116.605316046651
15069,7523.202090960134
15070,8254.060649121777
15071,6581.047952676321
15072,7521.474527600973
15073,5112.419585501679
15074,6339.67379227992
15075,4380.2448418144595
15076,5362.396854636452
15077,6419.591540000704
15078,6554.942301183507
15079,5420.070224859534
15080,6540.654098654473
15081,5852.311715556535
15082,4638.377454804936
15083,4883.927998050514
15084,6578.470362987085
15085,4804.857293142304
15086,7474.638904038193
15087,6083.543235650894
15088,5693.149611984058
15089,7453.438924069866
15090,3456.4846483891615
15091,8364.727043909026
15092,6369.308025470135
15093,6340.481467557548
15094,6514.975829149086
15095,7845.109616830205
15096,8093.148227784791
15097,6982.843760194213
15098,6505.779920996406
15099,5864.337029419058
15100,5813.456263520299
15101,6563.591801405176
15102,6475.894560000133
15103,5424.060113714686
15104,6773.409276931527
15105,6894.1272688607705
15106,4119.612195902334
15107,6233.547662689987
15108,7392.13604528384
15109,6416.5579244108285
15110,8622.835701555518
15111,5995.409820876831
15112,6425.440734279492
15113,4847.143563357694
15114,7327.013891936353
15115,5933.658478623389
15116,5532.877714827257
15117,5771.570550416649
15118,6741.590026972309
15119,6034.7513374998
15120,7269.016439923972
15121,6906.266285772805
15122,7859.043874705639
15123,6098.242151763894
15124,4691.522299175547
15125,4877.9385023059895
15126,5325.921353265657
15127,5783.784801242229
15128,5162.341303916026
15129,5690.595368349662
15130,5888.482521269658
15131,4119.933470886587
15132,5610.633636336241
15133,7060.605085900478
15134,5106.612296920335
15135,4950.296019796846
15136,5545.720394008561
15137,5819.327087192474
15138,6428.007922460196
15139,6060.2708734213875
15140,6171.661820679774
15141,4139.165399877357
15142,4919.5206163010425
15143,6728.519993316814
15144,5968.057348937119
15145,3096.3998104277025
15146,3718.5226794566756
15147,7341.142136085834
15148,6450.090873111541
15149,5770.303390413288
15150,8465.864999026153
15151,7562.3268773138725
15152,4867.455575313941
15153,6617.644561389222
15154,7239.263809915349
15155,7341.083150073964
15156,4228.860206645606
15157,6877.567808061929
15158,7157.185091265602
15159,7359.065944165477
15160,6368.333727698759
15161,7889.485738459345
15162,2879.2126634449082
15163,4509.865422047041
15164,7643.706920400284
15165,6494.895214572526
15166,7041.986500380855
15167,6887.7904124439965
15168,4501.379387262283
15169,7643.869962389179
15170,6393.426730288114
15171,7303.373264815263
15172,7555.773405599581
15173,4502.673543859336
15174,4255.399692138796
15175,7293.012591508599
15176,3144.5983290233826
15177,7177.12779483855
15178,6499.5595381648445
15179,7430.3351915275725
15180,5988.8815139345415
15181,6592.347778248548
15182,6844.807869490561
15183,5246.8661838311755
15184,5380.17933175728
15185,7559.457781807072
15186,6634.440778824051
15187,3516.0003681181606
15188,5966.881053934161
15189,7234.2552500003685
15190,4422.37606766952
15191,4475.267113368938
15192,4184.694897103797
15193,7933.866715529136
15194,5614.472979033393
15195,7139.24545292006
15196,7777.648103580823
15197,4942.6942981358125
15198,5183.72874092235
15199,6879.088348949418
15200,6404.505857700153
15201,6235.474798083772
15202,7269.114448839795
15203,6082.874860277695
15204,6195.599871705234
15205,5635.5155613767465
15206,6573.436282543302
15207,7366.81906863795
15208,3914.7667159422176
15209,6246.536631362279
15210,7178.015932257517
15211,3966.5690278667657
15212,3049.6563935413988
15213,6492.991315189821
15214,4334.84122
15215,6139.640943358763
15216,7315.654577653453
15217,5944.446709916969
15218,4760.759014535938
15219,7813.543705877812
15220,8422.941706388325
15221,7269.380655686821
15222,5920.992080037486
15223,7288.781923316829
15224,8348.131432147033
15225,5428.485305948481
15226,5546.6449507994175
15227,6625.588378969423
15228,6161.745407030587
15229,4752.654275448563
15230,8086.377397053895
15231,4913.985493657296
15232,6122.1051919464635
15233,5942.05387484684
15234,7127.325807654429
15235,4070.7119238507357
15236,6240.082675988114
15237,6702.199190774376
15238,4525.993743592181
15239,4771.922174575232
15240,7700.278236579889
15241,5295.846559825492
15242,6002.785798763427
15243,6165.163158410578
15244,4451.739013152652
15245,5837.961176808136
15246,5573.560516480633
15247,7508.0011138994905
15248,5772.491628999211
15249,6587.595841832687
15250,6120.874009217677
15251,3699.8831024222236
15252,5687.224083557665
15253,7472.076035270676
15254,5440.854766627392
15255,6321.705666841972
15256,6458.616099217509
15257,4364.186150239799
15258,6571.63193732736
15259,4866.406150023053
15260,5195.55041506144
15261,4291.387696832833
15262,7778.560765339688
15263,5169.99967950684
15264,4638.289113347116
15265,5838.123655325388
15266,4720.846778008601
15267,4710.175083351272
15268,6303.326148540375
15269,8490.194202970228
15270,7553.362244180852
15271,6312.465430699452
15272,4103.172697366331
15273,6232.825239392752
15274,5937.585254529073
15275,7597.476496954805
15276,5928.5300026218365
15277,5857.842857122835
15278,6256.6203677402345
15279,8102.522752106279
15280,7242.482424612805
15281,5473.763452114804
15282,8134.336995374875
15283,6957.853610309686
15284,5957.250654572103
15285,7346.145039857863
15286,4312.129232437139
15287,4844.899883559472
15288,4418.203576851435
15289,6689.281228199777
15290,6326.622910238822
15291,5439.431946678948
15292,4402.77294205907
15293,5948.061824567602
15294,6063.263066343762
15295,5217.090070790146
15296,6464.80952460343
15297,6306.158432091198
15298,4720.180257424245
15299,5641.158556702402
15300,7417.758089873822
15301,6447.867549209129
15302,5403.8104526806355
15303,6560.700005040334
15304,5628.887650204144
15305,6961.641474271088
15306,7101.75129064358
15307,7569.341399084665
15308,5289.39426086063
15309,7832.219171110001
15310,8212.792884317438
15311,6917.234979417201
15312,5978.87437794717
15313,7317.7460088481475
15314,6647.061725115622
15315,6985.447192247496
15316,6410.310408768278
15317,6743.435622513355
15318,6295.8241821825395
15319,7964.126524931107
15320,4242.171280474932
15321,5738.683602066008
15322,8235.569608811518
15323,7220.515146594506
15324,5573.404517420393
15325,6908.408579910314
15326,6766.99607771196
15327,5664.375857132199
15328,6566.5610194812
15329,6382.841271975147
15330,7401.182901208029
15331,7690.455605668218
15332,5052.3005307757585
15333,6623.542245230513
15334,5552.813348476271
15335,4769.583029852784
15336,6783.3560516985435
15337,3535.0689363689094
15338,6181.630780342566
15339,7537.237539963878
15340,7024.683841621364
15341,6208.938947138942
15342,5643.163632570468
15343,5519.646422595744
15344,6127.779429736503
15345,4538.695129794015
15346,3985.2589608092635
15347,5733.016565245221
15348,6320.178984992425
15349,3826.6190423514613
15350,5728.4822056427965
15351,5227.754972090344
15352,6785.196166996911
15353,6623.52878287868
15354,3683.2358567451656
15355,7769.855103976768
15356,3708.382823308301
15357,4613.820124951828
15358,5600.55164243979
15359,5980.589801106403
15360,7067.524196634732
15361,6635.495516802809
15362,8000.746096999084
15363,4868.054614263087
15364,6732.0456797229
15365,3457.501556370235
15366,7051.548895585207
15367,4994.09425963906
15368,5392.536357890572
15369,7108.669233540087
15370,4569.06002417568
15371,5099.162833619305
15372,7269.07833646337
15373,4433.5749149176245
15374,7777.2792396959585
15375,5729.5908613330985
15376,5161.234457971625
15377,6174.111368084624
15378,5198.984290435566
15379,5584.728205505532
15380,4667.415144444387
15381,4643.184523077402
15382,3681.736178528464
15383,5948.1559996371225
15384,4356.34326612591
15385,5228.816509163096
15386,6692.219421819563
15387,3166.202709801031
15388,7553.696780111597
15389,5505.241232447589
15390,6068.114130699831
15391,4366.6538903551955
15392,6502.714678819366
15393,5994.563397159803
15394,5818.328267341522
15395,4364.817262408027
15396,7246.736749836124
15397,6992.167750147931
15398,7450.169761046692
15399,6658.266934989879
15400,5110.594502283728
15401,6258.06932246574
15402,5729.797564948025
15403,7623.602395199524
15404,4566.7825386357235
15405,5272.45998310797
15406,8079.080937044184
15407,5501.759198086162
15408,7472.571676636864
15409,5476.8072122446365
15410,7194.714788327187
15411,5867.134712804809
15412,7703.869210342684
15413,5660.227512409031
15414,1637.7089902244072
15415,7829.129907991399
15416,8157.9588139113075
15417,5693.118825080524
15418,5741.159587166567
15419,7377.665713374778
15420,6822.295717179254
15421,5933.179022277295
15422,5140.719928672596
15423,6419.9944557538065
15424,5333.965329046573
15425,7678.3195128394
15426,6347.901482888259
15427,6699.081329250052
15428,3431.0386955412996
15429,4463.239824820475
15430,6473.22951078148
15431,7787.596428692837
15432,5941.089740680214
15433,6342.834197807791
15434,8158.497908588374
15435,4431.577529524392
15436,5990.981648981906
15437,5247.464888549359
15438,6201.020957837687
15439,5627.069432331165
15440,4052.84346490386
15441,5253.778015837079
15442,3946.6060020121554
15443,4671.836516258775
15444,3417.315504915748
15445,6022.380900590264
15446,7328.836412143036
15447,7897.959659829252
15448,6589.755809875175
15449,5399.460465451474
15450,3636.7955309533263
15451,4606.341421269487
15452,7114.514267292897
15453,6185.672475533182
15454,5770.393660395588
15455,4074.161434177414
15456,6174.713622747799
15457,6210.180647319491
15458,5625.54072879269
15459,5356.3815061090145
15460,6550.882775398318
15461,5239.646195198176
15462,7261.266739064385
15463,5384.168733564108
15464,4645.9552835125005
15465,7567.018686434675
15466,6953.121398978724
15467,6745.547684985337
15468,6265.653101987559
15469,7127.94912033982
15470,4271.2224475508765
15471,5731.6616636674335
15472,6630.902002203575
15473,6591.450288137513
15474,6278.6985705830375
15475,6547.410877687862
15476,6471.799683070692
15477,7251.268525982702
15478,5147.225612290961
15479,7414.4173783844835
15480,6006.06890625858
15481,7004.806454355524
15482,6124.637295066979
15483,4472.373188964827
15484,6661.311418913078
15485,6287.665996000156
15486,5733.144170683228
15487,6736.625488517729
15488,7362.024104791071
15489,5585.470683308714
15490,8001.463482359882
15491,6773.476831736606
15492,6195.871375557655
15493,6767.542271279516
15494,6547.236430398101
15495,6792.137188413933
15496,6524.873601525848
15497,4053.426661804955
15498,7719.321902758338
15499,7282.4726284973285
15500,4792.477561881278
15501,7068.333359523894
15502,6912.301102482748
15503,7821.769723400942
15504,6436.098534798261
15505,2555.395088565374
15506,7425.94966175249
15507,7260.417271578311
15508,7939.900537724067
15509,4844.622959850385
15510,6457.261796136827
15511,4245.291465405671
15512,7434.980484303532
15513,6212.348156199045
15514,4813.562377385026
15515,3909.203770713162
15516,8254.12654
15517,8509.720413104505
15518,7580.669797705986
15519,4256.002189593251
15520,7176.017339618932
15521,5841.721646942021
15522,5709.546893303347
15523,7591.390951669453
15524,5902.2736043912755
15525,5994.13315454236
15526,4754.262835201351
15527,5519.728073515289
15528,5810.821536751203
15529,6413.101196744716
15530,7994.2819731525715
15531,7387.684645877357
15532,6524.6016626761775
15533,6658.043052710392
15534,6834.06332506182
15535,6991.003942087681
15536,7438.447304692422
15537,4698.6870843979905
15538,4288.585273190966
15539,4396.652036347492
15540,7613.267699046771
15541,7344.619147491252
15542,6208.878121800976
15543,7472.538942632092
15544,5367.857048651552
15545,4570.751855576868
15546,5420.415060377478
15547,7068.673227196619
15548,6507.666311942554
15549,6090.728893485896
15550,3960.9807009996584
15551,5584.309765229355
15552,3941.5873784831783
15553,8154.690719350112
15554,4335.564937846252
15555,3275.828166402405
15556,6390.350424278435
15557,7401.516106307023
15558,8525.793098431697
15559,5146.657901936918
15560,7300.344033063031
15561,5757.347455147832
15562,6083.600657509611
15563,7174.664839631463
15564,6348.199044881606
15565,7432.103118434709
15566,5638.098257262688
15567,6107.436735541015
15568,5780.0848100685125
15569,5443.9300269745245
15570,6751.813453684116
15571,4989.410911286329
15572,7543.70066026391
15573,6872.745366548567
15574,5156.756275624913
15575,7063.7449321150425
15576,7737.625971789424
15577,5258.48842983982
15578,6305.684144444303
15579,6990.678169414226
15580,5917.721639495304
15581,5729.703532488707
15582,3446.507376699447
15583,4994.420504810917
15584,4409.56311544151
15585,5299.475822874988
15586,5407.080236450035
15587,6532.130630537495
15588,7069.052311422
15589,5425.011989801393
15590,5834.98160887396
15591,6411.331279254412
15592,5263.138002588031
15593,4989.006280157186
15594,6254.2004418903325
15595,4216.7108276358695
15596,7170.209282477191
15597,6915.279860294096
15598,5618.701196380512
15599,6084.997460624457
15600,7081.004001384008
15601,4348.028578986697
15602,5096.621542210251
15603,4844.87470268656
15604,6997.855842309533
15605,4381.984661485699
15606,6449.50522548616
15607,5666.596880464911
15608,7116.497261850673
15609,6564.956670807438
15610,6239.722714628212
15611,5017.757802241357
15612,7614.731199141159
15613,5326.151985437548
15614,6064.119408217631
15615,5410.978730321816
15616,5296.955486841512
15617,5676.54326952436
15618,5556.373115988036
15619,5759.0668681921725
15620,7542.9280355341525
15621,7173.418661303183
15622,6132.800513969426
15623,7830.798742650843
15624,6587.402173781533
15625,6208.441396818706
15626,7171.25773887213
15627,6852.801242609302
15628,6839.465558546884
15629,6771.668857087726
15630,6150.869878649241
15631,4462.177394703666
15632,6240.896657451021
15633,6667.842281662536
15634,8259.82398916288
15635,7003.097838018042
15636,5824.788908793721
15637,7320.38542772343
15638,6381.600195299246
15639,5338.572273001275
15640,5586.814168624776
15641,4250.346713423484
15642,5751.58160763128
15643,2988.0601146436898
15644,7913.453460439381
15645,6107.65550200417
15646,6639.096860010746
15647,5690.145815326575
15648,3452.4146946820274
15649,5330.06837887717
15650,5881.880640399513
15651,7237.944720974234
15652,6618.91644841111
15653,5052.641429548798
15654,7572.705758890583
15655,7624.218155729402
15656,7260.549170607112
15657,4463.248065285479
15658,4402.208722855383
15659,5727.005479155814
15660,5541.9454826032215
15661,5664.269346714032
15662,4329.50106272332
15663,5022.6988493044555
15664,4633.594632019033
15665,5618.8548857181995
15666,4346.605616728947
15667,6400.564840513418
15668,4060.05045208595
15669,6265.259509273315
15670,6190.321801406717
15671,5830.399728098093
15672,6664.379487556387
15673,4190.329172721768
15674,4744.447412810726
15675,5379.761564445013
15676,8069.6199052973425
15677,6015.451964814006
15678,7932.064422536275
15679,4647.566536745451
15680,6160.152823188613
15681,6277.826944068615
15682,4830.9827851539485
15683,5593.048775510538
15684,3335.3433168209394
15685,6484.894473075127
15686,6356.02100794775
15687,4128.024130376567
15688,5140.283978533126
15689,7353.030421160492
15690,6552.129364741342
15691,6542.232911600452
15692,5582.155765278262
15693,6388.758226792745
15694,6104.6531913847
15695,3841.8103049069596
15696,6657.947578654557
15697,5367.182956443243
15698,4816.945820306733
15699,5344.407059192861
15700,8261.41474301078
15701,4957.654429879558
15702,5357.931215407863
15703,6531.42741382475
15704,3213.6097195247708
15705,6449.838054784109
15706,5597.75712644064
15707,5827.577029645108
15708,6641.561303600021
15709,7207.420299997084
15710,6306.407535710864
15711,6943.413829007625
15712,6920.874265973399
15713,5291.225325592715
15714,7525.9756361540285
15715,3944.00254531244
15716,6816.203406703843
15717,6273.055112359124
15718,6189.60161389608
15719,6803.608515561641
15720,7385.828885884448
15721,7584.995899957063
15722,7027.937079609617
15723,6401.099075477595
15724,6924.650686064173
15725,6502.564953225242
15726,6515.263219557033
15727,6177.234700950414
15728,6585.632185458405
15729,4643.3192826961385
15730,5150.222013969272
15731,6941.1280531307075
15732,3765.91301610546
15733,5110.208136933133
15734,4520.194865237788
15735,6601.806414225716
15736,6048.860131644029
15737,6650.086117643947
15738,7187.430855373384
15739,4314.394807998858
15740,7730.596075018282
15741,4913.150560934745
15742,2883.108791929969
15743,6636.641842309392
15744,5528.45260501145
15745,5362.059434327077
15746,6770.682644883449
15747,7172.4714173497505
15748,5943.534118058456
15749,8127.100816915497
15750,7438.942392074354
15751,8433.095036990046
15752,7930.786568145255
15753,7054.395297460207
15754,5062.333867939372
15755,4675.920649576497
15756,3070.9810074231477
15757,8031.038126403314
15758,7540.063358780319
15759,5454.479879451806
15760,5966.27576222665
15761,5916.5855843937325
15762,7455.091898913716
15763,4443.464678486357
15764,6630.192908520661
15765,5031.401455529047
15766,4212.272056387013
15767,5754.67181763191
15768,7898.369500668211
15769,4192.446609812569
15770,7676.312159014215
15771,6195.238636340648
15772,7617.4606515480555
15773,6664.573376894004
15774,7191.0310843276875
15775,4504.83773338073
15776,6407.827946966538
15777,7006.553640055318
15778,6580.731275752885
15779,4637.372195235516
15780,3813.452534733909
15781,7542.820558617013
15782,3719.185430143718
15783,4231.400945990243
15784,4843.569287290943
15785,4736.741758047863
15786,5744.513301940255
15787,6186.941436630544
15788,6540.468709845895
15789,4186.94804238595
15790,6372.709792246699
15791,5316.367516875191
15792,6373.616369416877
15793,5839.203201449353
15794,6498.550133358642
15795,7565.341926505316
15796,5178.262300953953
15797,3701.8391817650813
15798,6932.670314301019
15799,7753.576131017115
15800,5276.553882383568
15801,6421.126752569932
15802,6880.639145299374
15803,3422.582470298257
15804,8142.705099661788
15805,6017.023804168146
15806,7025.558663358161
15807,5506.541503724248
15808,7808.986525384805
15809,5655.434322000335
15810,7455.2333750521275
15811,7419.546886569832
15812,7629.55390629992
15813,7999.776935041536
15814,6610.864468192614
15815,6399.322866356894
15816,5628.710529977603
15817,5269.552585307197
15818,5722.713747453
15819,7315.314851633639
15820,5402.48408
15821,5560.111693643317
15822,5869.224065765001
15823,6618.256604035607
15824,5987.9673734606
15825,4400.921325942091
15826,6355.380086597744
15827,6196.908291537513
15828,6896.503710840982
15829,6575.053637273199
15830,5994.983468100367
15831,7500.857892289718
15832,7487.03625931531
15833,7029.99656945702
15834,6785.483856043836
15835,5227.089269816742
15836,6661.781874271958
15837,6211.06239540446
15838,7907.161148955118
15839,7937.587937360256
15840,8507.887446967019
15841,6290.9717330548665
15842,4271.4262132135345
15843,7779.216624503722
15844,6403.822232721776
15845,7680.507183815353
15846,4316.95596237869
15847,6777.208764713354
15848,5892.175715954754
15849,7508.3650967368885
15850,4068.8502540577524
15851,7733.726571150578
15852,5263.284851848931
15853,7594.59638075659
15854,5659.971743278017
15855,7045.0264699446925
15856,7508.116302948484
15857,6366.672884231206
15858,6550.576058966491
15859,6469.127674736381
15860,6361.030323489518
15861,6674.024754764581
15862,5582.007932981915
15863,7115.972223535005
15864,4127.033940347052
15865,6526.102922741902
15866,5474.7290174305035
15867,4942.090394999127
15868,5692.778074035139
15869,6119.025073278422
15870,7086.596946702473
15871,6074.20472298774
15872,4575.313205177589
15873,4322.708098141062
15874,6950.105195112245
15875,6512.113488484012
15876,5797.647750033014
15877,4746.177318276095
15878,6193.225221565865
15879,4113.067185839986
15880,5561.9297522061015
15881,7371.8057816699
15882,5651.660128096998
15883,6291.306245301578
15884,6822.013291897724
15885,7178.989331527404
15886,5656.871087255689
15887,6819.304372638254
15888,7365.413905843565
15889,5723.874125294996
15890,6354.598418263731
15891,5802.105717314676
15892,7145.272403836719
15893,3848.4093357967263
15894,6441.44923274344
15895,5558.792705275185
15896,6934.103554700839
15897,5818.9132628372945
15898,7419.8807386159915
15899,4278.238927756995
15900,4789.59697
15901,7024.688206332779
15902,7359.003706849637
15903,6521.482304934751
15904,7396.495723432022
15905,7799.669948300777
15906,6569.03686055775
15907,5881.286416761365
15908,7076.932110121836
15909,7224.313318242497
15910,7063.651299142872
15911,3182.6997227900392
15912,6520.284643450783
15913,3494.476224290855
15914,7033.017432915517
15915,6139.227378416409
15916,7183.268856018481
15917,6502.277471996277
15918,5785.807943059131
15919,6187.6191289429
15920,3821.8976624340416
15921,5437.501745888439
15922,5087.575492293356
15923,6079.929680047883
15924,7910.9947170757705
15925,6150.932511088409
15926,4200.97375
15927,7812.7230685906
15928,5747.176570196957
15929,8412.43924405474
15930,7968.445045608793
15931,4167.451413122081
15932,5052.531587413325
15933,7519.599219901507
15934,4414.420528961783
15935,7094.221793674367
15936,7633.349566658489
15937,3973.1003044338913
15938,5576.924191917216
15939,5330.839990006154
15940,3716.3364899626013
15941,7948.478378113127
15942,5536.0795490774935
15943,5941.845281865601
15944,7617.5315522779
15945,6252.803021244829
15946,7949.4463207291265
15947,7520.495131587105
15948,5740.983986569068
15949,6209.192484600406
15950,4175.53657208059
15951,5618.430280667047
15952,5616.237886600034
15953,4344.640686684859
15954,5191.6454141863915
15955,6624.851222093518
15956,4869.381793307924
15957,7418.475775056974
15958,6184.462248871016
15959,7600.506777871617
15960,5863.98826847597
15961,7302.784259194779
15962,7274.476490878717
15963,6391.933955793601
15964,5348.857129673444
15965,7430.449136595636
15966,7672.220349544629
15967,6097.629682200113
15968,6546.21816444041
15969,6695.668457088384
15970,6327.4342782164795
15971,7456.8640334326465
15972,6605.828544081033
15973,6580.252049295896
15974,4818.532566827613
15975,6777.271266683445
15976,7327.973375733968
15977,3960.2945587922345
15978,6336.257066605179
15979,7575.136289039386
15980,6368.4096044498
15981,5659.032326149444
15982,5827.778609702843
15983,5556.225389153684
15984,6414.849828367361
15985,6120.627656785189
15986,6971.707666161506
15987,5174.745890144008
15988,4509.625895321691
15989,7262.55564026693
15990,7551.100245321784
15991,6574.691005258171
15992,6867.249702798643
15993,5931.33571879287
15994,6699.346863564499
15995,5638.556970824641
15996,6134.885552626551
15997,5036.616730980994
15998,5676.593359203206
15999,5520.043335590726
16000,7230.132048330921
16001,4631.285197254423
16002,4124.390033080607
16003,5424.284362296727
16004,4306.4566512752535
16005,6082.624178506666
16006,3883.8533060380446
16007,7401.603327797288
16008,5304.550857831002
16009,5529.107295297567
16010,4964.006064670799
16011,7600.778436203436
16012,5192.614760938941
16013,4509.236382366521
16014,6435.497781386669
16015,6839.997786894949
16016,5702.832217796766
16017,6948.960682065848
16018,8232.952287632777
16019,5337.807739035811
16020,4230.25684813104
16021,5384.350753335966
16022,7418.65969292463
16023,7613.022350712631
16024,5648.085728686775
16025,6196.028886247355
16026,7402.982199822741
16027,5557.85765452369
16028,5610.169938792525
16029,5627.862764238228
16030,5595.106331107677
16031,3955.67986396134
16032,7623.3283756356805
16033,5607.049731628578
16034,4973.623628816321
16035,6044.718698285049
16036,6719.447662609101
16037,4243.413095417549
16038,7619.382356602312
16039,5278.551242476728
16040,6429.593668597661
16041,6714.654732915862
16042,5287.606828965743
16043,5846.47056920708
16044,5381.2005940906
16045,8570.929408224143
16046,4826.164227275004
16047,6988.232754374928
16048,6517.020495092371
16049,6669.633099033976
16050,7102.365531964863
16051,7389.516856441892
16052,7507.645296074265
16053,6800.538604968853
16054,6346.2181693350585
16055,7297.134902029607
16056,5977.577542401698
16057,4320.813319085621
16058,7126.423336289138
16059,3948.986629260304
16060,7237.626885394309
16061,5402.783921708966
16062,8523.425596340598
16063,5508.147546142574
16064,6329.905570796598
16065,3911.460237195363
16066,5085.419958463558
16067,6014.416624858093
16068,4871.4640006065765
16069,4244.551069869727
16070,5526.460679354424
16071,2708.8605664415636
16072,6235.458463509902
16073,7004.162581901773
16074,7420.652979579024
16075,5561.119059055899
16076,5544.005906235008
16077,5285.630948823432
16078,6135.770945169241
16079,7231.313585551622
16080,6525.074447701256
16081,7210.463659700671
16082,6552.218190467086
16083,6291.232666419998
16084,6202.415786742202
16085,7083.238423127359
16086,5613.948806041782
16087,4218.326875302337
16088,6971.03495120826
16089,6989.745230759495
16090,7639.737170350878
16091,5458.921485874663
16092,5866.555877459074
16093,4029.139182852499
16094,4278.061491058689
16095,3054.224923322981
16096,5128.827869366932
16097,4293.095845856068
16098,5565.248074975922
16099,5412.140217272694
16100,4440.118245921487
16101,6377.223571601527
16102,5938.204612505576
16103,4103.48670280875
16104,6329.167302910054
16105,6423.800773882968
16106,3874.613095705273
16107,4424.7787117451935
16108,5199.112974039044
16109,5119.948423041326
16110,6547.095634424294
16111,6703.877926154265
16112,5754.562637609439
16113,6781.570084007597
16114,6850.9924268963805
16115,7973.320357659153
16116,5564.7740876204325
16117,5328.897006139595
16118,6613.554062229066
16119,3939.1546423052814
16120,5654.630866909155
16121,3798.308644928008
16122,6224.381440681946
16123,8196.960401399745
16124,4946.126571385599
16125,4942.065094033644
16126,7354.274494545551
16127,5674.658549536069
16128,6182.75087
16129,4913.513191066137
16130,5540.1602503797285
16131,5236.914365553833
16132,6421.897628164328
16133,5857.003383455382
16134,4740.497493247914
16135,6364.959128416074
16136,5357.934495780136
16137,6211.3911539036435
16138,5375.542335414115
16139,6418.271146447019
16140,6245.792611907156
16141,6278.798674786868
16142,8077.668398195153
16143,7183.895290647381
16144,4839.50754340053
16145,6670.419003529831
16146,7539.124321336468
16147,7861.40984185122
16148,7144.205662672624
16149,5128.041594472836
16150,6171.9731909543425
16151,6816.818143268783
16152,7163.249429727206
16153,6732.588128735991
16154,6679.573979005202
16155,7196.497169000888
16156,6492.449551454371
16157,5931.662062035974
16158,7584.803125127201
16159,8292.711540403907
16160,6687.856334931007
16161,5206.200388846377
16162,6279.993197179256
16163,4865.150769757791
16164,4486.854907767718
16165,3854.1247644345194
16166,4083.1850264643094
16167,5305.659743486934
16168,4281.831866129894
16169,6393.779501891351
16170,5958.255181740938
16171,4025.453510688035
16172,7178.772135611415
16173,6330.5950247465125
16174,6057.03819125255
16175,3471.1923175161755
16176,4159.184076119102
16177,5046.884334659041
16178,7035.077288425111
16179,6017.274355473595
16180,5924.173952035997
16181,6893.811876759984
16182,6387.8991806092
16183,5846.160445702522
16184,3222.1434152862685
16185,7165.206821498061
16186,4544.47170149788
16187,5823.309913430422
16188,5259.940744218462
16189,7865.128466525969
16190,5368.207543893713
16191,7919.653400341373
16192,7206.906113924574
16193,6501.705140622353
16194,7326.372702894716
16195,3192.6386762933043
16196,8482.301337226716
16197,6563.4792204088935
16198,7423.878464177336
16199,3807.613633285787
16200,7787.990690203642
16201,6015.679418062174
16202,7462.730061465472
16203,5721.12500768438
16204,4119.967167938298
16205,7238.249483633706
16206,6661.335940594472
16207,4588.521318571616
16208,6874.428872596442
16209,5381.123499690688
16210,7297.7321000054535
16211,6808.599132400276
16212,8063.276650236662
16213,6833.625199776916
16214,5575.305543269104
16215,6499.956505103545
16216,5874.078172060807
16217,6069.769666747595
16218,4951.838245852152
16219,4325.192332067418
16220,8002.786652400832
16221,5892.424536361079
16222,7995.959691888753
16223,6700.310108026315
16224,5644.657099368297
16225,5820.5968267717035
16226,6235.014255741596
16227,6145.132901604044
16228,4317.55267032967
16229,6760.691149198319
16230,4331.7148828819345
16231,7500.297099752901
16232,7679.620740284962
16233,4230.710366877553
16234,6645.686451179539
16235,3724.6478423652006
16236,4714.067816386169
16237,6787.01116033736
16238,4701.303857918566
16239,7649.760373769129
16240,6369.786652090587
16241,6087.752590313648
16242,7101.739970991949
16243,6061.8569637416795
16244,5943.633509729174
16245,6570.114374592781
16246,5333.87471484441
16247,6860.503722475437
16248,5403.773087854469
16249,7222.128504924965
16250,4424.529175392568
16251,4101.576480597646
16252,7618.853841534344
16253,6682.7703191028695
16254,5709.4619305250935
16255,3398.4663386375796
16256,3703.309946633109
16257,5962.572439073837
16258,6818.343104701811
16259,6251.323115920499
16260,7351.706029937825
16261,5719.299610449791
16262,6222.2338827351305
16263,6279.365101310414
16264,6964.966307753711
16265,5902.154168694888
16266,7383.820173141806
16267,5446.5445246903455
16268,3965.877506127778
16269,6006.03080698743
16270,5664.520625412463
16271,5510.819398661214
16272,5943.366347184199
16273,5593.846824043004
16274,5493.105355233095
16275,5444.602929954238
16276,6357.05188509658
16277,4469.982341387932
16278,5907.415923303735
16279,8223.4685663567
16280,4626.283925971344
16281,4130.735895291352
16282,7453.303077720374
16283,6528.599710030023
16284,7576.370758929824
16285,6340.23213173307
16286,8567.044864042693
16287,6309.021408064916
16288,3354.941149737964
16289,6800.3247081412455
16290,4664.661915338679
16291,5932.547485265698
16292,5370.475832895031
16293,6774.598717651714
16294,7008.156926537685
16295,4824.161669363657
16296,7196.727061800701
16297,5133.762067866045
16298,7247.413936878669
16299,6399.007649119305
16300,7997.640042801688
16301,6633.982698546085
16302,4442.832596046303
16303,6446.090477437379
16304,6544.405027729226
16305,7223.067744969734
16306,5895.574526557213
16307,6228.5209408247565
16308,5341.575757401376
16309,6153.52040631186
16310,7450.1202707618
16311,6484.17876635374
16312,6291.783842086408
16313,5748.66027665838
16314,4841.939863104023
16315,7817.658465709192
16316,6032.532336981242
16317,6947.150269259637
16318,2839.2903319093007
16319,6532.8954602736985
16320,5972.855480077636
16321,6792.8129366134535
16322,5252.087573613
16323,4797.145442300655
16324,6933.180426830884
16325,5670.215821126506
16326,4520.997195011486
16327,5289.183662934735
16328,6399.1591073418695
16329,6630.844731723527
16330,5330.777608326435
16331,6830.732108885954
16332,5858.948725021374
16333,6716.393446844176
16334,4598.731630047746
16335,5747.840572834503
16336,7945.18784
16337,4766.9825131312155
16338,7406.663208315493
16339,8086.053603103003
16340,6143.545603051009
16341,5779.523904756387
16342,5474.096329479589
16343,5048.1302187036135
16344,4975.957790181113
16345,5912.997055819399
16346,6482.859010412184
16347,5883.409717000255
16348,7667.374810584583
16349,6158.969763439734
16350,8511.293147511791
16351,7074.383526207418
16352,6231.364638988662
16353,7895.48212542567
16354,4245.890331148996
16355,4238.0377223151645
16356,6787.78927081968
16357,6329.758006482208
16358,6887.466086974533
16359,6040.325947581972
16360,6533.779023918902
16361,4842.959819171979
16362,6146.975740080745
16363,4436.041252009105
16364,7279.294317247939
16365,5042.619948664415
16366,3757.3734904433986
16367,7479.929967871342
16368,7180.0308755293
16369,6620.926430619627
16370,5870.672346999756
16371,6040.317052093444
16372,6911.238246252641
16373,6316.35400189512
16374,6816.390481960925
16375,4532.618991678715
16376,4767.946221087827
16377,6607.40479907789
16378,4274.884032750156
16379,7395.085330019422
16380,6272.757570657997
16381,4528.307297612835
16382,2688.303324580778
16383,4248.420928612048
16384,6888.035056794692
16385,6234.486525619464
16386,3517.5803359939136
16387,4568.6385986842815
16388,5096.286554154496
16389,6596.390185584125
16390,7216.236933152997
16391,5516.570690575052
16392,8347.66218886845
16393,6019.741576983273
16394,7604.466739553685
16395,5619.263618400843
16396,6927.228280904548
16397,7522.118014894731
16398,4408.340541817252
16399,8065.989837962483
16400,5959.70329439302
16401,6607.842322425851
16402,7512.890104396711
16403,5172.843676461619
16404,4773.708427048997
16405,3571.230326312471
16406,6925.996733253404
16407,7785.548318135283
16408,6196.221185704068
16409,8061.211290686814
16410,7595.668833545023
16411,5494.21505502263
16412,7278.343382231962
16413,5254.859946631294
16414,5866.790851731913
16415,7686.601995722821
16416,5311.728875799266
16417,6366.241495691067
16418,6968.35659117917
16419,5163.407249942547
16420,6137.797408325692
16421,7287.776519953212
16422,5648.912797778493
16423,7520.166457782418
16424,5301.041042982283
16425,5696.28385117636
16426,4993.052498360149
16427,6013.38836184764
16428,7506.341161075943
16429,5780.314593539117
16430,5502.244210903332
16431,6623.179666938578
16432,5400.774234869682
16433,7476.019249456839
16434,5064.545458217085
16435,3784.4661762770147
16436,4679.636234597948
16437,7939.450948265543
16438,7142.348562658364
16439,6733.487224989802
16440,7123.403355897661
16441,7410.960468434391
16442,6692.175706805867
16443,4561.623879877078
16444,5971.588943328923
16445,3938.8795879497575
16446,2995.0680195626296
16447,5978.93182487862
16448,7158.049898842652
16449,6380.076068053164
16450,5057.075501211607
16451,7564.072778776044
16452,5680.024556572706
16453,4489.469712676093
16454,4580.83932270354
16455,7608.621820352348
16456,6164.103887440049
16457,6426.048490800797
16458,7357.35889606935
16459,6594.779016944411
16460,6442.782506015846
16461,6386.038571477057
16462,6096.796894875039
16463,7978.801437549464
16464,6733.6714572141545
16465,7162.294024408289
16466,6832.102606550955
16467,5530.301521617932
16468,7053.484585166964
16469,7667.2308982959285
16470,7466.966799483361
16471,6558.178545093699
16472,5437.580027771562
16473,2508.382366944535
16474,3317.8038248579837
16475,5089.328285018061
16476,7040.716587409073
16477,3862.2372223016973
16478,6759.2234283923435
16479,3634.35151230899
16480,7007.693948788253
16481,5323.990802843699
16482,5368.054693278351
16483,8032.756718651959
16484,6734.139408464728
16485,7474.09112421851
16486,6562.208127750314
16487,6709.95644991512
16488,5783.181914560942
16489,7455.437954909198
16490,6323.847866061836
16491,2379.9052100021727
16492,4868.002354283062
16493,6468.249072376855
16494,5351.835634843661
16495,6563.137372145124
16496,6294.297194054153
16497,7174.653884657345
16498,6281.679855437624
16499,5689.317839245847
16500,7843.442578323546
16501,5826.221911938645
16502,7547.838638294362
16503,5779.964175968731
16504,7041.606857802118
16505,6561.681247435388
16506,6571.179529249942
16507,6139.209713496849
16508,7952.80229347658
16509,6320.920281418231
16510,7260.178029863231
16511,6630.386621716019
16512,7117.671660497892
16513,7310.251584332455
16514,7802.848787868349
16515,6719.35812004983
16516,6157.8692572112905
16517,6511.594237900689
16518,3979.2300917331463
16519,5665.588829729742
16520,5932.030794747572
16521,6757.373084228397
16522,5740.944899839078
16523,6608.2672966459695
16524,5640.677290623083
16525,5915.203949972305
16526,5158.868687724615
16527,7362.532343261371
16528,6298.964124554027
16529,3982.3152562786017
16530,4890.60530739631
16531,5780.852530166657
16532,5603.636768501173
16533,6089.412546572489
16534,7424.704968450148
16535,5233.351173750634
16536,6467.301005133475
16537,5358.454592910378
16538,5935.530663847611
16539,6143.84760509848
16540,3903.260673662278
16541,5799.910782311488
16542,5748.545234764072
16543,6866.010323683857
16544,6087.206878449046
16545,4280.848232663825
16546,5162.356180586001
16547,6263.065856390545
16548,3970.479660801261
16549,5083.575079669638
16550,5744.011672606699
16551,7424.566281259975
16552,5339.156708147762
16553,7901.630570728405
16554,5859.161122010077
16555,4422.921191554637
16556,6159.77776584705
16557,5841.112707753355
16558,5750.232739564688
16559,7059.356744447602
16560,7079.688989805317
16561,7670.775141498896
16562,6651.981858261849
16563,5737.4417904357415
16564,8951.543268648978
16565,7582.4856861494145
16566,6836.4427053453655
16567,4947.599504869417
16568,4134.190604696484
16569,7043.649385256488
16570,6862.627698941887
16571,6223.629404484145
16572,5589.791754233331
16573,7240.688461213427
16574,6323.749257975895
16575,7722.8600509094795
16576,5993.964652859244
16577,3976.4396340745766
16578,3306.5095104300767
16579,6254.465831385331
16580,5818.300841330426
16581,8174.484258483906
16582,4077.8631463725314
16583,3310.735350276816
16584,4669.638486553236
16585,6606.755432310022
16586,5668.240904569718
16587,6708.130988220805
16588,6671.431843955861
16589,7611.818040297889
16590,7124.620297572537
16591,8366.213773145717
16592,6896.192206432848
16593,6812.640146808018
16594,7368.811341003073
16595,7148.970202171691
16596,4672.482896789092
16597,7512.334148763744
16598,5685.19662872188
16599,3030.4202704704235
16600,6030.980777843352
16601,5318.982888237904
16602,6686.453059947558
16603,6187.63946186992
16604,7373.7151745845385
16605,6140.20976370273
16606,6809.74793043131
16607,5576.793574586089
16608,6869.908613598431
16609,6120.884918164652
16610,7535.890745614982
16611,6987.664866456031
16612,7122.418809494147
16613,5131.228971466027
16614,8426.947930437482
16615,5275.513388473029
16616,7156.287164340603
16617,7295.327118133733
16618,8238.989326996243
16619,5340.022817420006
16620,7587.743007488681
16621,5802.510231861159
16622,4783.550918783771
16623,5316.9332145439985
16624,5102.39816099894
16625,6927.6646642150245
16626,6565.779307040355
16627,5560.911244257252
16628,4901.504673382906
16629,7637.045410617317
16630,5292.852749490709
16631,7338.014478990191
16632,7264.584223954852
16633,3360.6031140279697
16634,4683.261090050735
16635,3998.05416
16636,5523.519349431398
16637,6636.538930417267
16638,4176.062437836618
16639,5646.326462839533
16640,7349.043426214859
16641,4860.729833914164
16642,5330.328567803424
16643,5361.220054664535
16644,7316.443037101023
16645,4475.078405847908
16646,7951.4013830079275
16647,6681.5907630881065
16648,6061.704414874296
16649,5729.7150572403
16650,6608.779022760492
16651,6424.98844428224
16652,5872.035318646678
16653,5811.413090176946
16654,5220.371911537725
16655,6342.9646156493145
16656,6826.61833073814
16657,8132.958883111726
16658,7527.408863314795
16659,4748.531816876191
16660,6626.540874960825
16661,4720.7467480224595
16662,6230.706780488825
16663,3998.0519201338334
16664,3838.2662589901784
16665,4062.742417047779
16666,5838.281954354141
16667,5869.33001006132
16668,6940.885606472028
16669,6709.299872392189
16670,7628.226762996265
16671,5701.996335576678
16672,8117.541859088755
16673,7555.15476133584
16674,3705.759344403184
16675,6050.087347231369
16676,7120.278072575143
16677,5942.437384396522
16678,8620.467498442966
16679,7138.6173726287525
16680,4045.158999256629
16681,5867.429976699667
16682,6507.244831669881
16683,6404.183183074669
16684,6473.043069742751
16685,5718.826027232463
16686,6292.388288667491
16687,4190.929116350654
16688,7162.828397804406
16689,7192.265653768946
16690,6734.162516352208
16691,6151.444497172156
16692,7464.151856586905
16693,4176.625426556456
16694,6131.32342998685
16695,4916.2702228661865
16696,6424.955891486115
16697,7798.877039350579
16698,4771.641685529886
16699,6928.178094977387
16700,8201.334102703982
16701,4205.036414790689
16702,5242.195310390825
16703,6293.68764829362
16704,7015.5399389426175
16705,7690.3372544398235
16706,6072.13064349898
16707,5773.1662688910465
16708,5154.97591
16709,6231.444522441493
16710,5677.539097727088
16711,4088.357373423237
16712,4943.4557091386605
16713,6753.526285604058
16714,7971.369860508924
16715,6899.756664257348
16716,3939.8675079305135
16717,5830.237848852309
16718,5695.158455769801
16719,3471.2103615275964
16720,6478.6225608529085
16721,6192.450835090252
16722,4076.700641674563
16723,7644.6184655438965
16724,5128.112918332063
16725,6997.6826346781345
16726,4232.880676283854
16727,5348.669776388196
16728,4052.9024074808844
16729,6216.845528861087
16730,8083.346109416306
16731,5773.556719961387
16732,5938.149722575355
16733,7155.312864459182
16734,7578.957914652925
16735,5292.375813524773
16736,6017.550477748635
16737,6439.789781346411
16738,8281.67675416809
16739,3565.587446575974
16740,6343.415851624343
16741,7662.415544359316
16742,4774.150270042708
16743,3779.124452549217
16744,5038.977190758637
16745,7512.923539027616
16746,7115.131344530572
16747,3386.5214162411903
16748,6180.167387597159
16749,7507.706162769101
16750,8104.715607504058
16751,6299.136293597992
16752,7032.763164139133
16753,6641.986301241611
16754,6493.202969766409
16755,6191.842149953865
16756,5014.169460884384
16757,6483.975256718812
16758,6463.093583043455
16759,6831.615500629824
16760,7051.046630437622
16761,5955.952346702732
16762,7127.159843876566
16763,4645.919701634065
16764,5468.969218667479
16765,6075.459172063923
16766,6557.406138537569
16767,6087.426201554471
16768,5506.8438413607055
16769,7102.505482470655
16770,5371.109458507417
16771,3803.6053077907195
16772,7083.089229347316
16773,6378.231035369457
16774,5130.584946205413
16775,6349.504770526658
16776,6731.427992446841
16777,6263.557357258643
16778,7609.880317976203
16779,5495.388706612622
16780,5432.195985100203
16781,7099.20309663779
16782,6960.078474751045
16783,3477.978387719133
16784,4106.383079463002
16785,8206.035249506098
16786,8174.034996705433
16787,7560.098116069763
16788,4786.538469265533
16789,7305.989267409408
16790,5092.410837164069
16791,7122.942430184251
16792,4737.804672572689
16793,5240.034640007991
16794,5668.277469122154
16795,6134.666937036568
16796,6798.632583193519
16797,4672.284066837856
16798,6973.199396600307
16799,5937.649388238042
16800,7175.74692380187
16801,6376.088115327744
16802,5615.974356884839
16803,6348.959438747777
16804,6196.790366437351
16805,6107.244157150692
16806,8340.192405517855
16807,5414.6867774172215
16808,7551.717534049005
16809,4507.851288511448
16810,6246.916242417309
16811,6726.014844877514
16812,7196.680135812077
16813,6420.707754698073
16814,5787.34186305655
16815,5686.308865424129
16816,5891.578977671454
16817,7938.190843120907
16818,8248.562675759309
16819,4612.468403419779
16820,5247.190311922477
16821,5819.680954915838
16822,7596.292886030986
16823,5999.556683078696
16824,7134.054617981116
16825,6154.908293371838
16826,5128.330522107228
16827,6333.254831778715
16828,6001.325457216374
16829,5940.610761803286
16830,5461.772451255098
16831,2962.4997913077195
16832,4221.991233462982
16833,5680.907488287878
16834,6242.7507381516025
16835,4841.969759585555
16836,6288.3583084895145
16837,6852.85483602036
16838,7481.567871405722
16839,3740.2251724409566
16840,8074.877325232859
16841,7506.769627497922
16842,6422.770796550232
16843,7330.80585045405
16844,3672.9522813144877
16845,4769.398415435046
16846,4052.665873874753
16847,5699.0417823438975
16848,6432.924669422798
16849,5882.965265856171
16850,5005.846586479038
16851,7036.083152852618
16852,5956.435634652474
16853,4717.427169221605
16854,7417.414383625214
16855,3759.923587428047
16856,4715.578028121078
16857,7792.041673527358
16858,5456.616076904211
16859,7068.903733713291
16860,5995.025530972227
16861,6124.569082470325
16862,5743.553178217147
16863,7206.602713454533
16864,5395.463392042233
16865,4219.659137565973
16866,6418.837519188977
16867,8274.026993769587
16868,6354.054732307327
16869,7596.911991057214
16870,5470.150518604072
16871,5154.670946777705
16872,6348.5767362117795
16873,7029.448830658309
16874,4761.463953741156
16875,6312.589737647543
16876,6009.852937023799
16877,6959.528231119615
16878,8555.08795162921
16879,5420.156749007584
16880,6120.599636316307
16881,4529.150056115751
16882,5872.252008328643
16883,6331.01735062414
16884,4243.813081668181
16885,7564.71304859399
16886,7281.003029460126
16887,7060.370043423955
16888,6872.0414985199395
16889,6652.669981383569
16890,6475.89456
16891,6775.22608899984
16892,5867.517861720042
16893,7199.785756803909
16894,6533.45533949248
16895,5047.437930535671
16896,7170.2974065913095
16897,6345.672505854728
16898,4153.717939452525
16899,4317.874884015627
16900,5820.3021681554865
16901,6302.536537523095
16902,5605.420711595981
16903,7234.820694397606
16904,4408.243181737898
16905,4168.216116992144
16906,5644.065945763228
16907,6755.213551755862
16908,7451.562851607192
16909,4336.260276465073
16910,6376.310657272177
16911,5134.1928736661375
16912,5540.676673562717
16913,4268.336957632137
16914,5529.8509010793505
16915,6595.574530250794
16916,6144.518274984984
16917,6846.230459885626
16918,6340.106176512624
16919,7462.972064666412
16920,4574.018979356787
16921,7504.341650235963
16922,6888.6929253826365
16923,6430.994925783311
16924,7429.750406293306
16925,7261.867855492875
16926,6285.458358182507
16927,4883.992474578103
16928,6453.522533661988
16929,7232.094354943381
16930,6869.421642862748
16931,7038.611146371259
16932,5514.847699759228
16933,5116.557557685784
16934,4240.99465020913
16935,5699.26117993579
16936,5940.843011087163
16937,5930.173502847104
16938,7479.630070332324
16939,5963.117616168615
16940,6670.55617072068
16941,6908.181468271841
16942,3948.986867803163
16943,5442.3125370557955
16944,7222.350311843652
16945,5565.6803123542795
16946,6153.39109555313
16947,6251.24217727852
16948,7185.997904706896
16949,4336.008423145513
16950,7140.928365009725
16951,7830.447459130934
16952,6196.29776581545
16953,6580.86243737993
16954,7129.748625004508
16955,7354.890310315706
16956,5678.956651130785
16957,3836.205875365575
16958,3659.8057859652986
16959,5628.417163722785
16960,6892.798523185352
16961,7294.741719109503
16962,5312.582911585808
16963,7124.9809692127355
16964,5712.749854663569
16965,6948.317708625773
16966,5984.632666296052
16967,4835.670008936023
16968,3243.6535675464233
16969,6338.68210963315
16970,6382.942287583752
16971,7359.544555010914
16972,6216.799173501983
16973,5758.3893830145435
16974,8027.7215115462095
16975,6429.872800555214
16976,6279.162997734032
16977,8189.8971471102
16978,6620.920626079652
16979,5575.185309733651
16980,3394.4265371454744
16981,5805.0422788682135
16982,6427.666188274699
16983,4996.623119952821
16984,4384.16302065552
16985,5523.048814114518
16986,4699.69694834439
16987,6521.523740086032
16988,5439.951605506048
16989,6656.981415560275
16990,4952.013035376092
16991,5233.657743344315
16992,5111.656471657129
16993,7296.631725910554
16994,6303.181193483848
16995,5125.863185431868
16996,6916.735797388456
16997,7345.459191729677
16998,6839.296033201426
16999,6147.5537911850415
17000,5583.429666742831
17001,6298.786741911727
17002,5315.609562621132
17003,7343.809775856234
17004,7618.501833567089
17005,7169.5238350201225
17006,5347.859941354553
17007,6131.465396811633
17008,6487.729309666334
17009,5881.1911780924365
17010,6698.408767266837
17011,7458.975208811222
17012,6824.635512484451
17013,3920.9941469378005
17014,4218.235669861907
17015,7515.706242822842
17016,7503.6605497037335
17017,5356.168757566125
17018,3723.947889820641
17019,5370.083318324364
17020,5861.780987257363
17021,4951.9230070072435
17022,6421.766123101799
17023,5994.271187642307
17024,6251.854385918855
17025,5938.761044195523
17026,5528.587370050203
17027,6143.232827430512
17028,5576.424316875558
17029,4786.229141409534
17030,5188.785655500085
17031,6988.944564379496
17032,7161.036095162408
17033,8118.304892897303
17034,5334.754611380706
17035,4973.215611566949
17036,8166.590303717451
17037,6564.677065613176
17038,4030.633672712901
17039,5788.450656403057
17040,5606.6996753009325
17041,4584.623505338862
17042,5875.264075487397
17043,5628.71058674319
17044,6937.607752624474
17045,5994.783594600505
17046,5334.760832695067
17047,4182.2720227272675
17048,5743.302845357585
17049,4935.159764350846
17050,7082.110535898719
17051,6921.251985405494
17052,5453.731226269065
17053,6933.600192699775
17054,4727.186360456311
17055,5492.6437002555385
17056,6499.203138521019
17057,5445.393984182433
17058,5350.001949059734
17059,5139.61377170606
17060,6948.534933938724
17061,7214.958454512522
17062,7131.287958491064
17063,7633.6309052236875
17064,6158.482982061268
17065,7896.3532304385735
17066,6614.475117629925
17067,6832.209741940033
17068,5357.933860984781
17069,5410.709170883783
17070,6190.5435655963265
17071,7249.398023966633
17072,6260.979704536577
17073,5714.973776118133
17074,7765.348160470227
17075,3877.1116168635826
17076,5896.284160340703
17077,6572.348775887528
17078,6725.0357240107505
17079,5853.48357487823
17080,6574.318385262304
17081,6850.434601497777
17082,5388.940437164969
17083,7138.533662377519
17084,4823.908403054091
17085,5137.047286505928
17086,4290.68618894339
17087,4953.250625318519
17088,4168.863593441153
17089,5534.73365990071
17090,4269.070202495816
17091,6909.819480697436
17092,5264.26918611524
17093,7805.351590092567
17094,7486.280761152052
17095,4534.543718515652
17096,6300.197500270905
17097,6547.667867672201
17098,7356.631400907106
17099,6752.736500223389
17100,8298.206788112202
17101,6531.900117875589
17102,6221.38044327585
17103,5397.5779841597905
17104,5829.964955892387
17105,7138.569945365048
17106,5276.258174675317
17107,7581.680650432485
17108,5405.32923766727
17109,2379.905211607236
17110,5799.103268233985
17111,7065.490220892688
17112,5077.475071823802
17113,4912.376599465079
17114,7131.988209195997
17115,7175.661508616545
17116,6213.980642411281
17117,7547.546658119877
17118,7334.062064160174
17119,7026.7356862652905
17120,7887.473318794115
17121,6410.711207274587
17122,5826.780285665165
17123,4200.9939614688765
17124,5637.503590646488
17125,7076.227552385355
17126,7053.813793181075
17127,4337.563749713883
17128,7378.314986919328
17129,4731.934620395353
17130,7160.56180099872
17131,5229.009815504595
17132,6204.940271578001
17133,3978.887320524399
17134,6211.234615511032
17135,7344.486392182141
17136,7125.293320306378
17137,4553.846892559639
17138,6441.866865594746
17139,6609.194221982347
17140,5821.114635822889
17141,5704.08568484117
17142,6110.593883317592
17143,6890.106101869851
17144,5223.955276052319
17145,6663.277482849806
17146,5658.01035403459
17147,4317.779087833432
17148,5458.46108499578
17149,5449.718692810106
17150,4568.310782898591
17151,4625.849534579757
17152,8413.086302592392
17153,5495.726024125533
17154,5762.064639966285
17155,5399.907703849623
17156,7610.236579077587
17157,7194.21665275042
17158,6166.053966013403
17159,5552.649898251449
17160,7352.804191935034
17161,5964.321781443039
17162,4221.049569247069
17163,6743.539420698109
17164,6140.108423196446
17165,5937.605166051887
17166,6413.941586317477
17167,6859.163501766124
17168,4461.301268426281
17169,6614.33831691489
17170,4373.577393569363
17171,5770.605649120791
17172,7099.2241427633735
17173,5294.940411464151
17174,5496.869587847601
17175,5110.903449224338
17176,5350.659318332995
17177,7387.916054625369
17178,5807.664787025589
17179,5854.73426764092
17180,6821.809920381657
17181,5421.309693385692
17182,5469.911665320257
17183,6670.258363344412
17184,7033.485247533133
17185,4897.965085325898
17186,5211.823968497775
17187,6470.512481164773
17188,6610.366236909086
17189,7122.359113367823
17190,5948.145536775134
17191,6940.767020267455
17192,6039.092729193847
17193,4432.645582516514
17194,7998.491717253174
17195,6242.470130084513
17196,6261.431002306882
17197,5325.460176879948
17198,6420.750486892488
17199,7240.188492928288
17200,5373.621819078796
17201,4264.49213138389
17202,6350.016080142626
17203,5685.063802671949
17204,6461.912026325951
17205,7595.810377646054
17206,7578.7414611792565
17207,7801.882687184479
17208,6671.072666538544
17209,5812.973273488318
17210,6199.338749006207
17211,4155.78413572151
17212,5695.415144145498
17213,7529.128698835969
17214,7045.080486379031
17215,4869.117586501914
17216,4735.392955276262
17217,6595.381230620765
17218,7028.678623915076
17219,5422.3164613419085
17220,7071.615290518925
17221,5128.458726346429
17222,7104.919580436886
17223,7023.568516153395
17224,5068.933331293571
17225,4967.021996427771
17226,4249.44326904885
17227,7086.582517553947
17228,6660.539555639711
17229,4286.967069011519
17230,5462.820004675172
17231,5519.120769693633
17232,8206.900353827781
17233,7777.21184243127
17234,5910.957252776522
17235,7057.168345170232
17236,6490.738560432263
17237,5023.30581602747
17238,7554.549840221673
17239,6479.934948494885
17240,4629.107192930581
17241,6547.640569223501
17242,5097.149531870794
17243,7272.195377631463
17244,7675.045726230495
17245,6167.831071811584
17246,6679.834100309125
17247,4423.540307697962
17248,5158.699164368672
17249,6883.597155412953
17250,5004.626988403525
17251,7008.1457237292825
17252,7715.037954403145
17253,7279.93641256089
17254,6412.438161856041
17255,6540.896935902277
17256,6606.5507401454515
17257,8292.42902442319
17258,5494.702387718708
17259,6405.2124934177145
17260,6875.794191024573
17261,4572.349424716497
17262,5934.52518815038
17263,4488.06084602375
17264,6310.690043690898
17265,6450.343365575615
17266,6457.516349127952
17267,7456.731982918116
17268,5802.634508541547
17269,7435.74448812576
17270,7119.8557258246865
17271,4999.596310416937
17272,7423.396377880709
17273,7546.633535121042
17274,4820.232580039607
17275,6163.187345989179
17276,5061.181082530879
17277,6906.02423596819
17278,6160.715615058368
17279,4232.102202954851
17280,7146.2729678711175
17281,6759.119875052068
17282,6955.57731463184
17283,8087.668038782385
17284,4571.513220001778
17285,3354.6261890583246
17286,5162.65883312982
17287,7472.386789648418
17288,4062.739850955709
17289,7660.390702424779
17290,6710.85137671054
17291,5525.760738149905
17292,4460.585283639698
17293,4128.051374948014
17294,8194.530243609579
17295,6462.03823142656
17296,5493.636396213289
17297,4830.36605782721
17298,6484.0739949899325
17299,6067.356357716157
17300,6550.074239851004
17301,6665.166116442891
17302,5882.965619999997
17303,5130.030571887912
17304,4503.33908619715
17305,7840.528653336102
17306,6736.091985145043
17307,4492.676861414775
17308,7365.205163739118
17309,5410.814969972228
17310,4093.800367373711
17311,4215.318749879877
17312,6808.3169552792115
17313,7353.080895949316
17314,5659.262926158521
17315,6773.444334372194
17316,3998.4761663379113
17317,5072.334074240572
17318,5771.324745691479
17319,4635.234874276214
17320,6902.584403955186
17321,5578.795434452718
17322,6517.140793984261
17323,4283.550730212332
17324,6338.971633343183
17325,7566.54788969391
17326,7581.642356147655
17327,7324.471152813013
17328,6199.984560929484
17329,6331.875385956561
17330,6976.603864659517
17331,3384.1053053200812
17332,3626.5663474739868
17333,5155.44214274085
17334,5179.950114494513
17335,5680.2027297228115
17336,6304.107820817543
17337,6581.050910017958
17338,6891.816359228949
17339,5606.930370851547
17340,7655.9561487604415
17341,5764.214650609385
17342,8593.905570783641
17343,6013.680281647501
17344,6332.67591693018
17345,6221.781408667824
17346,6636.787495439281
17347,6130.975206216568
17348,5831.276120573522
17349,6546.32603751785
17350,6760.226392935135
17351,3932.175442376004
17352,5831.703795367408
17353,5248.839015215071
17354,6549.358022626412
17355,7616.139827098058
17356,6179.137502914532
17357,5163.848494264497
17358,4079.91244
17359,5277.177906175763
17360,5927.6939896506865
17361,5811.020426950021
17362,6295.492937700464
17363,5858.574907253673
17364,3725.9778165090534
17365,5601.46563329224
17366,6382.061991954448
17367,5618.403132793179
17368,5637.745892995974
17369,4083.7167543197274
17370,7564.712873003373
17371,5497.325919209563
17372,8303.028707452077
17373,6254.010240619123
17374,6802.701059278075
17375,6007.894811463756
17376,6141.890226616231
17377,8605.199949999971
17378,5865.905524298659
17379,7373.370570006749
17380,4396.2789140372615
17381,4002.7933401999007
17382,6606.841026350673
17383,5770.593055801316
17384,6547.957830664884
17385,5393.870351017895
17386,5582.405487708361
17387,3747.247874686984
17388,5044.5791271159615
17389,6927.488799514457
17390,6438.0793987190555
17391,6401.524741388289
17392,8157.236726235475
17393,6741.681105437818
17394,4052.740371549789
17395,5134.848870070899
17396,4936.011747944259
17397,5459.726146388239
17398,6072.1920151180375
17399,7968.385989660777
17400,4688.258593736773
17401,6570.4996330744325
17402,7870.124653544822
17403,5278.134318365789
17404,4186.749962680768
17405,6570.090342454712
17406,6657.936564850834
17407,3804.6134829742405
17408,7945.187839999968
17409,7718.50828480616
17410,6397.738484084148
17411,7459.726687536867
17412,4920.136629519078
17413,4626.07020042901
17414,7348.440701859422
17415,6122.005540911648
17416,5322.52439545682
17417,6091.766691509789
17418,8211.516801397001
17419,8001.661935355401
17420,6183.707771050596
17421,8233.901220965006
17422,6437.823269719817
17423,6443.407002232564
17424,2452.6807512852683
17425,6837.033354057738
17426,6217.401989647561
17427,4311.0740032154445
17428,6710.72872347874
17429,5237.402202826943
17430,6710.622859803875
17431,6160.050953656672
17432,4726.472081763012
17433,7582.977160609344
17434,5036.746237527212
17435,6232.5379658707
17436,4814.140271884412
17437,5730.044669434117
17438,4915.417946816989
17439,4681.628954635992
17440,4490.852577672299
17441,6656.079511762462
17442,7237.732452472005
17443,8098.665610965936
17444,4192.53316558235
17445,6899.807135732004
17446,5387.642269071282
17447,4576.3782883228105
17448,4854.315810786201
17449,7892.425519952437
17450,5554.214895488036
17451,7320.423413950637
17452,4175.456645700253
17453,5909.821653934037
17454,5966.562087171098
17455,4311.191171186305
17456,4235.51735390846
17457,6346.7101417335025
17458,4305.511451624537
17459,6595.457486433598
17460,5785.000831696019
17461,7077.961679736083
17462,7422.051245597004
17463,5897.303280999726
17464,6276.285313557867
17465,7325.579504359076
17466,8128.118564474004
17467,6778.25922751653
17468,4329.217730699627
17469,6456.201954025161
17470,7140.625475338981
17471,3205.501572093758
17472,5630.146046974739
17473,4455.610037002265
17474,6757.073659999965
17475,5953.611025645423
17476,5867.244950585688
17477,4853.008247427605
17478,2605.4272792657125
17479,5517.8575583988495
17480,2379.905210291058
17481,6656.543183776827
17482,5204.465933381591
17483,6568.704346014228
17484,3660.7516139281042
17485,7551.410042666813
17486,6086.69655831799
17487,7078.47369821886
17488,8170.143315210387
17489,6654.079393692447
17490,5874.5652289361515
17491,3803.1127698329715
17492,5886.1491949628235
17493,7209.822724492479
17494,4759.410740850777
17495,6825.720978583018
17496,7233.098280320703
17497,6610.246781702207
17498,6573.632136365371
17499,6368.741235892962
17500,3751.1428788628705
17501,5465.86832074039
17502,5662.220431496965
17503,5487.467580042986
17504,6166.858300563694
17505,4317.702897226163
17506,6182.75087
17507,5966.636851829132
17508,2508.7230783681284
17509,7317.051076290874
17510,4241.918988183435
17511,7593.589377808459
17512,7204.690875795352
17513,7339.194826713138
17514,6199.870157681139
17515,6154.30062392907
17516,7847.7323257070775
17517,5811.653611552114
17518,4515.428432805876
17519,5620.080962116397
17520,6400.921246908946
17521,7579.898528819153
17522,6566.119483867777
17523,6413.070214793338
17524,4998.914086968791
17525,4863.628881167855
17526,6094.082903551594
17527,5744.2301287496275
17528,5551.096589585907
17529,7395.801384638739
17530,5936.1331276123765
17531,6013.407589945143
17532,7234.255250002633
17533,4528.381583548928
17534,3577.235403611473
17535,6808.442514348742
17536,5095.510820706122
17537,6996.548210311352
17538,7771.278135817001
17539,6761.379549768935
17540,7152.4215590327885
17541,5888.222415247018
17542,5031.273126241114
17543,6107.335876519902
17544,6494.2277453736815
17545,7386.595570506183
17546,6050.133927679701
17547,7604.336689309402
17548,8173.322914857078
17549,6801.392532873493
17550,5739.486797641555
17551,3986.64016482668
17552,7365.225413050921
17553,4293.326980641208
17554,6531.308551288905
17555,6903.8791826579145
17556,5483.320688708609
17557,4833.72326270515
17558,5766.912043381203
17559,7440.822116306307
17560,4108.304761991346
17561,4508.549602166461
17562,6288.096365257867
17563,5745.400742176904
17564,5832.025871934773
17565,6009.559054820044
17566,7261.038172386144
17567,3899.942344009342
17568,5081.731315164945
17569,6379.705212292283
17570,5725.061097267915
17571,4190.094193635754
17572,4222.804008915543
17573,5491.180665190501
17574,5698.0066839742585
17575,5183.024582129993
17576,4240.801836036204
17577,7638.183353231438
17578,6935.053126573491
17579,4967.8236382425275
17580,6261.835259977227
17581,7732.599159914491
17582,5745.599372802277
17583,5216.263804016617
17584,7738.162456172846
17585,6400.693384739341
17586,3866.7989600000005
17587,6466.862843926997
17588,6690.226667675165
17589,5801.840860875793
17590,7440.862862829576
17591,4312.474316037224
17592,6220.247212371967
17593,6172.956354580772
17594,4189.66456622723
17595,6486.472529657472
17596,4432.584850257822
17597,5399.510687800484
17598,7332.090668033649
17599,7397.9037327708165
17600,3471.19214
17601,6339.1189852886655
17602,7452.160997208344
17603,4556.307218587183
17604,5684.0559479540625
17605,3865.0953030424166
17606,7072.924182602539
17607,7065.278990222975
17608,5586.913797360637
17609,6172.904438067279
17610,7238.894038823006
17611,6786.207276255136
17612,8096.614338293383
17613,7765.4256422925655
17614,7506.475639273062
17615,7938.199430837686
17616,8081.300215713446
17617,5511.05800848044
17618,6292.564879938194
17619,7849.75200049964
17620,4951.909572400744
17621,5517.648569221663
17622,6242.981342232267
17623,6948.570741755474
17624,5731.005442120706
17625,5575.075983778312
17626,7192.397255789586
17627,6461.670641265554
17628,6464.513652927038
17629,7453.769791570171
17630,6616.236019468996
17631,8645.774218183484
17632,6858.52746710923
17633,5913.909797569653
17634,4074.2845793740726
17635,5452.921675794566
17636,5907.650221059038
17637,7348.904938936266
17638,7395.7079062614675
17639,7490.0266639450465
17640,6652.540334339856
17641,3916.495521349428
17642,4711.368980329041
17643,7726.731121970225
17644,4671.899111896873
17645,2379.9052100032254
17646,5576.732359898085
17647,4289.832208614946
17648,7215.295163402684
17649,6090.3103687978
17650,4580.047493057384
17651,4375.524815068975
17652,4582.322913733983
17653,6138.225461912066
17654,5799.294831798941
17655,6671.514180287393
17656,7507.886984798212
17657,4311.303977589776
17658,6013.323196265106
17659,5649.1189309193105
17660,5797.843199899333
17661,7024.980911886913
17662,7388.670731492973
17663,6305.3032531323
17664,6758.197572122452
17665,7042.011348558222
17666,5918.40267278704
17667,6607.6883582675055
17668,4571.822853847182
17669,7290.6771419918305
17670,4925.642606526321
17671,5284.261489517348
17672,2825.0037401068967
17673,3247.937432825437
17674,5533.4336214292425
17675,7516.125349829228
17676,5541.709401882861
17677,7481.4043024877865
17678,7963.369169789785
17679,5072.7142111153535
17680,5016.011257546321
17681,7758.639648605952
17682,5794.350427323211
17683,4861.105128639191
17684,7753.5559060853
17685,6788.14417475578
17686,5004.773976155993
17687,5229.079307307234
17688,5767.3282288784885
17689,6924.025624009163
17690,4653.777154498439
17691,7277.153648052807
17692,6481.669484510731
17693,6547.218275928287
17694,4238.36471463634
17695,3743.708939395917
17696,7471.623207718887
17697,6541.743740159394
17698,4868.187820235442
17699,4547.2488312126625
17700,5221.59073311896
17701,6153.822135009561
17702,6764.167867908817
17703,6332.890376852389
17704,5747.047478229315
17705,6415.878731956372
17706,5325.790855297392
17707,4660.370443818981
17708,6986.515544349445
17709,4807.657904017455
17710,5245.055527012368
17711,5497.112955765934
17712,6205.21664501803
17713,6780.92796943458
17714,5711.287381330302
17715,5395.758453687352
17716,6407.0137695064695
17717,4775.854844838165
17718,7281.609753970869
17719,8256.30619449312
17720,5973.680284268125
17721,4270.702147190063
17722,5322.815558420514
17723,4126.613668856246
17724,4662.231541513808
17725,4055.4346759968853
17726,7204.950241882576
17727,5707.891540468805
17728,5628.7105299995765
17729,7093.306331431055
17730,5396.538334687168
17731,5564.134114392163
17732,7421.482701719762
17733,6948.157501582333
17734,7372.755462547224
17735,5664.922066533086
17736,4288.1842875600105
17737,7126.579946021196
17738,7504.680129430949
17739,6855.17178669167
17740,7357.358327893875
17741,5364.062355874213
17742,6903.873342533129
17743,5495.268851966119
17744,3829.184663311731
17745,5960.100391348491
17746,6839.1076867025795
17747,5627.957801250324
17748,6108.701969895704
17749,5328.2431597701025
17750,6489.293404912943
17751,7336.755255618944
17752,5115.659387469152
17753,7121.455750168322
17754,7184.356517402886
17755,5738.256432795287
17756,5912.962240224688
17757,5649.7410018035025
17758,4642.475344354548
17759,4133.326562772193
17760,7665.536577632313
17761,6238.205854984614
17762,5304.454560853568
17763,6358.04440189672
17764,5604.419213106576
17765,6666.306793205102
17766,6078.416739649505
17767,5359.846541551712
17768,3052.831787386587
17769,7274.440253477756
17770,3049.26032
17771,7736.551876902498
17772,6268.148808450778
17773,5876.55210497603
17774,6617.527061646293
17775,4866.854169686667
17776,6505.634241331384
17777,7036.954907537247
17778,6151.319694109999
17779,8354.935109903347
17780,5458.533812962266
17781,7529.788904571062
17782,6609.121730570969
17783,6135.0626297633025
17784,5554.191021746792
17785,4805.708527938412
17786,4227.890245326702
17787,3605.6788375171145
17788,6817.315665155579
17789,7436.696935052176
17790,4234.748745521826
17791,6530.737928722014
17792,3954.2198399961253
17793,4510.570075391364
17794,6119.026856078289
17795,4390.92610752454
17796,5496.976936761131
17797,7139.921498988004
17798,6363.490737727041
17799,3860.584824641265
17800,6815.863930146027
17801,4499.371955769345
17802,6142.168922598808
17803,5286.878132203255
17804,7306.586679304809
17805,6159.4151671985055
17806,3808.8339882305027
17807,7290.1065199361865
17808,3452.7270387018225
17809,6613.8736259684865
17810,4141.071739888158
17811,7366.924573399062
17812,6865.255256483519
17813,7616.0941367860705
17814,6570.974551705214
17815,5750.8717130268105
17816,8169.5586313325575
17817,5337.741619185502
17818,3904.1906547300523
17819,7421.543962220585
17820,6531.8424356410715
17821,5567.785820674866
17822,6184.918324041568
17823,7546.629415490794
17824,3612.143994308849
17825,6568.590772445589
17826,5954.454121883092
17827,6725.035052316204
17828,5866.416938937412
17829,5540.843920059731
17830,6687.876650248436
17831,5790.904602123602
17832,6540.98883841858
17833,5033.685559996851
17834,5050.5810592578755
17835,4566.0131953034315
17836,4949.8413333509125
17837,6493.239596747605
17838,8022.241782956265
17839,7403.748231031182
17840,4518.175146390274
17841,5560.750627759581
17842,5353.871325546042
17843,3794.610594434081
17844,5977.844928403907
17845,4369.972875784975
17846,7148.4287661334865
17847,7245.802019208429
17848,4173.143581967945
17849,5590.23882801037
17850,6955.036970967741
17851,7146.054990403816
17852,3469.6493641394486
17853,5325.400760696393
17854,7487.957614364413
17855,7438.241196845404
17856,4874.282261710266
17857,7500.770999172836
17858,5818.259323451886
17859,3086.472352926294
17860,7220.778624857603
17861,5969.226392009773
17862,6770.151222852037
17863,4106.666706430621
17864,5375.896979142737
17865,6649.034191769388
17866,3707.6288018166497
17867,8213.031921763983
17868,3989.387401506284
17869,5954.5542678328875
17870,6649.497201947379
17871,7291.679425290061
17872,4861.128344368877
17873,4190.155052921176
17874,6795.408165177258
17875,7966.816327618548
17876,6529.091128197991
17877,7364.943646023321
17878,5014.717440149319
17879,6565.777861943075
17880,4083.2330371978073
17881,5536.916010402542
17882,7098.4813189520855
17883,8621.815648981103
17884,6842.994196316365
17885,6089.75560179107
17886,6202.048200099798
17887,5848.1432486440235
17888,6377.442687395624
17889,6335.217632213291
17890,7867.601137659184
17891,3872.5268929262656
17892,5271.765531151271
17893,7667.814571812241
17894,5725.152686297575
17895,6619.5879192874745
17896,3661.307966707602
17897,6333.9422563303015
17898,5181.193199294745
17899,7084.551641828172
17900,4228.338673572087
17901,5767.013048970068
17902,5579.783390025881
17903,4740.904811323106
17904,7113.451463343201
17905,6450.57657725913
17906,3975.5936903572424
17907,6965.569303873791
17908,4826.169760200393
17909,5542.078642047508
17910,5450.75975738829
17911,5822.091858778288
17912,8338.288921032923
17913,5514.786756009042
17914,5982.1722849649
17915,7654.539467529542
17916,4140.253795697217
17917,7261.843749841264
17918,5332.610847130618
17919,6654.00737012361
17920,5662.373560274908
17921,5442.386548610976
17922,5305.610684240236
17923,7276.955986505206
17924,6876.881293463457
17925,4190.291132682421
17926,3975.6492179468783
17927,7031.455769348035
17928,8030.737642277174
17929,6733.957061811028
17930,6414.362119242027
17931,6669.2882997723555
17932,4285.439781374067
17933,6996.756822358832
17934,7589.267755400165
17935,6352.0243379873755
17936,4964.685439135876
17937,8589.496672586569
17938,5869.823558420213
17939,6803.081151207894
17940,6098.195116010124
17941,5771.956239385442
17942,7887.929958409178
17943,6961.797804548386
17944,7004.080133282896
17945,7204.8514488908995
17946,6561.413856798956
17947,5333.973569985712
17948,4549.33206194954
17949,4469.0363013523865
17950,4108.6834688802655
17951,5920.4667862635115
17952,7063.112495697389
17953,6969.28672380677
17954,4801.516399362235
17955,4974.553402492313
17956,8536.592611187329
17957,6403.112441423292
17958,4857.820871504754
17959,5781.294627896744
17960,4653.27817002711
17961,7444.501346503835
17962,4899.1613128523695
17963,5622.788110810467
17964,6702.883946594809
17965,7334.734652270833
17966,6033.154273594883
17967,7351.637424687968
17968,7491.772847183949
17969,6100.16306429094
17970,6405.324034428966
17971,5763.380609056951
17972,6561.312816464829
17973,6831.190500689104
17974,5947.910852312962
17975,4113.953611752027
17976,5675.771369790385
17977,4551.651899087189
17978,3218.76897099638
17979,5075.891311287078
17980,4230.2916996065815
17981,3352.3268142176316
17982,7330.395947075009
17983,5403.698520117791
17984,4778.369246400819
17985,8488.961329179267
17986,7388.82557478103
17987,4730.252943154785
17988,4332.126520687786
17989,6193.5880977919305
17990,3774.2703766418967
17991,4789.706692393792
17992,3903.7879024752724
17993,6186.483825795628
17994,4788.769127069656
17995,7105.573274694508
17996,5847.843717389408
17997,5385.402277329823
17998,3183.7710509990643
17999,6517.996543009125
18000,6349.350107098272
18001,5784.220146531411
18002,6798.271460813611
18003,7340.856647575633
18004,7998.342357028873
18005,7724.817768560843
18006,4528.765275095634
18007,6427.747651335203
18008,7564.366674309162
18009,6417.674551397299
18010,6597.773610572719
18011,5585.193323203721
18012,7223.989585418824
18013,5832.475998896791
18014,4110.619070982658
18015,7393.636402255953
18016,4320.932758836614
18017,6539.933295844674
18018,7394.500399770957
18019,6136.554095815532
18020,6127.557215938625
18021,5306.26163293305
18022,6162.661407751026
18023,6237.207421646731
18024,5559.601296734286
18025,6561.524728203358
18026,6576.071732505617
18027,3016.8924819186086
18028,7697.625803844246
18029,3953.5576551506397
18030,5254.126813043841
18031,6414.9637278580685
18032,8219.431547609096
18033,4215.652467385739
18034,5147.496704321832
18035,5128.718908342599
18036,6432.397665056863
18037,7295.727182036926
18038,3762.4408206304206
18039,4724.11577339472
18040,6077.873790261893
18041,6704.234126962677
18042,4409.745555521799
18043,4792.680945069621
18044,5219.882791963872
18045,7630.755772353173
18046,6160.904116349876
18047,6085.680474299824
18048,7445.06523192283
18049,6224.988195694637
18050,5525.517549356839
18051,8214.321016641032
18052,5796.602737455565
18053,6324.654660325903
18054,6464.301549571537
18055,4022.6687910783853
18056,6089.287149365835
18057,6217.973193534446
18058,6298.1392671124
18059,4274.489557708514
18060,5175.707770954518
18061,3633.0028769751866
18062,4191.308391729931
18063,5415.752589482306
18064,7181.151400201525
18065,7203.278626332718
18066,7541.436959750773
18067,5539.071426461311
18068,4132.217782772043
18069,6440.552058216759
18070,5599.517661781085
18071,6715.939957146675
18072,7660.88604
18073,5928.58891813032
18074,5160.785540254198
18075,4886.551077922096
18076,6822.971629551863
18077,4708.915871255065
18078,5186.096776857268
18079,4953.431084425389
18080,5403.7019781554445
18081,6771.588886942238
18082,5780.591615159111
18083,7666.780361216421
18084,6821.304238143746
18085,6589.684444074586
18086,6471.286319125386
18087,6112.818291850277
18088,5093.550432810497
18089,3571.9622985986307
18090,6779.202978989091
18091,7877.687086711503
18092,8187.485208595082
18093,3634.2278986954852
18094,3961.323222621477
18095,4166.492119258343
18096,6439.463896494441
18097,7496.208119540758
18098,6485.949912270902
18099,6553.172448825651
18100,3436.735320077961
18101,4145.754754827508
18102,6669.727566816563
18103,5542.7260580183665
18104,6637.8515292482725
18105,5241.276628186281
18106,6395.396207641772
18107,5746.4092869953765
18108,7218.939855784155
18109,5326.94936297027
18110,7004.17137826994
18111,5847.181026879664
18112,7190.674361118011
18113,3801.9617647642035
18114,6617.330148273114
18115,4848.3232859534255
18116,6305.893893683675
18117,4366.398701209589
18118,6219.9789903107
18119,5330.633746753287
18120,7787.906541221775
18121,7900.964205316544
18122,8036.447128321677
18123,7277.674362027915
18124,5822.15324463405
18125,7318.510993915502
18126,6620.503562069144
18127,6079.223906025225
18128,7019.831665704011
18129,5349.987288799773
18130,4177.745581672969
18131,5329.898726656816
18132,7218.996645444542
18133,5973.553287714189
18134,4468.28842602952
18135,6758.592880882316
18136,7085.79618693536
18137,7228.213619513499
18138,7604.796313712682
18139,6556.750641738751
18140,4778.4707024686595
18141,6220.866348480666
18142,7454.33917594147
18143,6571.089236727529
18144,6573.319497879506
18145,6396.274147208129
18146,4807.797391747562
18147,4824.878345486719
18148,5845.385043701044
18149,5572.088466718052
18150,6374.6586702355935
18151,4149.486189194606
18152,5249.548018828103
18153,5296.384356815873
18154,5168.294907934587
18155,5486.933624048897
18156,6857.056594099582
18157,3839.9183180101177
18158,6075.6224301856955
18159,5864.145062224506
18160,7381.73718737662
18161,6670.797463804627
18162,7227.56254706587
18163,4446.808456215065
18164,4704.9184172446885
18165,7534.581437790432
18166,7761.324351520618
18167,5208.079697797698
18168,4056.2573277200418
18169,8411.88389361282
18170,4980.405894048048
18171,6953.414406713534
18172,6448.874821105877
18173,6855.528038577974
18174,7012.529959122453
18175,6236.059036769326
18176,8071.792307363132
18177,5500.6149738343465
18178,7144.784778028897
18179,4065.543048274006
18180,5360.620499239661
18181,7414.073225821264
18182,4357.3547843999895
18183,4063.6957609660117
18184,8279.512687345323
18185,6200.959307326526
18186,5894.065743440994
18187,8157.411864483883
18188,8040.832597326962
18189,7716.073274048261
18190,3518.1546834458427
18191,5149.3799962518915
18192,7700.4188082021
18193,4887.327141819765
18194,6854.983706666287
18195,5412.470671342617
18196,7210.60146741033
18197,6575.779564427709
18198,6096.531676487988
18199,7517.85464434027
18200,6299.226359904204
18201,5629.867687985099
18202,6519.907454949893
18203,6533.911988555669
18204,2379.9052100008357
18205,3987.2615011264625
18206,5315.901350174245
18207,6259.146341511191
18208,5054.292036969477
18209,7706.482579203884
18210,5234.403140546872
18211,5098.2952858125
18212,6837.135808185907
18213,4289.457861985537
18214,6503.376778647108
18215,7392.474498939632
18216,4724.349495374189
18217,7015.812922799516
18218,4353.457055549595
18219,4811.161493185881
18220,4867.253871504019
18221,5091.957148640174
18222,6384.365641347368
18223,6099.953628452551
18224,5824.136015070362
18225,4370.519356688596
18226,5576.048137495166
18227,4275.385407137816
18228,6944.22780985781
18229,3565.0861642849213
18230,7634.259051951826
18231,6126.577908019544
18232,5400.799795909517
18233,6103.255115266177
18234,6495.143124184979
18235,4905.728723828651
18236,6140.680309975496
18237,6172.429778856246
18238,7863.777971312075
18239,6554.195652156328
18240,7670.921319564437
18241,4920.651127810651
18242,7490.184763481331
18243,5761.174309087851
18244,6293.857602690556
18245,7388.0023664929295
18246,4095.6625580188997
18247,7176.169523705455
18248,4594.686402259313
18249,7087.344214081189
18250,7173.437806020404
18251,6619.226538756238
18252,5294.126983208978
18253,7394.894206879679
18254,6322.843542356941
18255,5518.487629913694
18256,5188.149475884567
18257,5556.897241375093
18258,7456.656667653915
18259,6716.166541199928
18260,5580.080435616729
18261,6380.468425550971
18262,6458.928672279308
18263,8096.770872150708
18264,6863.008721640383
18265,7817.124458494841
18266,5865.792587170763
18267,3787.462245377001
18268,5996.087157524963
18269,4607.731728367186
18270,5847.692543750023
18271,7772.554991028464
18272,8528.0348895437
18273,5775.933195937671
18274,5864.130027242789
18275,7998.363090969156
18276,3853.512580761808
18277,5928.32974468158
18278,4428.904142064407
18279,7445.043851825226
18280,5424.978049615057
18281,6938.493467080174
18282,5872.942370024132
18283,5855.324036710058
18284,7218.339952937029
18285,4462.834694973689
18286,6766.286735530093
18287,7528.546861567918
18288,6927.763054767613
18289,6595.901580000001
18290,6640.949824516263
18291,7050.163628899788
18292,3835.2378785542205
18293,5016.868906774621
18294,5153.235730850026
18295,5523.037519243905
18296,4625.511576958767
18297,5426.624817722263
18298,7305.806653124418
18299,7785.1914740974735
18300,3712.1352413450754
18301,3976.600539421487
18302,7385.387656908356
18303,6400.450099016504
18304,7162.928182513753
18305,7452.017675597989
18306,6012.508526588352
18307,5479.023797325214
18308,5585.133106881233
18309,5549.816174261056
18310,6306.849998743019
18311,5757.384976209764
18312,5503.7288966505
18313,5132.923110858589
18314,5934.280774598527
18315,6278.138969275112
18316,7681.692694989017
18317,6864.284672853115
18318,5965.661788783017
18319,7121.885004939618
18320,6675.646333749551
18321,6661.106193672312
18322,6516.802507558692
18323,6283.358635119674
18324,3385.3640774350524
18325,4815.754956318032
18326,4448.537669578718
18327,6130.7003591675575
18328,5412.420534109877
18329,5555.593850626921
18330,5848.5435292225275
18331,7443.933267079141
18332,5272.164634963774
18333,7128.91398902726
18334,7233.609250749565
18335,4789.596972214378
18336,4043.399361265101
18337,6754.645051520432
18338,4953.288408877288
18339,5508.060549124657
18340,6694.290757430006
18341,7336.7074014798845
18342,7911.09584743467
18343,6941.513179475015
18344,5814.296298789661
18345,7448.533528072653
18346,6965.71581220271
18347,6375.190089405311
18348,4158.781721642502
18349,7772.566962358979
18350,5614.674546618688
18351,7529.0005738116815
18352,5522.877039321787
18353,7969.646829675063
18354,5268.666182617934
18355,7004.160253067188
18356,6345.9852489741825
18357,4049.475498065108
18358,7475.5542272091
18359,4214.55751232187
18360,7104.357345740966
18361,5748.46118052427
18362,6583.0290163670625
18363,7174.337952649371
18364,5707.247015693011
18365,7519.277901596692
18366,5661.226031133461
18367,6512.288299376784
18368,5466.4737863773225
18369,4970.533794661308
18370,7394.205482962412
18371,8113.2227092287785
18372,4461.063813063607
18373,5508.081098032939
18374,6908.734044048485
18375,4078.8565163185917
18376,7356.407874205491
18377,5520.082043319262
18378,4563.091637458902
18379,7405.851545085095
18380,6180.545916535972
18381,6450.557756307316
18382,4017.2644194150357
18383,7911.953391806819
18384,6803.755012106638
18385,5711.140409543576
18386,4163.586508585363
18387,6356.024897299574
18388,7766.792000104859
18389,4305.850757508778
18390,8105.074032933502
18391,4106.047845757288
18392,4942.071083203519
18393,6744.099134135565
18394,4420.690816549272
18395,6007.7873269475385
18396,3848.443131811587
18397,8120.310947913004
18398,6458.344282007725
18399,6150.563994670313
18400,4327.561786331335
18401,8204.040528640282
18402,6210.4386607687575
18403,7129.703551363961
18404,6468.61342516795
18405,5505.476745341674
18406,6506.29495982888
18407,7649.821609026904
18408,3838.11656248206
18409,5827.998972594398
18410,7469.346203958593
18411,6070.640430290155
18412,6692.800404534739
18413,6577.585491567178
18414,4205.380408956639
18415,7426.989420683969
18416,6960.159648908636
18417,7603.122724582391
18418,5472.423092591498
18419,4628.77415946929
18420,6141.390603880343
18421,7310.86748002294
18422,6621.3331814976855
18423,5668.758341209499
18424,3373.4368268146623
18425,4469.5552154484285
18426,6187.904070383193
18427,7339.877224238429
18428,4696.517930179039
18429,7660.8860399984305
18430,6293.6429578655625
18431,5652.715601602915
18432,5518.013641138934
18433,5662.293511385924
18434,6656.589685927654
18435,5472.584456877606
18436,5037.234185719188
18437,8389.751790117749
18438,4824.89095068293
18439,6776.046534880865
18440,7238.381864496131
18441,5277.378295828138
18442,7369.440806005279
18443,7862.729531285754
18444,7004.405371642894
18445,4591.288552150765
18446,7783.881195170456
18447,7445.843401065085
18448,8134.727796912404
18449,7243.264527434224
18450,5355.4181677850975
18451,7325.900485791906
18452,6423.924506846405
18453,4828.6965673419645
18454,6019.306084184497
18455,5273.454776716904
18456,6863.480028274535
18457,3975.0629657856593
18458,5349.716577934525
18459,6688.03000536018
18460,6395.037898807372
18461,6190.238244827571
18462,5523.742849535976
18463,7396.480662840776
18464,5306.741131629799
18465,6531.568770760913
18466,5819.738201743044
18467,7634.190831422508
18468,4617.159101790537
18469,6642.108719674714
18470,6643.132720834426
18471,3331.7710288872095
18472,7409.489639877862
18473,6775.832962096228
18474,6093.369706300142
18475,4892.384204007339
18476,4346.895780286531
18477,6175.5143539698865
18478,7371.360345856073
18479,6123.264253722713
18480,6680.753673584229
18481,5891.93386573129
18482,6234.439287225045
18483,4554.555714648324
18484,6262.316509423791
18485,6432.866002310749
18486,7329.3601545936945
18487,5962.598484470122
18488,4770.535000689078
18489,5842.901280239264
18490,4069.7694523535465
18491,7845.862134072709
18492,6184.012629459632
18493,6104.235754927103
18494,7016.449259306545
18495,2825.0037401378936
18496,6165.212480030568
18497,4059.363132595891
18498,7536.188845249727
18499,8039.997789306295
18500,4338.102888169558
18501,8035.7403095147265
18502,7140.681546196378
18503,7758.927175510208
18504,6980.752171084663
18505,5278.29724234759
18506,7379.340533503824
18507,5887.326171493922
18508,6109.26940925313
18509,6190.4132756177505
18510,6783.414153836254
18511,5822.937564193565
18512,4226.548524025198
18513,8354.192742694333
18514,6902.184397448912
18515,6111.897478666028
18516,5411.954609591681
18517,5819.9313896817
18518,4676.050997990377
18519,5494.022843288722
18520,4252.029913370418
18521,6525.602056144402
18522,6033.778560007635
18523,4933.334475849131
18524,6672.047691160879
18525,8427.743683608871
18526,7444.776410653999
18527,6519.681055320562
18528,6100.213845817884
18529,7314.780229249132
18530,4644.599726543129
18531,3262.5454876900812
18532,7272.321438668544
18533,5495.776336718211
18534,5157.086727769569
18535,4792.37690415351
18536,5918.7267181669995
18537,6422.501734124234
18538,2483.370363686627
18539,4694.608191750147
18540,5706.1579709134585
18541,6826.4355923684
18542,6310.0877255657415
18543,5419.743732398168
18544,7506.458545648967
18545,6567.95655896206
18546,5835.595355199928
18547,6372.916279859931
18548,3402.6845407170263
18549,8172.858185467977
18550,6743.417258413862
18551,6475.623499073335
18552,7625.421338653388
18553,4270.807583869332
18554,5717.546055527558
18555,3747.778227679033
18556,4572.1442831547865
18557,6423.920846371664
18558,7575.801237106659
18559,5867.692843257255
18560,4080.814757929538
18561,4428.1918317536165
18562,4049.89908756824
18563,5486.541700207994
18564,8107.026074776168
18565,6681.890890304791
18566,7545.626685616181
18567,6108.266485098322
18568,7052.026370163367
18569,7569.175837204646
18570,5982.639858000435
18571,4662.478431126542
18572,6536.158997964255
18573,4501.989314341711
18574,5956.3400914560825
18575,5907.269938573219
18576,7893.008777437718
18577,7346.474532765107
18578,7449.7332243483725
18579,5975.387296139492
18580,6261.991823277116
18581,6047.398853950513
18582,4802.92813499957
18583,5205.170204033081
18584,6962.835402270176
18585,6135.393409800397
18586,7236.210998354822
18587,6902.439853873432
18588,7236.490755710532
18589,4125.121854540426
18590,5529.048213564456
18591,5571.129695219062
18592,5285.088149825415
18593,6273.122969113811
18594,5371.427576027688
18595,3933.457159320463
18596,6718.866635177133
18597,5717.952001224785
18598,2972.169632211811
18599,4944.592692929103
18600,4942.014137016054
18601,4690.606650389921
18602,3875.5228173473783
18603,6272.757795811373
18604,7548.021753916333
18605,7723.488996793128
18606,8823.381587463306
18607,6443.931059492989
18608,5326.782675818922
18609,7374.653748014427
18610,7424.481319885879
18611,3400.500460835706
18612,4497.1714000522825
18613,5650.581438521111
18614,4989.822477726859
18615,5197.451621387395
18616,3952.6398436541895
18617,5785.560453464988
18618,5130.007224962732
18619,5462.1182324796455
18620,6306.467857958265
18621,7642.7344513338685
18622,5414.226679099247
18623,7706.392443416972
18624,6542.392978735802
18625,7348.875208692498
18626,5117.418911396905
18627,4108.1712059173915
18628,7677.180506612991
18629,7935.506967326145
18630,6714.658506686816
18631,4030.045341594332
18632,4349.094419751649
18633,6435.1715081770935
18634,6555.027779019091
18635,6170.771359258582
18636,4678.548469072182
18637,5441.675667378863
18638,3394.9756835441212
18639,6763.502852422695
18640,5164.917105025864
18641,2379.926125481863
18642,7319.893990941657
18643,5053.398524605841
18644,4929.851135447473
18645,3803.558229311111
18646,7652.0956383744215
18647,6830.95312555173
18648,6836.96828073756
18649,6030.169564042202
18650,6112.352792473917
18651,5278.715884802741
18652,4020.212789834134
18653,5663.713947299557
18654,5759.621433010994
18655,7272.677776905348
18656,7622.115678685648
18657,7277.048445209688
18658,6334.492522437876
18659,6998.276821345636
18660,7893.854828413346
18661,6625.935437431248
18662,5277.083759868785
18663,5328.511640083179
18664,6596.243627139174
18665,6197.374294460935
18666,6219.849641317561
18667,7405.470810737849
18668,7422.21384913774
18669,5184.585151541531
18670,6226.285267643278
18671,4737.730053752228
18672,7329.512107807368
18673,5616.606341745061
18674,6582.71362106789
18675,4070.516987356333
18676,6239.015393832537
18677,7439.222289034373
18678,4599.960646761096
18679,6275.364179211777
18680,7473.9252262508835
18681,7535.983922977295
18682,7229.412830663007
18683,7212.300082364119
18684,5710.625070875748
18685,6438.590919636603
18686,6427.149179825609
18687,7705.435870598291
18688,5565.718284472043
18689,7395.482074319659
18690,5771.636549645614
18691,6700.410176630837
18692,8023.597080011113
18693,5062.527905453769
18694,6653.261756127309
18695,7601.860284513938
18696,7832.792493627681
18697,4686.391069724274
18698,4705.572742849583
18699,7858.718177299646
18700,6549.795480059536
18701,5126.2522616659435
18702,5966.389250963554
18703,3719.0337037209947
18704,6388.856534099694
18705,5205.321577213087
18706,4776.714256250388
18707,7769.086618996816
18708,7573.371585686375
18709,4073.803220212393
18710,5351.674052420684
18711,4959.304867485768
18712,3706.541340258002
18713,5650.078381562609
18714,6230.932689384194
18715,5436.49709597045
18716,7248.365911689232
18717,5204.570999378379
18718,7141.571611518632
18719,3396.055472659378
18720,6469.3006998539095
18721,7717.734580828554
18722,5514.259203136047
18723,7313.665062405871
18724,3946.901214891474
18725,7276.904784318878
18726,6351.695202413856
18727,7240.93777158035
18728,7007.355412125474
18729,3757.9499150579445
18730,5588.594300495445
18731,3959.67113988298
18732,6634.4390828475
18733,5531.647892553118
18734,6942.188700882873
18735,5964.1833078880645
18736,7479.156829488722
18737,6533.026170813565
18738,7053.324105284395
18739,3518.919553787115
18740,5953.0489291406675
18741,6098.349577391861
18742,7536.797279674436
18743,8398.520320064003
18744,4674.308250937419
18745,4427.885384690959
18746,6110.532630900061
18747,4178.28794179849
18748,4768.602057432122
18749,6510.198211290097
18750,6768.876366737674
18751,5243.779218843871
18752,5986.335011145357
18753,6320.196178606588
18754,5412.798572836527
18755,6263.466280745791
18756,3812.2154243018795
18757,6453.875568480557
18758,8262.359015204274
18759,7167.409318308766
18760,7193.486045082654
18761,6132.131941366423
18762,5028.9132777390505
18763,5481.989305322581
18764,7192.879155389824
18765,5808.757247792396
18766,6248.7861867426345
18767,5700.373767244612
18768,6985.386453706167
18769,7191.267923142801
18770,5218.708548279454
18771,7234.304555515632
18772,5358.396390368364
18773,6798.722993220468
18774,4326.835611129288
18775,6345.2158606703615
18776,5569.2914550556425
18777,6951.211715093678
18778,7590.745625610354
18779,6673.1610344252995
18780,6932.346710748675
18781,5533.2157884368
18782,7287.86129188742
18783,4145.12834265893
18784,6620.380813282687
18785,7187.703149960025
18786,7036.510648589577
18787,3609.3028996438666
18788,5303.359303904679
18789,4062.7401753020768
18790,6120.001961577841
18791,6454.7433944401555
18792,6407.477250670649
18793,5590.5655520214195
18794,4217.1092295419485
18795,6798.064976899712
18796,6570.368711061118
18797,6841.599567293601
18798,4420.591073020137
18799,4224.861824127048
18800,4340.122823833049
18801,7155.852414270516
18802,3598.788034969565
18803,8197.382883301438
18804,6793.168817206228
18805,7014.704975778856
18806,7126.087651032108
18807,6293.453806170191
18808,6540.518265786054
18809,4950.732679845505
18810,4426.569426703392
18811,7224.19044175061
18812,6638.585894094837
18813,6948.759133588989
18814,5433.060767687508
18815,5304.065485853771
18816,3986.69302564117
18817,7710.689249297257
18818,3502.0805532665313
18819,5184.733368794921
18820,6171.3231366793325
18821,3940.157189116239
18822,4572.169806027318
18823,6740.245415846527
18824,5688.319774008752
18825,5483.328968562446
18826,6047.695733016434
18827,8186.491569088486
18828,6171.436384621999
18829,5144.2110177068735
18830,7437.278455594202
18831,6596.0647710485755
18832,6029.042404333834
18833,4831.493819721538
18834,5565.93069620666
18835,4882.280668398351
18836,6951.35763038279
18837,6740.506563960157
18838,5601.210707385384
18839,6123.22408348868
18840,4339.895649664577
18841,7092.357760983412
18842,6557.161655505502
18843,7473.987597911682
18844,4894.425807313581
18845,5643.884394254768
18846,5382.256949848939
18847,5809.059043948999
18848,5390.21111621813
18849,6098.437510969899
18850,5406.728675664125
18851,6921.115972620593
18852,6188.902468280098
18853,8062.622457450427
18854,5263.589264998881
18855,4598.6553484115375
18856,3759.48179963009
18857,6156.755837699668
18858,6777.914631970314
18859,5943.665444391437
18860,5398.309490681468
18861,6184.478355313878
18862,7949.104081065505
18863,3039.6566460597637
18864,3139.430554976674
18865,6987.682397485705
18866,7209.675342158853
18867,4925.531523587635
18868,7129.758718021478
18869,7443.795454144369
18870,7668.108954912497
18871,6749.087041250795
18872,5683.710067356061
18873,4499.386041271285
18874,5836.595847038501
18875,7103.704843127043
18876,3906.438361511363
18877,5623.114110956179
18878,5754.33237349401
18879,5079.450427867544
18880,7530.473900116469
18881,3993.069899576043
18882,7437.833296727775
18883,7569.735080865546
18884,4093.0688081411267
18885,7936.2939012794095
18886,7061.625912754643
18887,5778.461891408677
18888,6763.924776216143
18889,7564.227092530237
18890,6252.328021839729
18891,4568.67217
18892,5396.31889115775
18893,4684.660372805929
18894,7394.481825592857
18895,4949.126140014632
18896,6969.322337953453
18897,8382.176346953864
18898,5720.447820281642
18899,5352.330277567448
18900,5317.10830376802
18901,6149.287412950401
18902,4673.914736055551
18903,3741.31211076116
18904,6985.536371179358
18905,6820.890932891581
18906,8382.16702567815
18907,4880.772479262153
18908,4827.763319114741
18909,6037.727584660304
18910,7420.636481003675
18911,5002.224792737229
18912,7393.255385531472
18913,6643.950989423891
18914,4665.369255888072
18915,6458.608484398497
18916,5618.134273417652
18917,7266.397737079711
18918,6877.4117769998675
18919,3512.013025167718
18920,4427.157623324572
18921,2452.7931845296357
18922,8407.1269892917
18923,7188.612397938599
18924,5702.624210707313
18925,4816.911690734811
18926,5606.502540163109
18927,8354.92265938215
18928,6186.462417656103
18929,3401.8028531946534
18930,4361.241602165591
18931,6801.431660981962
18932,6799.9941408555
18933,4961.018776784473
18934,7074.334036862846
18935,6104.661245547146
18936,6779.312511957088
18937,8254.101200503908
18938,6552.436765322009
18939,4394.454041262218
18940,6335.114726328226
18941,6516.131588535707
18942,6070.547166440498
18943,4601.821875366615
18944,6133.276612357642
18945,7101.308161519193
18946,5841.219807864341
18947,6271.948263897904
18948,6559.1460410735845
18949,3931.0619432792605
18950,6988.342966450899
18951,7031.405500823815
18952,6384.286932795523
18953,5675.818354393594
18954,6471.818482950612
18955,6386.1575897039
18956,6080.454757358636
18957,6894.649310795572
18958,6877.534801929802
18959,4937.935037895386
18960,7017.969854883895
18961,4273.737930827682
18962,8289.63031630795
18963,6014.2982008390945
18964,4671.253750397689
18965,6348.773900457272
18966,3790.9677775760124
18967,4093.6068633711966
18968,4200.97375
18969,6033.778559999999
18970,5688.746235781025
18971,6756.906491440138
18972,5011.106633342053
18973,6722.243701701798
18974,5173.928077091221
18975,6395.442362266125
18976,5567.1025164449975
18977,5049.089745060781
18978,6103.617972264085
18979,4234.515072563362
18980,7770.518311614736
18981,8447.426198388568
18982,5249.852403160012
18983,5650.78285370084
18984,8134.614862627549
18985,5170.668234173195
18986,6835.158727547783
18987,4489.224096521229
18988,7770.650148788269
18989,4126.986451712039
18990,7105.4012292976495
18991,5715.34617782374
18992,6159.32997944752
18993,6702.752510547087
18994,6316.162651625987
18995,8224.434228347161
18996,6573.583964060637
18997,4284.939276659327
18998,5249.475450675284
18999,3846.2715606575985
19000,5265.184644886079
19001,7047.2337398081745
19002,7265.356653371593
19003,6571.589769456657
19004,6698.012455718358
19005,7888.667249784454
19006,5741.603362959712
19007,5656.615635575765
19008,5125.548055836966
19009,5131.631035749057
19010,6606.585502645486
19011,7032.898442318026
19012,6584.22052929625
19013,8359.740574433996
19014,6457.267437687523
19015,5392.474777916496
19016,7048.66442462328
19017,8260.408927228817
19018,6476.0654071268145
19019,8105.960241841205
19020,8880.44223739045
19021,5336.780052524651
19022,6659.371256574365
19023,7697.168294858163
19024,6492.376697310369
19025,4272.570956456793
19026,5502.599688016143
19027,5180.856745335365
19028,7120.060200908227
19029,6925.2564859489685
19030,5122.252957477872
19031,4859.140971336739
19032,4305.511951594653
19033,7625.526358699875
19034,6403.1564359606955
19035,4891.3580719842985
19036,4836.3760552639615
19037,2653.421073976397
19038,8124.572641135953
19039,6046.372567897484
19040,5123.240224714225
19041,5328.177663228363
19042,5401.315123621497
19043,4385.8007745124
19044,5708.971969731295
19045,4935.180769663819
19046,6687.167340606005
19047,4413.5354468126425
19048,7513.91243669256
19049,6085.913850237242
19050,4850.182773889323
19051,6929.212138920144
19052,5382.2513687195815
19053,4870.240603199387
19054,6160.353216838314
19055,5126.775784120827
19056,7559.0789126499285
19057,6771.72831943354
19058,7275.043861213125
19059,5338.234495558954
19060,5261.264809737195
19061,6257.066167757701
19062,7667.835775258172
19063,7046.531360283344
19064,6502.161558533861
19065,3460.3446625643805
19066,5908.580347067768
19067,7123.697299699795
19068,7173.723881808691
19069,6986.319042585875
19070,5854.159848999429
19071,6571.068291263243
19072,7109.099058330917
19073,5714.873119423903
19074,8182.672521862176
19075,6284.091899213081
19076,4071.1315461447084
19077,7825.7735363459
19078,6690.93821675042
19079,6801.323912606164
19080,8252.271320284526
19081,4840.608262715455
19082,4439.41088836475
19083,7435.012735404771
19084,6202.86197476546
19085,6767.891009202774
19086,5366.135536611242
19087,5467.679452215105
19088,6070.197345800471
19089,5397.25575530636
19090,7350.092674831145
19091,4913.173225865235
19092,5705.584330362214
19093,7465.849881212343
19094,5570.507921757265
19095,5634.050579048875
19096,7943.685455323128
19097,6691.245293306909
19098,6774.979694524974
19099,5516.491986573123
19100,6283.4471092256435
19101,7740.469575193114
19102,7148.27042015114
19103,7579.0840310270405
19104,5923.546568452568
19105,4185.353744358047
19106,6587.934594291863
19107,4108.728733500498
19108,5639.47054325879
19109,4316.265547984597
19110,6573.219804808998
19111,6176.78936465199
19112,5884.260013535684
19113,5479.36748769793
19114,7866.354550412371
19115,7590.03585384448
19116,6689.883260464091
19117,4564.519324343191
19118,6465.248654138298
19119,7590.873986019733
19120,6249.143026809038
19121,6203.254026878479
19122,6244.337546084776
19123,4414.8791881921825
19124,6353.162122474078
19125,6182.753434938036
19126,6388.704248315549
19127,5205.325533844921
19128,7454.163484961183
19129,4642.444121069422
19130,7184.2682642855125
19131,4294.161407523468
19132,6233.980659394912
19133,6284.778861751151
19134,4599.737671110042
19135,5196.348627189239
19136,4950.715957548577
19137,5279.13433659178
19138,4350.071490876737
19139,7132.722029848705
19140,5146.388803440807
19141,6077.717385376653
19142,6387.842202528582
19143,7974.532779965531
19144,4047.092388127004
19145,3580.9366439939654
19146,6400.577096323102
19147,6959.931230559012
19148,6169.894234626287
19149,5580.901889608556
19150,4194.488295556092
19151,6295.640290446907
19152,4491.9276092277805
19153,3297.571417963891
19154,6917.963180458838
19155,6646.458477568437
19156,7583.737163282545
19157,6743.325601893096
19158,4723.381827440612
19159,6585.949561033435
19160,5264.686180569429
19161,4329.643496013879
19162,5464.934823180113
19163,6294.020236879461
19164,3906.8244498135236
19165,8078.963183554477
19166,7253.520279742802
19167,4708.262711757469
19168,4731.357102882421
19169,6255.815853876549
19170,7207.043525056671
19171,5585.302997892838
19172,5401.5030533376375
19173,7547.044457054595
19174,5863.982352912989
19175,7782.280880538459
19176,5459.385485644084
19177,3866.8161544806094
19178,5070.565794144817
19179,6117.955494607917
19180,4179.251076813605
19181,5596.980273128373
19182,3999.058542732954
19183,6417.791442788268
19184,5867.101462955354
19185,6254.271558526332
19186,6677.6073881505245
19187,7389.448084017144
19188,6161.915003297244
19189,2839.298660366128
19190,6023.891091655169
19191,6626.5068499949075
19192,4625.590656576988
19193,5309.519247902834
19194,6387.862988333564
19195,6493.275309629092
19196,5537.187461419868
19197,6527.512500677331
19198,5148.3689371775645
19199,7485.270073130119
19200,7284.094647681101
19201,4523.422878630825
19202,5598.111371472635
19203,6779.117882956957
19204,6549.418552757438
19205,7656.413199811959
19206,6687.933729084933
19207,5680.243047929955
19208,5753.250050879432
19209,7432.700841091897
19210,5403.698701410405
19211,4740.21469383929
19212,4205.970042600225
19213,6502.12444200056
19214,6060.143063378716
19215,4090.0179570658333
19216,8295.638988211414
19217,6701.397191215248
19218,8049.776103991812
19219,5154.97591
19220,3470.2488055446265
19221,4174.224486515161
19222,6111.418494352144
19223,2690.6241445307464
19224,4749.824326493321
19225,6564.2208855908575
19226,6512.2060722415035
19227,6717.619267422039
19228,7161.599880785132
19229,5616.776360729127
19230,5886.205540769247
19231,4437.746416139784
19232,5300.306191273299
19233,3887.697110033078
19234,6186.43482138715
19235,6212.776811341677
19236,2825.0037400234078
19237,4937.63446675129
19238,6670.056753622211
19239,5155.773207774651
19240,6404.957523517935
19241,7167.848156308301
19242,6641.136688417642
19243,6298.626778052631
19244,6726.00472722602
19245,6621.3957749869105
19246,5739.835390335302
19247,6228.403090256581
19248,7112.22204833745
19249,8042.606790108554
19250,5689.8512898801055
19251,4553.4194018484195
19252,3828.3437342782686
19253,5932.864896710732
19254,5331.923587874786
19255,6028.875528856976
19256,7166.817196014583
19257,5313.238956182451
19258,7277.606751910908
19259,6683.6950201663885
19260,5959.308806366118
19261,5671.2196613330625
19262,6094.536403857112
19263,6823.460764034753
19264,4394.241784171234
19265,7557.91808375196
19266,3510.952063553399
19267,5469.668987919472
19268,5331.518707681442
19269,5021.096269093709
19270,4693.847239718218
19271,4881.767524625824
19272,6833.714193420069
19273,6278.027312282363
19274,7697.66701860203
19275,5973.040937737761
19276,7896.533371027831
19277,6834.710481239417
19278,7843.427724936775
19279,4250.969401617484
19280,6257.05216454393
19281,6049.390780495909
19282,6513.045369676111
19283,5396.485253731941
19284,5190.951625069498
19285,5619.797775420927
19286,6775.970478007501
19287,4430.153756745214
19288,7479.827670701745
19289,6411.88732192104
19290,5292.458420208743
19291,4955.227845463583
19292,7541.735059570114
19293,5940.957513971538
19294,6388.692747551759
19295,7037.509414943202
19296,5314.572326585284
19297,3831.539923749461
19298,4250.440802650827
19299,8134.004821245838
19300,6811.372679885814
19301,5443.445246874474
19302,6649.5668746578
19303,4870.830470747925
19304,6807.894344623165
19305,4268.986566561653
19306,6287.622425438085
19307,7443.947740536847
19308,6512.291186957362
19309,5069.0512255182
19310,6255.703685390869
19311,5995.051874563413
19312,5333.802412152961
19313,4539.690579805433
19314,6444.384761952227
19315,7713.560238126783
19316,4947.2381561834345
19317,5787.872109643736
19318,6287.992820290596
19319,7211.239386172977
19320,6704.509871974108
19321,7128.455886123179
19322,8015.47999022603
19323,5936.466475955838
19324,6333.87536249749
19325,7368.398286529888
19326,6084.836186986008
19327,4763.867197996226
19328,6688.655830799362
19329,5608.044184081283
19330,6155.701751302399
19331,7074.750459006765
19332,5065.359932039999
19333,6155.659999824811
19334,4865.967949207365
19335,5387.787794545003
19336,3031.7089173237728
19337,7333.111636081902
19338,8006.416015848247
19339,7303.028442306095
19340,3656.981169127021
19341,6515.818247835926
19342,6847.663066528463
19343,7444.0131023154045
19344,7193.15236691591
19345,5249.058603646436
19346,6716.196307939094
19347,5072.5641026867015
19348,6495.145662560732
19349,6279.058482943846
19350,5163.790142796249
19351,6584.0400386590845
19352,4424.854132105291
19353,6163.925704306597
19354,6711.6500341757455
19355,5577.828743472885
19356,7550.246461458196
19357,5734.438128620351
19358,6479.167703615265
19359,5231.262044753783
19360,6529.787817864544
19361,4566.076334444684
19362,4614.586567742875
19363,6104.164935961847
19364,5353.074548615796
19365,4904.596834893293
19366,6158.773586025282
19367,5796.3681867988535
19368,5500.0063138091455
19369,3579.905336568634
19370,6516.118357899267
19371,5422.689157178232
19372,6594.830989041535
19373,4929.514402437463
19374,6247.472050535592
19375,2890.149795094488
19376,7161.432558110123
19377,4294.488228552856
19378,7485.180761729571
19379,5602.563295805869
19380,6635.976912207802
19381,4644.5217423542645
19382,7250.5638746688155
19383,7888.02656251496
19384,5388.503690032357
19385,4747.3943937627455
19386,4626.089771563353
19387,6811.992333952055
19388,7738.881709999409
19389,5632.947647103783
19390,6221.855109529642
19391,7448.508110055794
19392,7379.386683453932
19393,5775.22534712831
19394,5336.975650391521
19395,7063.496216758491
19396,5309.490991299743
19397,6190.595936441281
19398,5710.744577626619
19399,5632.965036655121
19400,8364.371632299628
19401,5736.591735905749
19402,7299.2488087870315
19403,6580.649803446748
19404,4233.272552961785
19405,4208.890814765209
19406,6751.585839158235
19407,6935.497409467937
19408,5841.665490169876
19409,2648.8322941975707
19410,6108.291726437266
19411,7159.857629907608
19412,7122.021206950422
19413,3786.7096672096654
19414,5132.068155887297
19415,4499.207835136562
19416,7167.80390952021
19417,5217.916797679731
19418,6374.941224636792
19419,4783.2253281862095
19420,6763.180172757451
19421,4187.489855714445
19422,5732.158830532729
19423,5742.079131265987
19424,6048.179535725399
19425,6856.301363732562
19426,6645.920662150702
19427,5111.379818369178
19428,8286.109237274968
19429,7172.3774150878535
19430,5340.867971510619
19431,7868.4311546915815
19432,5542.354931877301
19433,6214.118850562037
19434,4405.745316670949
19435,6231.429812965084
19436,5249.003072645524
19437,5538.585345748174
19438,6196.067568436499
19439,3390.102675564877
19440,4674.740944051871
19441,7177.268217917859
19442,5889.657324437078
19443,8010.015373531085
19444,5380.4879267396755
19445,5699.547417814485
19446,4229.615434964243
19447,6808.197296674394
19448,3825.596112882786
19449,3813.2596527178553
19450,7771.009974613787
19451,7897.93189684124
19452,4361.868973594386
19453,6312.274152255392
19454,6854.50462989107
19455,4162.492883099815
19456,7955.810199426966
19457,6451.93646866354
19458,6353.264634565459
19459,7373.152221149181
19460,6583.629594388947
19461,5460.743720415648
19462,5862.31001888098
19463,7300.473650340017
19464,4440.611933258691
19465,6434.168256340293
19466,5685.752028695725
19467,7242.947662883529
19468,7449.8776841906165
19469,8099.758639048631
19470,6111.480094699768
19471,5575.3497167735595
19472,6679.548704617301
19473,7117.947883205897
19474,6205.666471340818
19475,7927.353653055463
19476,6480.317588134469
19477,5798.078762243659
19478,6602.578679255816
19479,6776.374051951619
19480,5271.177664824627
19481,7676.742002236229
19482,6249.9157378634445
19483,7685.769516074319
19484,7367.299937664174
19485,6824.269551069702
19486,7690.163485553365
19487,7450.724695723333
19488,6466.879271290609
19489,6649.718787905057
19490,5713.179697491016
19491,2988.066042109697
19492,7269.037647147947
19493,4599.935444132659
19494,6358.967519591477
19495,5347.0044418128555
19496,7020.34940027908
19497,7660.886038549682
19498,6425.71217176067
19499,5154.97591
19500,7367.610692724041
19501,6993.822682534013
19502,6180.1969737654135
19503,7514.793216671604
19504,7439.577086660224
19505,4724.644119084678
19506,4195.834367133053
19507,6498.610547452081
19508,4843.437932231514
19509,6720.090875839324
19510,4842.702633589249
19511,5058.225996792514
19512,6209.572050272408
19513,7468.625275614118
19514,4096.711158816506
19515,6181.069682515618
19516,5777.0742923451935
19517,7349.660240219428
19518,5400.441042817703
19519,6182.75087
19520,6615.727851902905
19521,8175.763299884543
19522,5493.145212800423
19523,3740.7574089104837
19524,6720.370468192362
19525,4694.570102616096
19526,3759.599508198735
19527,3636.390017538595
19528,5891.085858767642
19529,4940.238828691358
19530,7546.698321706235
19531,4529.403562674611
19532,6686.587704736123
19533,4542.922243208358
19534,6949.892642895851
19535,6128.919551596959
19536,6903.32493183888
19537,5453.311790510878
19538,8239.506015461422
19539,6519.370979771405
19540,7508.8378098765015
19541,6065.086895092627
19542,6998.378738807855
19543,6495.00170894625
19544,5084.3016338858515
19545,7034.0129946722145
19546,5353.049069792264
19547,6237.7307332445
19548,5186.0161371570375
19549,5977.19775012025
19550,3709.8133069232886
19551,3911.5716700232556
19552,5827.375509453908
19553,8252.839986323726
19554,7321.81924300124
19555,6361.88762320703
19556,5868.9247453622465
19557,7341.063818455424
19558,4287.935645871656
19559,4568.530051241858
19560,8538.459212168638
19561,6546.268767773417
19562,7124.148507860207
19563,5509.259586142127
19564,5734.818259513152
19565,4280.87177779101
19566,4295.78327185659
19567,7499.273984751669
19568,6537.788738989106
19569,7785.340100637404
19570,4756.134444487062
19571,6552.7984589135185
19572,4293.106530889103
19573,6528.82058063239
19574,5819.395918975425
19575,5967.884226096089
19576,7351.948228441403
19577,6211.032556206807
19578,4841.528781492826
19579,6792.130427028449
19580,2379.912494527391
19581,6230.807655827036
19582,5950.33186295485
19583,6124.6035417658795
19584,7008.095583345595
19585,6402.758610101534
19586,5777.0212521283165
19587,6726.231916202753
19588,6458.550924838676
19589,5658.133386863675
19590,4576.567450194094
19591,4121.582036214942
19592,7428.091821197249
19593,8261.652224136616
19594,6091.051041106639
19595,6738.624182877301
19596,5997.93904460017
19597,5176.869110449172
19598,4258.647853460333
19599,6664.677504771031
19600,5438.508077196401
19601,7658.830771941177
19602,5039.226281658731
19603,4834.290880242455
19604,6729.614840415585
19605,6343.861514345122
19606,3938.891280694867
19607,7790.171149185692
19608,7303.506209074201
19609,5646.764826527236
19610,5994.348225159506
19611,5117.497408226089
19612,4255.739166183045
19613,5482.94383816794
19614,7421.882034186399
19615,5782.736327037031
19616,7340.852584213293
19617,7693.221683728938
19618,8465.8855064326
19619,7408.523428094872
19620,8183.92547108023
19621,7104.6247433495
19622,6680.392129556079
19623,8403.794190332286
19624,5466.0141103784
19625,4305.334461554096
19626,8057.795846798381
19627,6848.5868255713385
19628,4113.04117484974
19629,6752.763455137791
19630,3918.0580306087454
19631,5761.215179635598
19632,7175.793311018122
19633,6297.279627858614
19634,4473.66064489501
19635,7089.698407214284
19636,3613.7429034629104
19637,7114.470400117228
19638,6649.494803466551
19639,5382.882410998461
19640,5664.409560328091
19641,4160.935194875067
19642,7617.835112569548
19643,5632.848604888915
19644,5153.261921789778
19645,6519.945307851595
19646,4383.484906889524
19647,6826.625160753592
19648,4244.674255511004
19649,4357.863356432481
19650,7924.686886402247
19651,5392.293777433906
19652,4644.258330056359
19653,7234.022415940381
19654,6140.834438959794
19655,5947.85040113811
19656,6105.10709772057
19657,7002.136472663683
19658,3049.3351082038007
19659,3474.727032303689
19660,4517.202689748906
19661,4802.247588314991
19662,5436.168548759348
19663,5552.020457275365
19664,7664.7463423935815
19665,6303.686290112945
19666,6248.523892413367
19667,7619.511064455526
19668,7302.858577682468
19669,6416.13221308478
19670,5508.115229019674
19671,6505.065519446814
19672,6478.417199547839
19673,5176.32503041705
19674,7105.345286113747
19675,5658.906536187407
19676,5246.274778639486
19677,8302.342911964686
19678,3846.6088759172103
19679,4122.295659289428
19680,6613.175764207515
19681,5291.012839691968
19682,6795.72482399312
19683,6147.381167278956
19684,3941.6046324058475
19685,6099.333260955389
19686,7579.088788248502
19687,5605.541720369426
19688,5541.167640618019
19689,4149.225695422898
19690,7710.397473389234
19691,3494.999677540919
19692,5479.293320562251
19693,6231.313666443673
19694,7440.485232320011
19695,7012.913507444758
19696,4207.846883103
19697,6597.955375470272
19698,5462.353996316831
19699,6244.916084047325
19700,6291.627149839825
19701,4423.865286010099
19702,6777.42650591629
19703,5366.156589488437
19704,6253.133534036001
19705,7119.881755448931
19706,6901.442080146739
19707,6926.53589863924
19708,6266.885378962829
19709,6301.01150103217
19710,6698.483855707182
19711,7086.363851919748
19712,6249.47082
19713,6060.262097853617
19714,7303.065593153445
19715,5301.880564065967
19716,6659.854706138845
19717,5019.976928029274
19718,7450.248790790426
19719,3213.3015950636936
19720,8128.521923717712
19721,4944.34905545325
19722,5336.8615966581865
19723,7260.44383106204
19724,8193.22212391598
19725,5912.516635631467
19726,7551.70824820235
19727,7858.685585187181
19728,5678.014030587253
19729,5056.026706269972
19730,5888.159420258931
19731,6582.1811178537555
19732,6397.667909106189
19733,6276.559323218261
19734,6738.57932639084
19735,7815.651266898692
19736,6557.454012859829
19737,5247.126387300434
19738,5011.715094467368
19739,7218.019967675009
19740,6534.177445180493
19741,5581.854966494741
19742,5916.117161518072
19743,5648.721328568041
19744,6632.526740228174
19745,6062.109459564287
19746,7311.53123046182
19747,6960.780832202887
19748,5369.820112712916
19749,6636.07401118268
19750,5458.384022824556
19751,5625.069257265848
19752,4191.972655139405
19753,6912.970166232809
19754,4021.6197238211607
19755,5935.32805266736
19756,5952.549858162266
19757,7755.722651895429
19758,6348.210770421384
19759,7088.226072493304
19760,7298.701755732253
19761,7719.679869171299
19762,5962.161416507533
19763,4706.205866034622
19764,6040.702344772414
19765,5833.4061596314805
19766,7984.19987954344
19767,5329.91366845369
19768,6588.149022272656
19769,7096.705850904294
19770,5640.546732672926
19771,3512.8911996221022
19772,5578.309828904307
19773,6142.511151039221
19774,5073.738278448252
19775,8142.44526345799
19776,4388.778563761801
19777,5624.434696779374
19778,6665.72933472991
19779,3785.617182295769
19780,5462.824472119174
19781,5226.816039873524
19782,5306.259100156363
19783,5616.992036221203
19784,6141.003205081694
19785,5772.065795545549
19786,7807.668894386956
19787,4390.975838733189
19788,7141.103082755405
19789,4678.414827672702
19790,7095.9358169555335
19791,5343.013647578046
19792,6269.727878809459
19793,5655.5063158022485
19794,5976.990068094427
19795,6105.068842196943
19796,6509.306363816783
19797,7244.745283536566
19798,3406.91599538189
19799,7850.623192667588
19800,5313.302733848487
19801,6872.544431271226
19802,6103.749919456627
19803,5628.720250315767
19804,6358.474427135905
19805,4933.442846989613
19806,6878.980351966724
19807,7817.508879533331
19808,3887.9339547954546
19809,6715.572458512117
19810,4383.277667863405
19811,6703.437471413057
19812,7540.789978557818
19813,4879.909308049804
19814,5768.243041521289
19815,7712.399833642343
19816,5960.258095144864
19817,7968.439058995265
19818,6275.859399932036
19819,6349.457528338087
19820,8005.7634087813385
19821,5128.07455260154
19822,5875.805689166405
19823,4356.246799547531
19824,5700.266086484896
19825,5942.4630829616235
19826,4359.7917505551
19827,5827.184162711298
19828,4477.29261574354
19829,3723.707067130817
19830,7995.777400422525
19831,4946.721498779119
19832,3471.1922040122026
19833,4643.813205779886
19834,6365.116267448554
19835,3385.3642199999995
19836,7292.100258944193
19837,4046.68729120134
19838,5435.653545462562
19839,6651.817001063657
19840,5328.765310239921
19841,6036.7832781645175
19842,6256.310856665965
19843,4331.555152930622
19844,5022.691868745404
19845,4267.552016504272
19846,4866.6138273034185
19847,5772.794718824521
19848,7457.418322126226
19849,6124.901533090461
19850,3988.1826303073785
19851,7261.389590932216
19852,5295.65208564137
19853,5341.5435239785365
19854,6091.52642823166
19855,5505.2506096225625
19856,6964.098280689655
19857,5734.684236768403
19858,5800.4133752045955
19859,4821.607270432816
19860,4945.224265281827
19861,6406.765947132453
19862,2453.389770959372
19863,6973.15896336838
19864,7388.1533494249
19865,7523.812133221731
19866,6577.908980093146
19867,7557.880026171863
19868,5609.972281706621
19869,7447.994659069586
19870,7003.010278909774
19871,8374.120914574434
19872,7154.363549451224
19873,6340.5221556583065
19874,6230.791226212387
19875,6778.606105183772
19876,4568.913963410612
19877,3936.025164683564
19878,6058.721280048749
19879,6507.667850902273
19880,3511.5411806662355
19881,6213.387654043499
19882,7474.499339771282
19883,5305.585410460531
19884,6799.058646168451
19885,7485.741802442116
19886,7928.547983972608
19887,4088.0228091005306
19888,6693.99479073364
19889,5455.9221101862495
19890,5469.085432322542
19891,4085.556355839907
19892,8130.954323639362
19893,7371.664485792053
19894,7151.658331309863
19895,5561.157571534603
19896,6030.864348751912
19897,6364.954651913579
19898,4827.656226063089
19899,5233.073652300221
19900,6089.497814523717
19901,5770.1068355777
19902,7642.165088940335
19903,4793.292728601035
19904,6435.1627877266565
19905,4679.299233781037
19906,5593.721873073824
19907,4229.23714572859
19908,6904.144681954461
19909,4412.734387246107
19910,5780.040376079923
19911,5965.523521772329
19912,5388.513744998731
19913,7835.832189317215
19914,4722.030150323098
19915,6277.434627185591
19916,6103.347013928099
19917,4484.43378784714
19918,6582.2661793379675
19919,5856.677321887659
19920,5332.335884264743
19921,6049.928269344271
19922,6437.333108008112
19923,7083.560571018737
19924,4318.941300043475
19925,2508.413963057678
19926,6652.758784995424
19927,5687.704580918915
19928,7558.543472841976
19929,4873.376517768521
19930,7297.703517639253
19931,7014.290869491447
19932,5848.759005260258
19933,4875.128892683152
19934,6257.253475844762
19935,6751.327345983251
19936,7797.864217621812
19937,7115.139557544012
19938,6166.211666224842
19939,4531.315279761594
19940,4790.509992718557
19941,3529.500047544307
19942,4858.127472566837
19943,5967.132759688047
19944,4822.1506836559565
19945,4705.801514920969
19946,6048.345256542919
19947,6806.340270348996
19948,7452.494916630492
19949,7853.618709922893
19950,3669.5968774110383
19951,5317.01609371754
19952,4561.140465333451
19953,6726.225015887802
19954,7240.059281674981
19955,6704.156865191683
19956,6225.7471827371355
19957,6442.339699311385
19958,6719.08261770884
19959,4034.265600780399
19960,4240.110485352092
19961,4890.5241885153455
19962,6371.142137663329
19963,5391.649073674488
19964,7883.368648179342
19965,7831.462789751843
19966,5602.54364699924
19967,5891.77568664189
19968,8134.7265499999385
19969,4119.929561872674
19970,4433.536568773848
19971,5255.310345846074
19972,5750.93051742744
19973,5128.830132332967
19974,7636.702004352418
19975,5021.933316266155
19976,7727.16334794723
19977,5983.931125996565
19978,6830.212583669915
19979,6512.348106540221
19980,5241.547264775234
19981,7778.349160127464
19982,6065.857941554192
19983,3494.9429600001986
19984,5535.2724553963535
19985,6287.1538471777285
19986,7276.709264636996
19987,6213.258172567872
19988,7608.304512747676
19989,6583.175559471658
19990,5258.334021274295
19991,5456.763315055827
19992,3822.417369624827
19993,4833.830693871285
19994,6545.302852905845
19995,5612.375845440178
19996,7791.067749340931
19997,7410.44375011618
19998,7528.084510112971
19999,7159.67955436354
20000,7640.309961956104
20001,5082.648297404724
20002,6969.396924980767
20003,6102.842127176936
20004,2379.9173437373042
20005,3644.8123533554462
20006,4760.674488368999
20007,5061.819598135473
20008,7935.095387668749
20009,5556.473538785262
20010,5510.925851783001
20011,7311.878678504502
20012,4910.532920499862
20013,6846.618479228411
20014,4623.971380969936
20015,6312.103204415433
20016,4152.072632819672
20017,8252.88389165997
20018,5601.159012023529
20019,5272.876636256308
20020,7714.9489898395295
20021,6378.156045499858
20022,8285.697051983288
20023,3891.5815732374767
20024,5731.929047169124
20025,5630.787413753891
20026,3886.7187336799416
20027,7628.770174010592
20028,7775.636453091443
20029,7146.080521630356
20030,6369.868413520564
20031,6154.487786505304
20032,7507.846653510055
20033,6841.099924783495
20034,5991.274733002297
20035,6552.374644192222
20036,6785.911455601542
20037,6594.201295842414
20038,5971.532384934146
20039,6320.5038429343285
20040,6583.093074001738
20041,5890.78850263104
20042,4774.092940704271
20043,8173.486106652782
20044,5663.815409149257
20045,2452.6858942941994
20046,7600.533591630939
20047,6749.136931098762
20048,6484.60864256032
20049,7001.210409398372
20050,6245.18260863457
20051,6390.696208635389
20052,7205.771019141664
20053,5834.981639961128
20054,6430.885440512567
20055,5797.443905861735
20056,8249.779832895256
20057,5065.563449400141
20058,6025.852904180615
20059,5410.0665239237505
20060,7933.328991809783
20061,5681.998721408648
20062,5453.652400443341
20063,3708.940709354142
20064,7035.653991715477
20065,2508.3849148659497
20066,5341.151673821641
20067,7129.298289506421
20068,6697.6355735762345
20069,7121.220939995495
20070,7350.949535922781
20071,7019.883327653433
20072,4273.387623293271
20073,7153.879694616934
20074,7238.328812399775
20075,6213.748670448979
20076,7400.466528468822
20077,5140.784115044292
20078,5254.819597710844
20079,5225.364652347445
20080,6158.300366975592
20081,5645.207553392415
20082,7269.108626009115
20083,7634.4039971695065
20084,6284.595077681823
20085,7639.079577768023
20086,6841.135606969293
20087,4167.914187456607
20088,5501.60844065455
20089,5976.056005928818
20090,3916.2716901576396
20091,3870.024366357057
20092,6737.419265473344
20093,6480.122729549602
20094,6333.307165578426
20095,3989.8863721346274
20096,7310.41637235732
20097,6372.214528233377
20098,4195.581786862024
20099,4014.3723944573903
20100,7447.955000385606
20101,6253.901559648961
20102,8251.368986745778
20103,4558.862429992931
20104,5456.300292947385
20105,7246.8639299282095
20106,6774.173832841376
20107,6646.013916914673
20108,6226.5071955224585
20109,6619.26559334095
20110,6502.702524720612
20111,4953.533371394942
20112,5979.021085076124
20113,4151.979271729388
20114,7344.87419980561
20115,7944.770588854274
20116,7161.258218041828
20117,4870.9565603276205
20118,5427.5989143955485
20119,7084.047008154503
20120,6911.825465924747
20121,5692.813742436296
20122,4256.30629475547
20123,5373.988064466358
20124,7858.493024093833
20125,6225.903577714501
20126,6492.315928680347
20127,8177.802636853481
20128,3489.5896961583776
20129,8091.810554635257
20130,3871.182042467635
20131,5247.366091287386
20132,3907.9890299103045
20133,4510.621318882035
20134,5386.1494609830615
20135,6545.532555754241
20136,3862.5543643613482
20137,7142.713038350887
20138,3484.1852869126747
20139,6482.201531431399
20140,5587.7856087482305
20141,7857.097545055538
20142,6419.684088624997
20143,6270.305866734008
20144,4164.137808909827
20145,6822.971730296223
20146,6143.915125360977
20147,7544.573289381417
20148,3868.155526819954
20149,4939.615785048216
20150,2738.2490692353763
20151,4067.5475152772415
20152,7383.93826832073
20153,5517.674712504947
20154,6295.193382723656
20155,5803.26642256544
20156,6227.207320091219
20157,6433.3389408481835
20158,5920.096362202228
20159,3941.8250544578314
20160,6408.071297098204
20161,6888.912876474723
20162,5903.416527253344
20163,7081.872204278283
20164,5587.996833726334
20165,6553.323900102244
20166,3637.920047088438
20167,7866.860709885695
20168,5404.352395178222
20169,5504.453597189655
20170,7417.777340508986
20171,5939.85279106811
20172,7850.923020663537
20173,6246.128231682714
20174,5044.0580852879475
20175,6465.372049936986
20176,6606.447437848551
20177,6512.757357522622
20178,6089.820686851658
20179,5875.687954479301
20180,5514.010862539547
20181,4530.357016954778
20182,3306.2544698563993
20183,7760.966123023932
20184,6860.88363598251
20185,7771.010175015022
20186,5636.4934628460815
20187,4917.115282635111
20188,4607.129520096437
20189,6093.8900646112015
20190,5256.871773747601
20191,6384.651301278266
20192,5485.522509540348
20193,7543.452259694502
20194,5980.472505223158
20195,6197.556553778751
20196,6198.0946046971485
20197,6446.960918707719
20198,4499.278103815541
20199,4558.98071938473
20200,4848.898771383252
20201,4696.433326314173
20202,4642.217131441576
20203,7244.459780876246
20204,5326.553793944198
20205,7179.527655675925
20206,7547.724822079211
20207,5676.860466859208
20208,6455.594976868462
20209,7134.855072654711
20210,6464.367780760073
20211,4689.999894070404
20212,5660.564033647347
20213,6218.774274665
20214,7668.449616868886
20215,6188.330809145424
20216,4857.504827482642
20217,4139.983160727043
20218,6521.259113130563
20219,6383.614919226819
20220,4811.481791603578
20221,7414.128545757691
20222,7639.9312045444885
20223,7789.820314826731
20224,5404.080590972388
20225,7804.511703277724
20226,7677.03825612799
20227,3712.380328345422
20228,7076.653116612745
20229,6603.661884791381
20230,7621.352324132688
20231,7080.540568619763
20232,6551.022668472272
20233,5533.488778076053
20234,5877.1671395503845
20235,7350.009971891483
20236,5697.836956897139
20237,6014.671779630212
20238,5555.058643836898
20239,6593.4036962729415
20240,6071.43798116313
20241,4783.905524874142
20242,6885.283532702177
20243,7920.135840994829
20244,6419.526569869096
20245,8732.54995951283
20246,3753.4737922852783
20247,5592.6535883264805
20248,3937.841116564247
20249,5893.886601168619
20250,7702.908718697438
20251,4946.319650196894
20252,6105.836039270623
20253,4427.174617092586
20254,6143.020741366842
20255,3877.608936599133
20256,6369.350234514819
20257,6281.396774157224
20258,5776.239843972855
20259,5783.101265424636
20260,7843.275934910726
20261,6409.424817879545
20262,6845.26860965034
20263,5573.562744121057
20264,5782.273483137532
20265,7468.38584321537
20266,7479.978725761404
20267,6784.83968513765
20268,4414.9912029533025
20269,5585.740695077202
20270,6992.485032880522
20271,6935.247179698137
20272,3422.258475937124
20273,7533.606387100814
20274,5698.786252038895
20275,7128.980124991272
20276,6489.461999721044
20277,6448.577719638647
20278,5702.1710562316575
20279,7870.2978366826965
20280,5307.314625412766
20281,6819.996415513404
20282,7652.0493879794885
20283,6908.156682160485
20284,5641.068033383873
20285,5209.366188620714
20286,6310.09594671423
20287,3837.4392247633596
20288,5803.396058466485
20289,7270.142222234347
20290,7243.571733625332
20291,4727.1589512577775
20292,6038.083881700757
20293,5137.823078585105
20294,6862.270162179766
20295,6514.953549761991
20296,7773.8175001952695
20297,5316.780286184717
20298,5460.161813140602
20299,4864.88118504114
20300,6728.3514436496735
20301,4567.466819642937
20302,8163.754151355763
20303,5703.616922329102
20304,5038.987060254277
20305,4617.061714269713
20306,4356.610735274365
20307,7414.966827516249
20308,4906.960149098414
20309,3954.1423492995596
20310,7181.035917964284
20311,3911.422250002065
20312,5174.746769585248
20313,7541.072907217911
20314,6215.303049087102
20315,7128.431813052304
20316,5502.660881055751
20317,1671.9300593818894
20318,6553.187550312387
20319,7443.100911083465
20320,6670.07275416041
20321,6156.923843424372
20322,7561.85334582073
20323,5976.390938447486
20324,6469.041310528469
20325,3363.877474775407
20326,7931.235567074638
20327,7644.056907528928
20328,6036.678891092848
20329,6094.5643678675915
20330,7386.355157082374
20331,6186.904830902682
20332,4596.066681134007
20333,5812.120446893059
20334,4008.35678525505
20335,5844.03719013312
20336,4052.0164180157476
20337,4282.964044980357
20338,6470.529498939938
20339,3923.308598473839
20340,6801.199678916834
20341,6218.114355258604
20342,6731.599457957753
20343,6290.958357970766
20344,5263.614085463568
20345,5175.359878394153
20346,4251.868273620901
20347,5149.386276035354
20348,6034.5938933581465
20349,2574.9950572540997
20350,6102.08500830832
20351,7602.294439962481
20352,3727.8109124998823
20353,6240.129364113988
20354,5256.131459988852
20355,6742.059194415843
20356,5444.890464874516
20357,5461.600097515222
20358,7383.480178305613
20359,7142.610460010292
20360,8315.135565305383
20361,5224.873081383428
20362,4930.23261706222
20363,5295.6498990539085
20364,5745.442901782589
20365,6027.847920982788
20366,5446.230942635662
20367,5902.9452259641685
20368,4104.963006491299
20369,7547.959664546659
20370,3244.329880121822
20371,8357.949468315506
20372,5572.946854026603
20373,6644.914254442681
20374,4176.66509509703
20375,6982.784418436579
20376,3787.631982250821
20377,3081.392689299061
20378,8086.355621141481
20379,5220.768375825063
20380,7729.6563604479625
20381,7062.191628885559
20382,6081.07323276176
20383,6501.916401726927
20384,8294.554059081933
20385,6096.338613140684
20386,2765.1807809188354
20387,3539.4612472475374
20388,8129.272377033847
20389,5586.822156874401
20390,7224.801086900698
20391,7188.756744782397
20392,6909.592951685919
20393,7308.4091383586365
20394,6406.376430343029
20395,3038.7952990952704
20396,6578.178946502665
20397,6235.579484665839
20398,5291.905402584138
20399,6464.701105383738
20400,7642.697514086509
20401,3971.621919554502
20402,6122.516199000153
20403,5364.380788527671
20404,7588.783361018801
20405,5046.009970774161
20406,6999.685307553936
20407,6505.022125456282
20408,4391.743316186332
20409,6501.108556344112
20410,8511.677500666177
20411,4201.461971042424
20412,6900.637036022052
20413,7069.704624016537
20414,5918.548066424475
20415,5152.25243476942
20416,6734.4435250658935
20417,6610.956387636632
20418,7232.4736975123005
20419,7410.481892320848
20420,7359.020148467765
20421,6107.943446874009
20422,6425.089600087418
20423,6417.240759468753
20424,6085.1708146698975
20425,6883.918397869202
20426,3655.173733110339
20427,5837.105342233479
20428,5911.818324307216
20429,6839.412283718519
20430,5471.823315147119
20431,5334.291927115018
20432,5907.805631405058
20433,6065.0850701701265
20434,7438.605109372484
20435,5471.10499214152
20436,4666.801681600259
20437,6589.264083897469
20438,4795.7168458656715
20439,6222.362489629411
20440,4363.741474557026
20441,5826.03061611297
20442,5239.328771790678
20443,6836.079335823211
20444,6985.963877056195
20445,4050.8121935199
20446,5033.003395560937
20447,7061.514568060443
20448,7736.15149734655
20449,7924.517702211931
20450,6227.533820309047
20451,7322.295006267759
20452,4019.8784745074286
20453,7641.921828492126
20454,7781.1760597191105
20455,5904.80577567519
20456,8150.770811069067
20457,4869.74652803573
20458,6995.685408632444
20459,3365.572897345118
20460,6394.284440507888
20461,7373.73213564898
20462,6198.425559078016
20463,6421.977776634002
20464,7919.530804833411
20465,4862.942687910829
20466,8621.733092461267
20467,5089.099193176145
20468,6666.010558590312
20469,6137.648889762253
20470,6475.894560864323
20471,4406.752280235142
20472,6212.341425414311
20473,6895.630453119463
20474,5220.100288693211
20475,5274.0282432596705
20476,7644.040215206113
20477,5677.328097051139
20478,7333.878910299172
20479,7357.697492294046
20480,4974.711250173583
20481,7628.2660560065615
20482,3998.5684985643557
20483,4917.269176217156
20484,5211.17711425996
20485,6256.602539449367
20486,7049.903281426489
20487,6434.889217331272
20488,2988.1118346891367
20489,4952.020298974242
20490,6537.363936360753
20491,5416.952623852732
20492,6048.967657462829
20493,5716.889549922085
20494,5895.791335275817
20495,7506.754039289867
20496,5226.3182863596885
20497,6371.589754470352
20498,4914.732213237519
20499,6980.5302808387805
20500,4269.761107515726
20501,7174.376273219408
20502,6001.41392207977
20503,6069.864822576244
20504,6905.768911096079
20505,7021.889673419324
20506,6230.432956075681
20507,4706.65357789708
20508,5568.108647411613
20509,6433.070604201837
20510,5782.279092378133
20511,4918.734590259584
20512,5970.153470880667
20513,5427.594329414508
20514,6420.012532016973
20515,5976.080136951218
20516,7204.770894374611
20517,3576.897601707687
20518,4611.060012323977
20519,6976.554890364357
20520,5746.616257239054
20521,7473.664559820882
20522,5437.293179292758
20523,4682.302097050818
20524,6913.538123576383
20525,5799.339579769155
20526,6297.169988470857
20527,8188.405898925087
20528,6020.965884341216
20529,5864.875229952909
20530,2380.2343576893923
20531,4427.436411172871
20532,7408.229166950088
20533,4561.01384962636
20534,7810.052913048879
20535,4781.850277063057
20536,7835.7745353523815
20537,4524.960621128604
20538,6344.966872172683
20539,6752.266216951268
20540,7419.3444745517845
20541,5460.35476809639
20542,4971.822677289748
20543,7525.119021389022
20544,5993.018371998347
20545,7041.256520183529
20546,5421.937516287323
20547,7331.817472389798
20548,6928.209680955441
20549,6607.426102244839
20550,2379.905210000054
20551,4467.869983593245
20552,5876.55983674994
20553,7149.245130993118
20554,5871.39511289574
20555,6579.460707637657
20556,5390.1694947977485
20557,3905.7170655969417
20558,4829.6667985668155
20559,5274.04023343565
20560,4042.8343365623855
20561,5600.730106967821
20562,4205.618386476378
20563,5869.659760131962
20564,6113.395401651311
20565,4423.365384530029
20566,7297.857733982879
20567,6872.459651803065
20568,4997.858858565815
20569,4460.322822177962
20570,7185.19678419553
20571,6287.7723283663545
20572,4614.873347844959
20573,5468.843381921232
20574,5729.048605990529
20575,8578.101470726073
20576,7285.27700003088
20577,6044.841997409697
20578,5813.9675456843115
20579,6430.137051832768
20580,4720.724102239524
20581,5570.736083320117
20582,5875.351670815208
20583,8065.04395358432
20584,7165.324553604095
20585,6408.757252519679
20586,8215.489539657081
20587,7283.427828525458
20588,8651.692482825347
20589,5151.429393543267
20590,4683.730963197434
20591,6453.10037400887
20592,4489.223839929394
20593,7488.129865919559
20594,6402.820285121111
20595,5780.649566644588
20596,5690.36619355508
20597,6169.259337774453
20598,5160.124406395716
20599,6306.915313201976
20600,5368.527143103249
20601,6446.292051139283
20602,6107.936872895903
20603,3669.161362095701
20604,4781.6559338957
20605,5197.449901126257
20606,7469.527684461136
20607,6260.614458014373
20608,4041.498645351312
20609,7566.96833356525
20610,4408.231385744293
20611,4809.239406029631
20612,4410.587098014486
20613,6574.818477975858
20614,8105.361057629256
20615,6393.507163839449
20616,6173.07660398856
20617,7531.488668281132
20618,5381.272772538667
20619,6586.226534116167
20620,4335.302433540633
20621,6250.203973676117
20622,6148.472535908423
20623,6294.565445585288
20624,6727.792428731982
20625,7535.887052923572
20626,4888.224433821776
20627,6020.919060366553
20628,6151.945428207886
20629,4628.992574430523
20630,5748.365672307643
20631,7207.443442902177
20632,7736.656423762249
20633,5073.591316119785
20634,6774.831231222252
20635,5952.601918698404
20636,5670.424542343137
20637,4274.515912794997
20638,7412.438722133709
20639,5778.473735112529
20640,6780.81466320856
20641,7464.979354230059
20642,6175.36612237028
20643,7426.517744782553
20644,6773.32216944111
20645,3470.3857479564826
20646,5189.084329068682
20647,6629.509316733998
20648,5111.358202822554
20649,4627.104772658529
20650,5684.615546168877
20651,4997.675244377836
20652,5423.157511865153
20653,7395.063450475522
20654,7190.158903690651
20655,7195.293295469757
20656,6689.135046707188
20657,7381.09004862689
20658,4111.514566276802
20659,6402.000803884423
20660,4432.884980555613
20661,6415.098074865788
20662,7172.899068628073
20663,5800.608665888302
20664,5238.680480377927
20665,5558.68304473477
20666,6327.4064576778765
20667,5289.493878448236
20668,6460.187643193574
20669,6113.268593814886
20670,6829.697040845212
20671,6222.357939041416
20672,5742.20118978624
20673,7611.3956179249335
20674,7873.545040918734
20675,8239.943355469242
20676,7017.484058487059
20677,5086.377563510392
20678,5267.039958140456
20679,6505.009315661108
20680,7040.161379123867
20681,5887.760450231388
20682,6832.495457367097
20683,6358.530481903707
20684,5233.650204422726
20685,5475.219300814307
20686,7141.470636340343
20687,4412.413242404037
20688,4455.886169434072
20689,6881.145844554824
20690,3545.650218855037
20691,5704.39498073438
20692,8145.362491293229
20693,6208.3968100825905
20694,8170.76206385794
20695,6562.936484695923
20696,5617.715674183317
20697,4785.807620626832
20698,6877.454972336794
20699,5664.56304893464
20700,7809.936250493892
20701,6026.452003308712
20702,5723.965934607875
20703,7285.035895380112
20704,8019.673829324653
20705,4479.391120267026
20706,4772.657585384155
20707,7572.499366778647
20708,7716.902365961499
20709,6231.162682358672
20710,4156.81258502952
20711,6575.159789341526
20712,6120.552837907382
20713,4226.046687141507
20714,6186.15475688931
20715,5520.413096892177
20716,5526.086810594484
20717,6404.6941725790675
20718,6370.59910724234
20719,7040.110186168152
20720,7052.632579853496
20721,3845.3139617152588
20722,4332.105402044887
20723,7776.889756963172
20724,6801.243867621773
20725,5963.809412706303
20726,6063.133478500263
20727,7686.858273620076
20728,5278.830948742842
20729,5041.678840477108
20730,5005.112343800522
20731,7411.257563112383
20732,6110.643654489648
20733,3977.853905370068
20734,5338.885489838243
20735,6968.952070851317
20736,5375.8946901199015
20737,6133.347131607737
20738,3998.05416
20739,5814.098415705434
20740,7098.9959969655765
20741,5486.402376362698
20742,6293.763907316311
20743,6196.037606245634
20744,5330.631339993946
20745,4961.744773914254
20746,5164.094945558046
20747,5363.226351819485
20748,6565.4138006071435
20749,5281.006396934342
20750,7645.763214299375
20751,7151.386619140978
20752,5997.763604334515
20753,6990.414250223458
20754,5181.186490014482
20755,6902.500196525706
20756,7483.130936193121
20757,3147.8089748368543
20758,6907.552846781812
20759,5729.6410874582
20760,7501.984056283786
20761,8007.15518185086
20762,6160.8800961774505
20763,4756.178722674208
20764,4721.982885391008
20765,4183.412171660787
20766,7076.125099275176
20767,8695.172965156984
20768,5837.215029723993
20769,4527.277747061345
20770,6400.383792231306
20771,7132.617328572202
20772,6922.551856053204
20773,5617.626821149814
20774,7311.000021888316
20775,7240.841716284681
20776,4104.926037704997
20777,7298.034986605354
20778,5514.288940625428
20779,4365.708396240233
20780,6399.444280243966
20781,7921.812318993785
20782,7025.09750165416
20783,7063.888420054128
20784,6155.54424329315
20785,5213.708422305945
20786,8484.519934128795
20787,7556.925578598673
20788,6305.634892033746
20789,6459.986806634637
20790,7125.237941373549
20791,7027.77724612292
20792,6995.3539394621275
20793,3649.4508972150015
20794,6358.676660610671
20795,6367.685626735206
20796,6869.722146994185
20797,5607.556811793897
20798,5100.450369503764
20799,6696.027441027692
20800,5319.366373721618
20801,4090.7372439678306
20802,7573.998650569559
20803,3583.518746058671
20804,5577.825576760096
20805,8227.440321010767
20806,6529.794478500482
20807,6599.746414359432
20808,6458.6525996261225
20809,6809.075642745458
20810,7244.6289527940135
20811,3837.511538965932
20812,4181.208897319237
20813,4808.494645718759
20814,6954.840448472144
20815,7388.938816353632
20816,7235.336082650029
20817,7624.520761561857
20818,5939.07337827553
20819,7261.7986922363125
20820,6602.027040373926
20821,6597.762332960673
20822,7368.68766530495
20823,7579.824307928278
20824,7597.85137682404
20825,6027.083288758547
20826,7196.136429217235
20827,8538.461998101382
20828,5806.712363707366
20829,4087.8660447556367
20830,5530.187421324331
20831,7719.711877952639
20832,6780.619349962537
20833,5489.644725166601
20834,4960.710053764441
20835,4674.388187783725
20836,5280.469473146846
20837,5399.603651984757
20838,5853.572785086492
20839,7324.036241325222
20840,5783.411323116863
20841,6268.50436605287
20842,8199.84199120462
20843,6482.705719950209
20844,5063.459512609327
20845,7068.137232381897
20846,5847.032985389639
20847,8370.42827841617
20848,7344.371541701074
20849,7024.772927876991
20850,6553.876507447106
20851,7095.133017219059
20852,4145.7352030014445
20853,5192.61063918282
20854,6860.305833775601
20855,7711.711952398273
20856,7899.485923357484
20857,6455.406050437216
20858,5560.250501158697
20859,5718.848058756075
20860,7022.926558732152
20861,7764.695312868568
20862,4158.837004813489
20863,6233.419754244547
20864,5525.816718471614
20865,3662.234742316976
20866,5972.844326916711
20867,4165.968142566559
20868,7496.436914435342
20869,6124.486468653484
20870,6757.101389182132
20871,7376.726421172286
20872,6832.467011719826
20873,6603.905573446454
20874,6573.261245398436
20875,5630.23880115353
20876,7790.821238859364
20877,5752.92640461161
20878,5528.208489558637
20879,5532.637387945573
20880,7464.758090068266
20881,6245.455496088552
20882,5743.418403944303
20883,7008.5612286659925
20884,6728.5855461892115
20885,5550.5253735933065
20886,5802.201807280027
20887,4684.987784363459
20888,6134.828313203797
20889,7521.737777700448
20890,6811.870547539508
20891,5255.929292600964
20892,7981.654698493824
20893,6749.166755441673
20894,5987.074599352986
20895,5736.667203768346
20896,7897.929582029367
20897,7238.239186056841
20898,8003.047652831279
20899,4123.215416174395
20900,4281.526405863089
20901,8194.286813291677
20902,8560.430557719448
20903,4909.4959131166825
20904,3943.4422252818003
20905,5361.839261264993
20906,7679.992874728592
20907,7473.910389237035
20908,6457.122305526015
20909,7073.496037550545
20910,7800.501277727095
20911,5627.754204922701
20912,7252.666480855763
20913,6873.399751938774
20914,5481.345567647124
20915,5182.85450148339
20916,7312.612236809864
20917,6779.807463140261
20918,7387.0466037712395
20919,5539.5256059493095
20920,4421.0974136964105
20921,5054.217875688745
20922,5888.169041513944
20923,6109.299278801426
20924,5956.498639889673
20925,5421.715872859281
20926,6725.414893762041
20927,4476.135031639459
20928,6521.096417108835
20929,4653.400664418741
20930,7777.040207244306
20931,6412.6032602124915
20932,6627.192053810987
20933,5621.865507900502
20934,5910.492352972412
20935,5090.689944418987
20936,6249.554610573162
20937,6477.731295895019
20938,6182.75087
20939,5330.061921619857
20940,6507.756226372642
20941,3920.9051725585837
20942,7548.043347088912
20943,3394.850329443327
20944,5790.463052846638
20945,5593.541373799412
20946,6533.073607542702
20947,7342.345160688652
20948,6588.952424839945
20949,5042.639538938155
20950,5420.483660148062
20951,7540.760854549586
20952,7121.577808208826
20953,6607.631343886486
20954,6595.90158
20955,5243.173689234627
20956,5618.264108454063
20957,7215.7069948337
20958,4781.217576139718
20959,5267.73300727802
20960,4520.460721177678
20961,5575.392955671164
20962,5956.852620701816
20963,5355.739767109663
20964,6337.370911552779
20965,7228.154195889267
20966,5904.252872160547
20967,4066.422224356908
20968,6903.859032555964
20969,6569.5721582373635
20970,6980.475685252236
20971,6317.802424023783
20972,5885.380567396452
20973,5998.73604234892
20974,5853.3009232205495
20975,7190.481879976329
20976,6068.663911296198
20977,6348.577774631773
20978,6268.171020918473
20979,5627.229279902815
20980,3428.035111695122
20981,3710.240092960322
20982,7148.159947548805
20983,4763.38771726226
20984,7043.650728294066
20985,6626.401586288847
20986,7798.392632701589
20987,5022.145697438883
20988,3172.329310734426
20989,6371.1241395584275
20990,7355.476694521271
20991,6229.851792125828
20992,5316.655035973289
20993,6254.079370940312
20994,3635.2463861526408
20995,6892.6721914875925
20996,6964.686264160689
20997,7166.311473646793
20998,6556.707199384672
20999,5442.827331404423
21000,5706.505659697444
21001,5504.934391857402
21002,8136.70181862347
21003,6549.018614129381
21004,6774.596847142897
21005,5727.540712197285
21006,6280.971135748244
21007,6638.171856956875
21008,8600.5567684569
21009,5980.229547282793
21010,5576.1141925438615
21011,2452.680769508631
21012,5424.717245330742
21013,7427.940886656111
21014,5143.333544212869
21015,5328.63137072656
21016,5169.236693221011
21017,7103.547844291131
21018,4670.700663095942
21019,6827.587773138331
21020,6321.177796165955
21021,5278.1740775507
21022,4554.806019966217
21023,3973.5673593119473
21024,6630.044680476938
21025,5642.704939276065
21026,7493.818420094485
21027,6326.951622655742
21028,6997.8635877039915
21029,5932.463748074505
21030,7005.398659188827
21031,7130.71495904208
21032,7417.851425286798
21033,5477.222346540152
21034,7363.308341723615
21035,6466.1985251473225
21036,4826.959669502877
21037,7533.625578784548
21038,3951.651888888543
21039,8410.215088858358
21040,4166.162936559628
21041,8505.85637121739
21042,6094.209765890529
21043,7267.9469388272255
21044,5622.250134458902
21045,5246.088483582552
21046,6768.690324375604
21047,5423.917131217526
21048,7316.062165808698
21049,3954.7232739804276
21050,7077.45481920965
21051,7594.534694509889
21052,6871.653729206558
21053,2946.92602
21054,5901.056829951017
21055,5725.283408386175
21056,6918.639885497952
21057,7798.864767267843
21058,7007.709591644316
21059,7538.939667301493
21060,5943.162062548962
21061,6393.507320290229
21062,6564.41219908472
21063,5377.26874480948
21064,5792.389027117518
21065,7583.175848848912
21066,5211.036045467892
21067,4986.887548410665
21068,6955.538358659294
21069,4547.220079206091
21070,7061.075823232356
21071,7353.45632228131
21072,6861.369231952089
21073,7577.877475774802
21074,7344.529639346677
21075,6640.883882171362
21076,6121.243757838694
21077,5087.535657215598
21078,6746.5828158612685
21079,7210.630247778332
21080,6550.154641180199
21081,4757.288911957665
21082,7361.4273146792675
21083,6978.659965536248
21084,3315.969287877209
21085,7304.006909536894
21086,6595.901738256968
21087,6802.731771048329
21088,6936.52299111948
21089,6064.97969442617
21090,7714.323099991521
21091,5742.23012985429
21092,6348.75796229124
21093,6016.138142732449
21094,5453.8220539776175
21095,7248.428877925566
21096,5946.098036029288
21097,6302.699593408106
21098,5394.830111144806
21099,6484.6227349320225
21100,5625.9617537389295
21101,7020.672693637208
21102,5695.192074103432
21103,5503.872779967658
21104,7610.864714065094
21105,6399.175999900118
21106,7589.588449627246
21107,6002.656380254166
21108,2969.5226117363295
21109,5895.1824836312035
21110,7117.1015931285865
21111,5661.098317986851
21112,7878.651340587719
21113,6825.990266792529
21114,5548.398337234636
21115,4507.985127814422
21116,6920.080677169968
21117,5557.924351861614
21118,6184.8383348597745
21119,4220.817508938975
21120,6045.265666553833
21121,4127.046991133241
21122,4963.413182339803
21123,6176.26886028813
21124,6778.364971178158
21125,6396.101508116582
21126,6534.533868805632
21127,6732.354895317895
21128,3834.3926032468603
21129,6528.332846909492
21130,6784.222269764058
21131,4069.19707409946
21132,7795.348538214952
21133,5152.33138356406
21134,5165.761837304241
21135,7610.047156490562
21136,4633.790050665205
21137,4245.488960307416
21138,5994.627963226752
21139,5388.976720092154
21140,5556.780103328088
21141,5863.145956990844
21142,6935.667400490876
21143,4820.16219693284
21144,7596.837218433036
21145,6897.84931996982
21146,6314.432593603591
21147,4614.587914712008
21148,6571.018619719737
21149,5984.000632780766
21150,6323.797138046946
21151,6483.580253579711
21152,5503.289144324098
21153,6901.4926820660385
21154,6082.259636781551
21155,7409.177385372868
21156,6685.632803082653
21157,5363.278651050097
21158,7444.019737618138
21159,5252.353221068681
21160,6846.477859005929
21161,6068.849491870347
21162,6501.990075776063
21163,7277.184100314924
21164,7875.555158317879
21165,5950.403881839704
21166,6870.220599646286
21167,6952.198006272968
21168,6439.567282584071
21169,2379.905210037642
21170,4598.875609955344
21171,6658.019232168691
21172,7157.688563888911
21173,7034.674291035718
21174,7427.929962996502
21175,6716.397747132466
21176,5060.166926657646
21177,6523.835127698554
21178,2913.1382840807505
21179,5737.559725261555
21180,3442.969592164936
21181,7828.069715453301
21182,5893.741831199031
21183,7338.822356007158
21184,6091.915769493977
21185,6026.970662033485
21186,4619.425336474584
21187,5800.64831052407
21188,4258.598929893099
21189,4983.539664599325
21190,5059.062520241229
21191,7642.465414130132
21192,6663.5008695906645
21193,5628.936873809261
21194,7854.5710032376055
21195,6273.088555597066
21196,7205.1603276794895
21197,7111.038256401506
21198,8403.870456604442
21199,5999.914438456703
21200,5441.833427503924
21201,4293.696847810038
21202,5695.0819431007685
21203,5606.548945408139
21204,7222.740108278795
21205,6254.973531138279
21206,5015.248545218103
21207,5596.155105025633
21208,6495.731173069306
21209,6490.6010808917135
21210,6344.816939699813
21211,5061.868630104656
21212,6138.9914864102275
21213,7592.633148830401
21214,4717.300478892446
21215,6581.176488802393
21216,7470.932504899018
21217,5632.1717447296905
21218,5188.2387448278405
21219,5754.354733210047
21220,5084.930172176767
21221,4791.6595423108865
21222,6578.01176699127
21223,7483.20133274902
21224,5408.666001227261
21225,5173.251015021383
21226,6167.7907744620015
21227,4126.09964615618
21228,5338.409591038346
21229,8487.225822278719
21230,6013.170872006881
21231,6183.725839177676
21232,7421.675739622543
21233,6381.669844499069
21234,4549.677985790227
21235,3725.258115768485
21236,6819.947348942686
21237,6890.46851247933
21238,4850.853792726101
21239,5620.239766329088
21240,3818.7049059685323
21241,6071.457301250416
21242,4715.1630806407475
21243,2529.671408789068
21244,3626.5321563842285
21245,7396.122565957517
21246,5992.434139509814
21247,6168.646541840883
21248,6850.934511940181
21249,7011.500793582477
21250,7491.588319199329
21251,7519.758425311207
21252,5131.126733957813
21253,7159.268008817908
21254,7127.193880881831
21255,5202.084903314123
21256,6005.729695465489
21257,5473.536731088215
21258,5080.278919874577
21259,6396.724490840227
21260,7790.902347653553
21261,7237.300154017954
21262,4290.021086477822
21263,6263.759207538209
21264,8215.57668825833
21265,5932.7644023832545
21266,6618.383707133633
21267,5498.977814811505
21268,5890.389336283125
21269,8392.981471270832
21270,5991.535455102805
21271,6556.685637839185
21272,7543.964987428996
21273,7746.010372468275
21274,6605.631604543204
21275,7906.290932575305
21276,6988.555974450108
21277,6904.598307240142
21278,6572.683325050228
21279,5264.989419408102
21280,6115.479407282711
21281,4256.4207696247495
21282,5630.924227432564
21283,8338.610945406384
21284,5401.847172806046
21285,7873.639562431282
21286,5473.456124161135
21287,6719.97173267923
21288,4420.264093262617
21289,5371.138030847688
21290,5918.259939005063
21291,7192.105547283073
21292,7290.245789988612
21293,3484.7512683889568
21294,6236.275799777958
21295,7580.980069396454
21296,6986.7562125173245
21297,5871.096772435493
21298,7570.544799262768
21299,7293.025455856742
21300,6244.201290102411
21301,7912.771688046397
21302,6091.611097594355
21303,3922.2090465090523
21304,5158.8114388840995
21305,5270.415047712833
21306,5165.53921790218
21307,4368.336532815783
21308,6749.279728851397
21309,6383.67084924107
21310,6497.931527620474
21311,5498.579345495912
21312,5928.567324940556
21313,7223.727346522246
21314,6022.617154647761
21315,4463.5832232001085
21316,5597.022114679114
21317,7497.263113449847
21318,5122.05743536794
21319,6120.719543996735
21320,7080.027847029595
21321,5832.916509157508
21322,5355.297305320545
21323,5095.0440697343565
21324,5410.087458388151
21325,6793.362469719111
21326,6194.545067773839
21327,6613.7280750956415
21328,7290.550168825854
21329,7419.968929010445
21330,6855.990428924168
21331,5449.421190630387
21332,4411.894012891206
21333,5581.581452106696
21334,8086.403918257633
21335,4227.761979422533
21336,3081.645454537507
21337,6564.067878321057
21338,6696.829579131557
21339,5463.034548470903
21340,7323.346768654719
21341,5322.633375206388
21342,3431.244364594168
21343,4743.844211482253
21344,4231.454171994287
21345,7559.964288812318
21346,7333.748342996965
21347,5455.780136251638
21348,7064.36962271642
21349,5463.57334765912
21350,7756.175664634707
21351,7740.403393876837
21352,3943.886527206977
21353,5760.45795066868
21354,7106.556013265792
21355,4861.036292880856
21356,7082.766388060621
21357,4346.444138085361
21358,7788.813467487694
21359,6092.223478283297
21360,6152.841195658524
21361,2508.37578425672
21362,5679.900002571594
21363,2974.7893451521113
21364,6997.6349143849575
21365,6190.356065766735
21366,5424.8051210469175
21367,5009.77285153678
21368,5480.677415070298
21369,5176.442734179875
21370,5544.804715727786
21371,7249.954544899384
21372,7044.604024310357
21373,4574.549311350101
21374,5449.88291066814
21375,7425.97888874461
21376,6251.472044763455
21377,7446.6788819783405
21378,5648.1451781027445
21379,6182.685660732745
21380,6975.309247284159
21381,4059.365482147295
21382,6365.405563160518
21383,5469.835683414393
21384,6352.6744582990395
21385,6089.287702685094
21386,6701.636376419786
21387,5856.976855470416
21388,6706.263467991635
21389,5680.812658843887
21390,4472.853319283739
21391,6363.885141813284
21392,5940.613349495757
21393,6639.9573306120765
21394,7339.533025976305
21395,7119.840663403554
21396,6626.889793033772
21397,4852.157339055437
21398,6938.687688948984
21399,5745.928203130296
21400,5977.979002154373
21401,3995.544209802501
21402,6700.777188823977
21403,4361.286915245455
21404,4867.241569379455
21405,4891.517902608943
21406,4465.0203039787375
21407,6776.884669297053
21408,5214.069024934366
21409,5189.7911284759575
21410,6272.159278624586
21411,5914.07434269034
21412,4593.356601002456
21413,6146.631793466313
21414,7663.512426854771
21415,7246.846496635009
21416,4335.94907084269
21417,7482.7112389525055
21418,4960.155120472212
21419,7802.765735242344
21420,5619.414074419874
21421,5726.5458784186
21422,6996.249343156029
21423,4533.350596072068
21424,6779.105924574565
21425,4387.81384343016
21426,5612.790199764506
21427,5573.950815222992
21428,5617.098907790895
21429,4948.353891481858
21430,4384.3177789107385
21431,6016.985608777614
21432,5323.204054952174
21433,3787.6477472502393
21434,6442.0717922962485
21435,4227.43053724001
21436,4707.522415162432
21437,5330.320093154857
21438,5289.513483131902
21439,6672.879255002481
21440,5544.596847747169
21441,5480.606817977249
21442,4932.492616219592
21443,5810.020456179603
21444,8121.33710677923
21445,6568.851909310722
21446,5979.070450729714
21447,4793.682309110797
21448,7956.943714849399
21449,5909.25204662372
21450,7476.9522143435615
21451,7257.355047898535
21452,7513.050080729782
21453,4312.256578416425
21454,5949.890103134279
21455,6033.967442509293
21456,6274.43552860354
21457,4677.4511223795325
21458,5920.733190694116
21459,5156.55330767721
21460,6606.860984966876
21461,7383.594453962083
21462,6268.0207122946695
21463,6297.8084601667915
21464,5821.8459940747225
21465,6482.772342808178
21466,6324.141076000649
21467,6747.605792506827
21468,6079.357184622784
21469,3701.320614072906
21470,7559.340662119243
21471,7737.253900184422
21472,6538.128024461358
21473,5522.536619089139
21474,5685.952418606469
21475,6694.834368635303
21476,6381.539974178128
21477,7459.15964986832
21478,4896.9257152793225
21479,4502.880024280964
21480,6171.2539861008145
21481,5225.846384371446
21482,6000.761412911095
21483,5917.819794774891
21484,6123.192694320594
21485,6058.209151914063
21486,5718.81308629858
21487,7017.770868641343
21488,6428.8393916792475
21489,4203.979206358652
21490,3736.078118841855
21491,7334.425219209613
21492,4345.4109356031195
21493,6035.717565999328
21494,5797.370485933888
21495,7990.9166607748
21496,5240.1315723572
21497,4121.692780500479
21498,6201.184727520925
21499,6444.6818417060285
21500,7515.369313620329
21501,6568.957697281995
21502,6690.017486238362
21503,6141.747544909327
21504,3289.9610898537167
21505,8263.270878033192
21506,7837.910736664253
21507,7252.131811771435
21508,2949.7339896203757
21509,5713.811344312192
21510,7391.134604206881
21511,6465.371923896833
21512,7037.323937218181
21513,6343.864904563182
21514,3525.6762692133634
21515,6797.90198623787
21516,8431.98591926502
21517,7163.30590743927
21518,5593.133056062798
21519,5610.100158350781
21520,8650.508792812803
21521,6676.863257515762
21522,4732.356498750326
21523,7963.512537144543
21524,6987.854598206358
21525,6313.626076981099
21526,7751.252384629885
21527,7650.829790373858
21528,6172.61689598383
21529,5877.332186480833
21530,6271.792386295084
21531,7093.3399720312
21532,4411.497671637324
21533,5615.460196410287
21534,6334.766474780892
21535,5969.916380308026
21536,7539.124668927852
21537,5617.517210345212
21538,5750.7043895484085
21539,4543.901544237028
21540,6592.499322245262
21541,6190.56619274305
21542,4975.722151470841
21543,7580.960635334709
21544,7478.64371509418
21545,7626.059901795244
21546,7234.429481687641
21547,6446.8674412569735
21548,7577.011693987517
21549,8097.292790702711
21550,7984.909332882773
21551,7145.805770709765
21552,6422.979138852922
21553,6961.09317504567
21554,6394.249676524306
21555,5834.981638603695
21556,5853.871961936271
21557,6986.345951021056
21558,5012.035078809712
21559,6302.404533143143
21560,7066.153185569716
21561,7007.660793193603
21562,6834.339659268287
21563,6621.921062010979
21564,7855.057083410134
21565,4931.185090771949
21566,7385.015832817126
21567,8288.390933551787
21568,6078.238537160132
21569,7410.299232323208
21570,6788.788290799488
21571,3616.7567549995115
21572,5715.237722981995
21573,4777.89410363553
21574,7775.68671291833
21575,6019.130424268874
21576,5803.6675520114995
21577,4738.935049470499
21578,6253.033586463668
21579,5111.590631714453
21580,7510.374793545162
21581,6116.297833968845
21582,6185.883867271345
21583,5560.276261013268
21584,8823.689201530537
21585,6393.659763961354
21586,7519.883547407206
21587,6465.144755728901
21588,4024.271556630901
21589,4804.469908254776
21590,5037.487983425916
21591,6438.360745964708
21592,6714.049088865875
21593,5173.442216622166
21594,4354.241753883881
21595,4451.683135951839
21596,5604.678120603026
21597,7094.640904099263
21598,6050.441148627949
21599,5512.259358044024
21600,5480.798702771846
21601,5581.845384599485
21602,5909.010817184075
21603,5801.198580004987
21604,6189.060236221511
21605,7773.452878393628
21606,4265.6121242087775
21607,7926.046145057724
21608,4389.627026542395
21609,5019.714184600577
21610,5501.567802590478
21611,6156.017562848689
21612,6743.246650319373
21613,4770.263079312731
21614,7074.723504325039
21615,7251.232701192861
21616,4774.723930534738
21617,4431.061423743466
21618,6053.940443199103
21619,6641.230192456021
21620,7356.212081912542
21621,6614.4953639475
21622,6772.618496143689
21623,4710.858688075568
21624,2551.7886772083034
21625,3762.5663292916674
21626,5372.351010214764
21627,4792.848199633869
21628,5331.449861987405
21629,7317.2674941014175
21630,6413.4025694314905
21631,6550.33419141605
21632,6780.96907926767
21633,7112.069321025318
21634,5689.640161540262
21635,2825.003740109193
21636,5048.64644584494
21637,7041.099937321549
21638,7486.901436990944
21639,5988.733191885676
21640,6298.0767281311155
21641,6330.292894704692
21642,4783.086481714341
21643,5247.478515851603
21644,5470.960438350173
21645,4753.6498319440325
21646,4591.655449146511
21647,6068.295758575158
21648,7813.174340556634
21649,5311.752761531958
21650,6901.2276544616225
21651,3839.4928518996517
21652,5444.720381283649
21653,7768.252878661959
21654,5068.307830895677
21655,4094.6067917457976
21656,6264.948464517522
21657,6484.05134180654
21658,6914.118899501113
21659,6291.391235634942
21660,3823.2228234021604
21661,6059.89818053349
21662,5902.571354806993
21663,7419.263705493903
21664,3970.394377736145
21665,7294.20348019723
21666,7150.915186484019
21667,6290.365601901479
21668,5747.161719343397
21669,6314.772692160278
21670,7465.442320685986
21671,3838.9243849610402
21672,5992.959016965486
21673,6968.221492837769
21674,7433.014941921294
21675,6522.054915482061
21676,6153.692443989859
21677,6754.302165598703
21678,5578.5443290118
21679,5844.5611284795
21680,6786.0980866232585
21681,5877.648159369485
21682,5493.464422384264
21683,4207.0656930488985
21684,8495.867271526355
21685,4398.218537328343
21686,5914.301870751323
21687,6574.512000729871
21688,4841.745907220328
21689,7420.92953154121
21690,7236.293385788341
21691,5781.426902268382
21692,5880.123639518852
21693,7876.857543634389
21694,6766.919912747949
21695,5097.452315134266
21696,6360.901347664502
21697,8158.462822659567
21698,6250.5335010048175
21699,3559.6735920265655
21700,5956.333798327099
21701,6900.955816741419
21702,8071.027226293193
21703,8128.2066282171345
21704,5488.094699462153
21705,7195.074179435408
21706,7596.413090217683
21707,8041.248536578927
21708,7433.357035591403
21709,6293.301674888613
21710,6466.940376668264
21711,4306.029965653103
21712,5850.8814019453175
21713,5196.07115630509
21714,3773.34783191995
21715,6512.23808844284
21716,7118.043370698304
21717,7432.489354008022
21718,5698.838244915517
21719,6296.8282906821605
21720,5747.56017
21721,5970.600735139045
21722,6386.476272765387
21723,4008.422116171836
21724,5369.601975574238
21725,5522.7595062638
21726,6639.765427482341
21727,6081.882793224384
21728,6224.151517753368
21729,7436.720585576064
21730,7630.751144111019
21731,6617.620948008054
21732,6971.54781152364
21733,4454.852602643502
21734,6751.910161847511
21735,6691.588693026593
21736,6765.585036338054
21737,6412.927936622125
21738,7305.114492543478
21739,5969.330328258033
21740,5917.947239559482
21741,5330.63134
21742,5969.777815587904
21743,4260.794426909268
21744,4564.538857418184
21745,7320.253431848704
21746,3182.1576339035028
21747,6421.262817758979
21748,5628.180461082567
21749,6123.142685164584
21750,6145.008822255839
21751,4335.79012804763
21752,6923.478773703186
21753,5510.403318826313
21754,7721.391086815284
21755,7311.406927428957
21756,3517.601323385773
21757,6809.765967543821
21758,5455.2329730773845
21759,4598.89209234309
21760,5538.734508823272
21761,6622.560514661825
21762,6634.777922637663
21763,4300.1289175998
21764,7435.59849184367
21765,4025.093761019842
21766,8968.33145653134
21767,5832.9749145965825
21768,7204.832501365247
21769,6805.463872637102
21770,7268.592786149045
21771,3838.8734459254215
21772,7519.982664866856
21773,5491.5470326913755
21774,7416.143783544221
21775,5115.265603459056
21776,6384.128105182788
21777,8077.403617954031
21778,7641.0209347042855
21779,3874.92397867041
21780,6538.812662172465
21781,7356.5161101971535
21782,6197.414068366351
21783,4654.7855860156205
21784,4106.031117044106
21785,7280.102963242473
21786,6003.415310442397
21787,4399.710578868872
21788,5924.1247256169245
21789,6801.217180100144
21790,6540.482397643688
21791,4801.2577944529
21792,4271.4999903815005
21793,4387.766233463676
21794,6043.645995641114
21795,7417.405812310915
21796,6413.531851145666
21797,7378.741350532627
21798,7130.845068756471
21799,5324.187285222447
21800,2996.35973343147
21801,6559.277718242484
21802,6504.670190892889
21803,8023.305549957186
21804,6339.3666761093555
21805,6864.086819993073
21806,2460.8547158218457
21807,3911.42225
21808,5631.211978929746
21809,6564.968526135863
21810,7130.498576925233
21811,6482.878681626238
21812,7531.675665898384
21813,5867.066035562605
21814,5220.567792176927
21815,8167.9771240154205
21816,5962.4181923403485
21817,4264.023758832403
21818,6984.033547794824
21819,6664.064861710672
21820,6204.563240938287
21821,6168.676447274557
21822,5534.887644975543
21823,5525.015638960787
21824,4593.706146494205
21825,7014.987981489134
21826,4710.858653813472
21827,5214.105112685236
21828,6216.15485518101
21829,6576.258598400042
21830,8034.151920298132
21831,4203.299752957098
21832,3848.8585818051647
21833,7458.53058354293
21834,5999.729079332413
21835,7510.352849433734
21836,5374.368924568694
21837,4877.77805905001
21838,6037.776978872952
21839,6652.674886117036
21840,4177.015142289831
21841,6192.681491067997
21842,4375.229103776654
21843,6488.046288688438
21844,4641.434786952987
21845,6567.387080311114
21846,6023.843955026141
21847,6504.50071273307
21848,4708.2526343294585
21849,4802.0685880336805
21850,4821.990400942538
21851,8477.591943892274
21852,6644.248953067344
21853,3886.9976071445985
21854,7510.781115991082
21855,5327.804461751189
21856,7749.5999551760115
21857,6019.385745963104
21858,6645.037728459816
21859,6294.295917114905
21860,4569.923083475587
21861,5457.021341162471
21862,4963.515563803591
21863,5898.737689440588
21864,7258.0965990318155
21865,5201.682849673372
21866,6418.1178038509115
21867,7546.519247853322
21868,5984.119025738829
21869,7122.262971741471
21870,4121.477716864877
21871,5857.628197758456
21872,6333.207624296507
21873,5387.140899012182
21874,6628.756872034821
21875,7206.732351309266
21876,3667.452244492754
21877,6314.225137252271
21878,6333.628495413186
21879,5356.31831788721
21880,6468.30544572081
21881,7572.522452748324
21882,8321.557617864168
21883,5876.773546271374
21884,7702.923276000535
21885,6458.3192866161735
21886,7467.513348547838
21887,4252.340330564984
21888,6223.455483876319
21889,5571.285732132846
21890,6556.402508677634
21891,6564.815151982823
21892,6228.020052877848
21893,8616.871597286327
21894,6753.107148994057
21895,5941.525771594262
21896,5964.392160710583
21897,4548.32517326307
21898,5657.647854055718
21899,5353.533401474496
21900,5302.73628972967
21901,5205.643972598314
21902,5124.087485098451
21903,7929.296097433539
21904,6746.541689787653
21905,7387.248177626263
21906,3036.553974542903
21907,6673.080313842253
21908,6989.347220361281
21909,6599.615760857955
21910,3972.685027619165
21911,6854.1845911187875
21912,4826.766943782089
21913,6958.784567053251
21914,5785.495342521136
21915,7328.689840444644
21916,5621.40192622004
21917,6615.852212929853
21918,7704.2640626300845
21919,5360.740928777632
21920,4672.468149664107
21921,7764.279272411823
21922,5489.560716236914
21923,5659.819582396396
21924,6577.3475026738715
21925,5675.735390984611
21926,7463.536341920069
21927,4221.391015595903
21928,4249.718942706765
21929,6350.501710612102
21930,3783.807603879057
21931,4383.753148117894
21932,5489.6826022827945
21933,6276.887809834755
21934,5023.562388266782
21935,6065.3433286025465
21936,6596.4561197467365
21937,7307.241369724183
21938,6419.05528370111
21939,7151.1016683833495
21940,6624.66487316951
21941,6320.953058932601
21942,4318.409599871844
21943,7167.86962198178
21944,6987.211390602408
21945,5678.305628776589
21946,7442.997881636073
21947,6118.165678960812
21948,7226.295764087124
21949,8036.02787205949
21950,7247.7329082246715
21951,6505.764657109159
21952,4308.000305097505
21953,6502.374831742857
21954,4635.6618071555295
21955,7814.09641795615
21956,6467.844767152287
21957,8195.466072935627
21958,7336.680870507704
21959,5888.361910769996
21960,5018.45303
21961,7643.93333001506
21962,5072.740637324254
21963,5536.611121837203
21964,6422.76282096337
21965,6248.56041816089
21966,6123.790218104313
21967,6513.329419489975
21968,6387.568962044427
21969,7283.114072690127
21970,4489.223880029017
21971,5799.876999077102
21972,5583.641360032557
21973,6814.8206763808475
21974,6434.321585843943
21975,6093.631004480147
21976,4805.692400535748
21977,6046.287604522949
21978,6186.655704710329
21979,4897.022679190475
21980,5116.4058090761355
21981,6346.004278222863
21982,4534.760349008757
21983,4247.508929999962
21984,4306.577524148847
21985,5750.425860827089
21986,6206.800854425852
21987,7836.346375184637
21988,8522.937678745342
21989,6625.913434050657
21990,5885.44428655418
21991,5073.943052205612
21992,6733.808067636233
21993,6269.615236327102
21994,6723.2046586340575
21995,7847.129046173183
21996,6768.086342007095
21997,7300.613037590323
21998,5162.2198032312845
21999,7176.617605266904
22000,4584.649987732892
22001,6781.914343140886
22002,6493.9383465834035
22003,6870.246427646872
22004,5399.657868034764
22005,5314.155023239756
22006,4910.46960034186
22007,6084.633407782034
22008,7137.991943935118
22009,6934.585078292982
22010,5612.915593782024
22011,6509.009119451369
22012,5525.749669353998
22013,5388.031847634381
22014,4789.596970020767
22015,5798.143929471004
22016,5855.707358038594
22017,6492.242601881701
22018,6209.772034454522
22019,5738.489328464185
22020,7194.728610966827
22021,4859.32733334743
22022,5239.848678297503
22023,6510.702782621398
22024,6327.830656145656
22025,8558.277083642617
22026,5390.343285603055
22027,4824.707444630072
22028,3446.6168350000426
22029,4979.778527187897
22030,4742.595406925877
22031,7369.16770402585
22032,4837.245960779732
22033,5843.1558546153055
22034,6493.91059191563
22035,6544.197123453465
22036,7800.501279918855
22037,6564.075113975612
22038,6586.096008276912
22039,5912.0602943759095
22040,5572.162653879832
22041,8019.6338170299405
22042,6775.949407122608
22043,7449.554474924546
22044,6551.074374342735
22045,7702.123668777731
22046,5368.892558595123
22047,5174.043111716801
22048,6174.929131550283
22049,5444.057213430958
22050,4672.148044774584
22051,4620.961262282367
22052,6049.2078732160035
22053,6481.152806100969
22054,5675.42718186077
22055,5708.583821480083
22056,6974.489660445464
22057,7168.91098749574
22058,3191.981517596095
22059,4702.180229842352
22060,6565.269783921657
22061,8005.144526685871
22062,5600.745168521837
22063,6198.3263177999925
22064,6755.655464268728
22065,7484.988649797894
22066,5495.4380121028225
22067,5346.090360022157
22068,7322.274404424718
22069,7079.089104112379
22070,5536.051248042799
22071,4542.130327109249
22072,5736.946402533684
22073,5330.634234361439
22074,7001.871038281295
22075,4857.672340325489
22076,6895.6623006451055
22077,5750.301906305023
22078,6066.549855213255
22079,7675.747192847908
22080,5766.10118182859
22081,5953.685988007648
22082,6638.352604604839
22083,4165.816554433773
22084,8042.464028921253
22085,5486.568428683809
22086,7014.7236848295715
22087,5033.685610564241
22088,7551.6531331201695
22089,7619.3261357004685
22090,5727.260828106557
22091,7373.073071122292
22092,7389.63138622667
22093,5884.077759027296
22094,7076.033661222443
22095,5796.757355057499
22096,7390.329742517547
22097,8313.038716951127
22098,5028.607052549489
22099,4745.471779307007
22100,7147.021181224365
22101,7505.50475545524
22102,5304.386047121302
22103,7334.497590541717
22104,8655.635928111931
22105,8088.498491092418
22106,5772.855520639081
22107,6543.371940222002
22108,3594.5268218503593
22109,5352.98416244317
22110,6060.930932904658
22111,5134.441852455658
22112,7554.37854326945
22113,6757.073659999999
22114,3688.236117188619
22115,7067.072145210462
22116,4786.563093518203
22117,6131.17682993647
22118,4841.727259485827
22119,6880.276632602302
22120,3880.1874034228385
22121,7648.833358590551
22122,7876.441691512801
22123,6266.938719104999
22124,6708.192432400712
22125,6248.751067957061
22126,6613.562362784851
22127,7714.334070690136
22128,7055.078821643026
22129,7281.621633748274
22130,5712.054182557302
22131,7514.747453438064
22132,6702.6565505630315
22133,5962.8748272814455
22134,7174.653058936611
22135,7925.176753021154
22136,7990.267127696479
22137,7764.958166377885
22138,7397.679391334919
22139,5794.19107044888
22140,5469.073946674467
22141,4498.2220504179895
22142,5929.851649109498
22143,6168.906253499453
22144,5569.079775601574
22145,5573.146511811607
22146,4743.567940864909
22147,6735.78448241245
22148,4506.9898306788145
22149,5521.873840421978
22150,4816.495291965461
22151,5857.611342202035
22152,6222.424498696414
22153,6078.88496145644
22154,7660.369541028876
22155,3977.3979481318934
22156,6513.645056410769
22157,6396.487345854943
22158,6472.598541000939
22159,5860.066516773604
22160,6594.550309889782
22161,5923.491676562634
22162,5186.389101763028
22163,6028.782568250514
22164,7259.329811835932
22165,5881.483288236424
22166,7931.925666887129
22167,7197.191003987807
22168,6670.998844160816
22169,5656.951331951544
22170,4733.896967295375
22171,6736.439207228407
22172,5776.030659453132
22173,5855.338725863554
22174,6756.172139435094
22175,4019.401802074198
22176,8211.155426776395
22177,6084.702937454687
22178,6455.886852514931
22179,7453.410819623124
22180,5704.671833466912
22181,7171.74095681612
22182,4065.9462678878663
22183,4562.267229186457
22184,6432.950765290879
22185,5626.562013736134
22186,5878.615624375249
22187,4199.916664158948
22188,7355.355865936877
22189,6460.665327854467
22190,6949.37538821028
22191,7465.287196705051
22192,7533.331093972096
22193,7739.636375363342
22194,5895.451359785313
22195,5941.842189870982
22196,7357.792064520096
22197,7517.949291072949
22198,7629.661669692274
22199,6884.9213569829835
22200,6792.435592783729
22201,5676.039099410667
22202,5126.208540770119
22203,4791.69345341554
22204,7063.073844137178
22205,6488.821756804002
22206,5111.469235222506
22207,8066.711885646485
22208,6282.1491944020545
22209,5756.255006035964
22210,3561.9444688921617
22211,7173.097806938992
22212,7651.572750365926
22213,8001.115082938685
22214,5496.739935850893
22215,7333.738866468644
22216,4294.84997334893
22217,6579.431105308349
22218,6131.469960748308
22219,5699.983868676666
22220,6178.840096120003
22221,5617.801730670102
22222,3635.610839741808
22223,6559.629834205912
22224,5224.196941021814
22225,5757.137092595568
22226,8091.455921978312
22227,6423.535322652467
22228,7221.180323115252
22229,4205.642404260429
22230,7283.979137259899
22231,8027.168541333147
22232,6628.796670530782
22233,5924.61371506884
22234,5741.249140735147
22235,6152.974039629035
22236,4881.419961085407
22237,6730.391618028447
22238,4156.0933541163695
22239,5869.172122722676
22240,8044.341640928074
22241,6262.645699088503
22242,6055.5074140619745
22243,3628.326142493023
22244,5225.905909435627
22245,4633.830464740495
22246,3990.466844808115
22247,5936.241615408348
22248,7183.72403970698
22249,7419.992845518382
22250,6740.644954794267
22251,6515.186563133403
22252,6433.6481325705145
22253,5697.374106314171
22254,6173.155298121233
22255,5702.020750794299
22256,6297.1297135458035
22257,6930.931397559974
22258,7090.989906250218
22259,5250.987155637848
22260,5442.575695140253
22261,6243.622995144041
22262,7556.72504706791
22263,7083.645794278039
22264,5457.841999433293
22265,7383.996730340685
22266,3442.7027334654117
22267,5522.758454671562
22268,6445.619605647325
22269,8180.10460243523
22270,4020.1237227581732
22271,3373.436829193389
22272,6637.387950284369
22273,6263.031225201258
22274,5853.603060812385
22275,6290.812353919021
22276,6986.089864016787
22277,4592.252619106008
22278,3319.503423117351
22279,5772.907562527948
22280,6774.048154169785
22281,4699.4510704617915
22282,5155.00977745111
22283,5607.753563644233
22284,5948.153114067366
22285,5301.79511960569
22286,7718.686000595022
22287,6103.985837030712
22288,4926.244285586082
22289,7272.956954160086
22290,5891.884882850735
22291,6872.19280743633
22292,7105.270745645515
22293,6648.868714178403
22294,7551.686036288459
22295,3985.216599189203
22296,5158.052769910512
22297,6079.895540162982
22298,7835.729758421303
22299,6220.518716985214
22300,4600.9255755820695
22301,4236.4025372272035
22302,7438.7846321280185
22303,4724.910359085566
22304,5743.751840569533
22305,7273.64427725439
22306,5633.159280118052
22307,7510.991853581174
22308,7686.36576352439
22309,4658.9238265111835
22310,7319.009012474136
22311,5235.335360295896
22312,8312.555507492292
22313,4460.2859062426805
22314,5977.728204120919
22315,5828.618004710669
22316,7417.311573220607
22317,6118.034345152527
22318,6833.461349048674
22319,5494.3818454229195
22320,6993.444121972631
22321,5069.003370020408
22322,7418.3750428532685
22323,6149.574249703277
22324,3272.9261923506774
22325,6349.897897779263
22326,6502.030769941704
22327,7256.205644262024
22328,5787.302389198816
22329,6373.611577133142
22330,6916.5949645239225
22331,7471.998318992392
22332,6127.617937990991
22333,5479.173053815536
22334,7502.979252095845
22335,6365.744694875764
22336,7154.016382199921
22337,4604.396749377933
22338,3309.060560575573
22339,6126.583467344055
22340,7998.350589987193
22341,7069.169133874625
22342,6492.2513521797155
22343,7539.334867731967
22344,6624.919069432514
22345,3913.2219606960793
22346,4936.345076636408
22347,6393.168817054427
22348,5191.552998672851
22349,5779.221758501535
22350,5301.847817757663
22351,5900.627967340237
22352,5489.81409370862
22353,5567.9432766836335
22354,6184.184566038013
22355,5428.594860340042
22356,6252.368951614422
22357,5678.840729392075
22358,7383.478862537006
22359,6361.152887983307
22360,7076.460808342177
22361,5980.746710658326
22362,6929.246479265399
22363,5247.48207466351
22364,6585.814241299494
22365,4498.042760667917
22366,6112.616955592545
22367,6558.493757773545
22368,5886.479620511656
22369,5462.6689525579695
22370,3438.8825396088732
22371,5974.851143016374
22372,5198.684324571674
22373,6506.99332693527
22374,7034.718702912783
22375,4281.908041218775
22376,7885.005947761413
22377,7538.5458461227145
22378,6069.085795759359
22379,3604.397741268494
22380,6734.8875551644305
22381,7347.108097507175
22382,7764.154434368392
22383,7152.119704664877
22384,7399.67082600525
22385,5388.223679190282
22386,4943.807931994259
22387,5091.446185109154
22388,7338.500545588416
22389,7064.6114400477845
22390,5826.1817694692745
22391,5155.817646005102
22392,7297.931872594071
22393,5833.197639293382
22394,4955.780328748954
22395,6890.648388282164
22396,7169.720094506572
22397,5303.971833369428
22398,7840.507858309807
22399,5030.864510656552
22400,4315.263155943497
22401,8326.090167599112
22402,6400.351601980987
22403,6893.848975012278
22404,4181.434929040184
22405,6954.311822416772
22406,5063.6503856208265
22407,7391.206671194618
22408,6224.553347332507
22409,5538.6712707024
22410,5919.087151927212
22411,3992.917187808326
22412,7375.577738946813
22413,4197.248201354185
22414,6588.639823104017
22415,5788.411057509922
22416,6821.165898055787
22417,5611.079749056068
22418,7720.667653779914
22419,3256.4535135978813
22420,5727.052852057743
22421,4578.801684398185
22422,6336.844553440345
22423,4803.467613821565
22424,7777.110664529503
22425,6476.37342245196
22426,8573.70723508246
22427,5749.907897317801
22428,7624.293521936514
22429,5644.005666847731
22430,7013.219419585813
22431,8086.388669401237
22432,8020.62957508183
22433,4407.785241035234
22434,4433.220429721277
22435,7078.389559832238
22436,6172.716698354817
22437,6029.14091111383
22438,7850.379137820988
22439,5508.424234506873
22440,6403.256662460137
22441,7121.389589269473
22442,5490.374705501841
22443,4988.991113653904
22444,4987.734526650816
22445,6890.916091938428
22446,5647.8893249991
22447,4858.829522872489
22448,6629.570894302108
22449,7651.251109450744
22450,4677.107507407989
22451,6015.322951499466
22452,6489.879844728315
22453,6644.706393289954
22454,7405.440601211293
22455,5226.0701791173005
22456,5896.353377703077
22457,8009.998732754458
22458,4901.026756092856
22459,5847.277585380868
22460,6782.133592219266
22461,6013.70751892353
22462,5004.15434
22463,5004.15434
22464,7257.345931402134
22465,5093.810309291138
22466,4089.725354397891
22467,5002.192337416487
22468,4953.162147649803
22469,8680.322126810745
22470,6751.2235187720935
22471,4841.724839341868
22472,5685.981818638321
22473,4117.591138882108
22474,7249.27423396341
22475,5494.975771550296
22476,6026.199560690599
22477,6304.2218351710335
22478,7712.899877772165
22479,5371.720469997235
22480,5780.583131134208
22481,5597.845786927798
22482,4649.2866482654645
22483,5293.2795762978085
22484,4974.659603255746
22485,5538.515787223741
22486,6467.517835633064
22487,7434.799038664229
22488,5143.2060879229475
22489,3457.444066910837
22490,6035.507337537447
22491,6218.493787857709
22492,5414.630602415207
22493,7352.755154077503
22494,6362.144357371194
22495,4981.001176028063
22496,5289.174324769669
22497,7618.314132639863
22498,5632.651612680413
22499,5255.409719839559
22500,6216.783423611353
22501,2508.3965928275534
22502,6571.307322082902
22503,3974.637887433338
22504,3598.026792722451
22505,7351.679513588552
22506,4806.648581639473
22507,6497.707481038625
22508,7333.809983550546
22509,5829.979766138368
22510,7015.443566764891
22511,3141.807555900247
22512,5880.955114467526
22513,6986.800792394017
22514,4153.911509366648
22515,4231.785410245009
22516,8555.311920189983
22517,5453.663081681934
22518,6123.3185502599645
22519,4219.261010834498
22520,3911.42225
22521,7036.189470805957
22522,7442.6369611772
22523,7554.183161918538
22524,5216.731094219834
22525,4385.2802330512795
22526,5153.170977942851
22527,8174.435596080119
22528,6808.613622053245
22529,7426.666421116497
22530,4973.807262645964
22531,5879.618850167738
22532,3385.3642200000004
22533,5381.903894000488
22534,4639.684837632772
22535,7286.668953856532
22536,3460.1291220545277
22537,5849.775359092791
22538,6149.55801854719
22539,5577.357581871044
22540,4482.466644464378
22541,6170.429526128159
22542,5015.77516979167
22543,4352.811012789821
22544,7022.212680430317
22545,7532.77317317189
22546,6735.083887065216
22547,5764.5900371493335
22548,5861.804049756232
22549,6323.659208260827
22550,5965.238215562488
22551,3582.0445841507917
22552,6289.457448062507
22553,8134.695620769936
22554,6337.030001605714
22555,7683.691671682114
22556,5934.279572465605
22557,5074.523015148825
22558,5335.8176175551935
22559,7051.942464248958
22560,8256.353124989615
22561,5531.365933411566
22562,5298.762661662096
22563,7354.839780067672
22564,5392.773948710389
22565,6286.095167718169
22566,5959.424180089311
22567,6626.910228550439
22568,7320.69314594395
22569,6347.373605300873
22570,4384.883477782908
22571,3503.4401209111547
22572,7535.6759871891
22573,7845.882567526036
22574,6490.327860071799
22575,5341.541422892058
22576,8143.811510534291
22577,6592.14671379913
22578,6602.933008252315
22579,7483.736319943068
22580,5849.1969072370675
22581,4668.728794850883
22582,6222.036026916503
22583,7265.506764014033
22584,4881.673526833849
22585,4925.322267883026
22586,7665.640030059336
22587,6594.615684758271
22588,7631.389177981873
22589,7091.25827607521
22590,6534.18501075993
22591,4257.080296604732
22592,6322.868630671467
22593,6992.769328906254
22594,5976.124524689684
22595,4387.444273457941
22596,7858.2462742279395
22597,5200.686647101889
22598,6539.285612831581
22599,5583.281636110417
22600,3984.1690454974464
22601,6462.239856168408
22602,6526.233590298113
22603,4915.216387394178
22604,7666.514315692382
22605,5976.388964412587
22606,6490.800928836343
22607,6844.122592561109
22608,4579.783666472108
22609,7737.73109974987
22610,5639.390718891457
22611,4228.629350579644
22612,4813.778618786581
22613,6203.431039780422
22614,3290.1390489445557
22615,7763.030706415483
22616,7885.62147437807
22617,5621.276647876149
22618,7495.067006237401
22619,8305.105916284261
22620,4649.503364164235
22621,5877.027941071739
22622,5501.135523409421
22623,6174.221833117294
22624,6846.159856469432
22625,6833.026759125944
22626,4424.9346363270915
22627,4225.96199265798
22628,6370.97757050716
22629,5315.2163462316585
22630,4764.313697953055
22631,7738.898588827343
22632,3971.13928204415
22633,6154.461636976781
22634,6588.475427244492
22635,6188.086978574265
22636,6899.303120774475
22637,5262.685481604475
22638,5979.29343471025
22639,4992.510913834662
22640,8366.13084631003
22641,7280.422383983377
22642,5461.9904939219105
22643,4405.03425782892
22644,6051.4313936544495
22645,7565.389880526652
22646,6671.524646335189
22647,3626.3667360181485
22648,6552.739371202784
22649,7440.011862089585
22650,5636.900438723381
22651,5684.964547238184
22652,5418.884501190805
22653,7076.586084560541
22654,3607.968617231898
22655,6106.487991986204
22656,6884.0187294327425
22657,4547.855261744226
22658,5052.641445468486
22659,6164.817296594553
22660,4323.971626397852
22661,6701.884763855206
22662,6220.847308154985
22663,5509.333863982235
22664,4065.7537493435184
22665,7551.821093608215
22666,6538.097463522208
22667,6005.620686003619
22668,6233.7432506356
22669,5397.820706744499
22670,3998.305523949686
22671,5325.860545115102
22672,6507.969449766144
22673,7473.194296748378
22674,6318.076869756686
22675,5250.621226150374
22676,6051.392823381235
22677,7771.641217911798
22678,6140.838303309352
22679,5033.301977236446
22680,5517.445761174485
22681,5693.78712622173
22682,6636.695611611102
22683,4104.188346045162
22684,4045.5036296280396
22685,7307.558581157427
22686,5865.444432350829
22687,3491.3581681299697
22688,5741.227453319865
22689,4597.943305478944
22690,5205.782154052604
22691,4626.633305280305
22692,5849.26654269587
22693,6358.889777682067
22694,8185.160268465361
22695,6107.179988392541
22696,4768.598535912557
22697,5281.498227471008
22698,7383.895900577817
22699,7949.066597641115
22700,4320.643130038522
22701,6839.581273272569
22702,4248.454575524993
22703,5954.167497518168
22704,7740.623439498219
22705,4460.189258994143
22706,6637.2140055193195
22707,4218.282463488516
22708,8065.835637557688
22709,4099.362909847877
22710,6342.807449634438
22711,5756.301903427403
22712,5495.426693315123
22713,4623.699108757582
22714,6089.911511649906
22715,7847.349673015771
22716,6523.221328783674
22717,5996.737552959918
22718,7097.449118314183
22719,5034.929089758173
22720,6103.749461334496
22721,6329.96994031042
22722,6618.697201841537
22723,4158.4687370613365
22724,7399.837177288492
22725,4520.896653914303
22726,6031.593314256212
22727,4794.689877904894
22728,7050.3259794252735
22729,6322.801085348655
22730,4280.370598569355
22731,7764.322438758939
22732,7704.561071658407
22733,7075.760183535038
22734,7038.15344478828
22735,5844.463824620817
22736,7223.010293503021
22737,6049.087757598988
22738,4460.322934705672
22739,7144.706934129002
22740,8064.009156149686
22741,6774.412948939484
22742,7102.080832788254
22743,6065.375963028952
22744,6254.333631614586
22745,7421.636142596421
22746,8160.970483054198
22747,6687.317953795278
22748,5314.683024881328
22749,7940.656884738462
22750,6995.657376952638
22751,3363.05881874756
22752,5058.631166959802
22753,6458.214832290781
22754,3435.4661274487235
22755,7504.575184829878
22756,5834.981639960932
22757,5992.941887983397
22758,6294.124422540006
22759,7136.183934268633
22760,8282.331793665126
22761,6444.224452747556
22762,7602.176694746554
22763,6987.9921307620725
22764,5631.979947452391
22765,5088.820950339213
22766,5483.336224898772
22767,7433.261759039165
22768,7423.740969424797
22769,3523.3165285353457
22770,5310.475127154741
22771,6876.316097383521
22772,4645.534484865201
22773,5634.490921035631
22774,3968.6280585125364
22775,5157.525884381547
22776,6197.285354585955
22777,8495.585639637333
22778,6119.1812227919845
22779,5622.837499015883
22780,5471.88045840297
22781,6333.9705412844205
22782,7960.7384221098855
22783,5643.262444488971
22784,3993.4061712107136
22785,6328.108018397237
22786,7365.507093097253
22787,6131.272312496207
22788,4694.608190002573
22789,5038.684978640291
22790,4651.675244637089
22791,5133.856197480733
22792,3838.7997536103862
22793,7981.729272752916
22794,5856.747933111329
22795,6146.14570618057
22796,5400.253244419606
22797,8212.78479088823
22798,7411.236159416764
22799,7584.408626019141
22800,7530.365567018571
22801,6616.897112618849
22802,4552.1852969525435
22803,7388.15013454861
22804,7207.094739859474
22805,6596.613128120615
22806,5627.814856901584
22807,5062.712829099599
22808,7831.076395419717
22809,3836.8916879531193
22810,4234.307709360702
22811,5628.710529441231
22812,5152.756853326067
22813,7391.175709864165
22814,4902.926806123259
22815,5413.661292901036
22816,3755.6498820971374
22817,6229.325491203973
22818,6492.629023436703
22819,5297.47741505445
22820,6140.52517813467
22821,6502.26628345934
22822,5590.431480222126
22823,7104.136929861182
22824,7142.903199798027
22825,7103.0143802952625
22826,8266.16572803551
22827,4621.253965121132
22828,6916.837793306834
22829,4479.690724948322
22830,4924.621887163429
22831,8273.25846608622
22832,8531.686425877964
22833,7907.240507851945
22834,5308.963092497043
22835,4435.224418168333
22836,5673.896424397706
22837,4842.441794678946
22838,4213.35708712011
22839,7732.4928321892685
22840,7626.064046376161
22841,5178.921107030291
22842,4609.88806178004
22843,5134.5683156301075
22844,3490.185436211309
22845,5154.976169265151
22846,4929.048512584712
22847,6487.448244999055
22848,5556.995043333581
22849,4478.021810887541
22850,5942.587922915426
22851,6164.169117444887
22852,6197.004235107229
22853,6393.438802534046
22854,5492.794943644019
22855,7493.933535511271
22856,7559.722424462923
22857,8075.5932049515195
22858,6807.590834155353
22859,4217.430574940543
22860,6766.95754621017
22861,7465.716309667085
22862,3937.91539
22863,6421.6740443912495
22864,6613.252606680064
22865,3473.047773613286
22866,6808.309918415297
22867,5560.742733202312
22868,7082.570127183534
22869,6429.047797968356
22870,6995.994673555739
22871,4739.764437292405
22872,7310.543597046113
22873,7493.088526064054
22874,4359.197207313044
22875,6115.11784094782
22876,7479.934263717366
22877,5588.198036708043
22878,4870.078554498989
22879,4433.5132022821035
22880,6767.529189636168
22881,8404.058903254137
22882,6321.639513443191
22883,6004.355661142693
22884,6937.843465859644
22885,7882.693364083064
22886,4866.799815332885
22887,6656.338735703075
22888,6007.258800697804
22889,4779.487342375507
22890,6854.726820662655
22891,6578.748884897245
22892,5529.072683176602
22893,6691.942871475272
22894,5658.146975373671
22895,8662.701544986136
22896,7914.159029769317
22897,6584.19480699768
22898,5059.889655020478
22899,7390.472088467496
22900,3727.932114857124
22901,4274.735266024682
22902,7617.5855658432565
22903,7349.155865507161
22904,3448.0049927242435
22905,5411.292779692136
22906,7085.20069958321
22907,6031.622999802549
22908,4290.154964036716
22909,4830.213055639088
22910,7676.600620888052
22911,6677.544236445086
22912,6231.0160802949185
22913,5614.02511415023
22914,7151.08843322516
22915,6197.81777337182
22916,4536.975237385097
22917,5889.748589247135
22918,8028.831826031662
22919,7434.22871863419
22920,7558.350534573353
22921,5246.893287355689
22922,7534.480609222505
22923,5519.487684905888
22924,5455.760675161718
22925,7574.513271347272
22926,5919.002954837548
22927,7720.799939499849
22928,6572.398055236984
22929,7100.604089982472
22930,6231.517169906745
22931,5582.732409044293
22932,7038.230094616038
22933,7093.187995596968
22934,7664.892500730998
22935,3373.361123685042
22936,5485.089434133678
22937,6513.785735489719
22938,5985.428793590692
22939,6548.677827422585
22940,6201.336259824659
22941,4831.334318173714
22942,6012.884047341251
22943,5700.246007077941
22944,6225.26912438537
22945,3276.899588169887
22946,5872.9688458567325
22947,5732.949055790022
22948,4492.521233754144
22949,7621.717578470305
22950,6817.83081878036
22951,7131.998575687247
22952,5923.56256853026
22953,7010.299438345861
22954,5446.929899253802
22955,5393.511618349822
22956,6268.721572346711
22957,7020.804687377495
22958,6000.4830366992555
22959,4311.382848200527
22960,6462.591855634535
22961,6958.472003650018
22962,5388.510219951469
22963,5791.323603149922
22964,6143.040573669677
22965,3057.0641548834715
22966,6590.538952986304
22967,7127.039775550474
22968,4506.814532471955
22969,5159.322378930827
22970,4351.02258594688
22971,6958.532731926508
22972,6738.093899711103
22973,7653.5031412951585
22974,6687.716217506389
22975,6380.127889085773
22976,7065.025524860771
22977,4243.797028429405
22978,7800.800226075446
22979,6882.496161185982
22980,4262.30895544022
22981,3984.2656591447517
22982,4681.687149384695
22983,6359.593983329376
22984,6595.648281750565
22985,7470.9579580267755
22986,6360.266805426087
22987,5253.137805032874
22988,5779.27992165659
22989,6069.585794998482
22990,6564.671578388761
22991,7028.621999012646
22992,6863.14329527871
22993,4836.704393950686
22994,6388.428283848268
22995,5800.651798010359
22996,6760.045242630066
22997,5577.817396002643
22998,5373.2112191896795
22999,4109.488798262079
23000,3506.4208117821217
23001,5215.248166637603
23002,5211.750514753057
23003,7524.599320806518
23004,4120.5518939862395
23005,3963.8787354940073
23006,5374.445101246527
23007,5577.441298749721
23008,7016.10954950974
23009,6498.345864052979
23010,6610.548559493767
23011,7616.195557510333
23012,4334.852352319247
23013,4051.8009705838695
23014,5603.3080153399915
23015,4345.829703920822
23016,7373.4498727810105
23017,7794.054058693136
23018,5341.482063379058
23019,4158.519539861969
23020,5739.638601103915
23021,4920.136667772687
23022,4142.672311886932
23023,6132.471525796579
23024,8386.225237509332
23025,6456.279750192542
23026,5325.685372662857
23027,6228.058670789805
23028,5707.152224954803
23029,6658.550093619673
23030,5384.057797568502
23031,4575.933113257579
23032,6450.397855406327
23033,3162.2768986723713
23034,4145.085132635071
23035,5083.425430905351
23036,5521.096537114954
23037,6688.588158558704
23038,4107.099839419847
23039,6318.487709601466
23040,5700.230765130982
23041,6861.879249009232
23042,4771.956629200749
23043,7436.79849390964
23044,7637.902830599157
23045,7219.723517211235
23046,7699.760095349678
23047,6492.644081650347
23048,6858.617161181797
23049,3719.956358051905
23050,6897.8107227459195
23051,6774.065075228759
23052,7848.060181760498
23053,4987.575098086394
23054,6073.204632726377
23055,4541.004697572779
23056,4281.541126794918
23057,4784.745514573142
23058,3442.618045518507
23059,3516.387211803605
23060,6291.929092070893
23061,6596.459987777019
23062,6359.554459470483
23063,6265.6715725883905
23064,5872.708211851618
23065,5966.024515822619
23066,7131.091836954058
23067,7163.344102949244
23068,3212.270007146525
23069,3657.8215291626357
23070,6303.426464769092
23071,7262.106018386638
23072,4678.268687870202
23073,7032.721457236723
23074,7069.02142528981
23075,8161.112862956919
23076,6679.978586760277
23077,6488.492823773351
23078,3975.2896880343856
23079,7578.890619828419
23080,7375.312745730815
23081,7171.705961700829
23082,7885.726063039558
23083,4006.023885645935
23084,8348.561081837915
23085,7010.727103466487
23086,6728.135926532209
23087,7046.8981397306825
23088,3049.2603193515492
23089,6760.857554981564
23090,4517.116919978378
23091,5525.91720313703
23092,6460.5339106601
23093,7642.814503521782
23094,6981.6352983083325
23095,4297.722844469278
23096,5667.0401880928775
23097,5731.232807976886
23098,7553.211685664707
23099,6642.800489920387
23100,5241.750107884002
23101,7809.155683281927
23102,6639.697579904164
23103,6719.332431107396
23104,7580.064569127451
23105,7859.015679369126
23106,5559.0247253394045
23107,7542.245993679104
23108,4761.661738194265
23109,5040.245532688009
23110,8343.146331570304
23111,6629.728425289281
23112,6352.06852436675
23113,6312.326319585265
23114,7748.452146797129
23115,7442.58771889346
23116,7379.698338422625
23117,7027.787080232278
23118,8120.287027173392
23119,4303.453203746011
23120,6683.479703290792
23121,6030.741570858045
23122,6629.049319710115
23123,7664.328452634883
23124,6950.520373440554
23125,6704.081169944061
23126,6513.861535575194
23127,7541.107251251293
23128,6863.8953869188545
23129,4895.7445835804365
23130,6500.192847485112
23131,7837.359776599861
23132,6238.208601392571
23133,6734.231908874989
23134,6566.439382229039
23135,6187.7393406172405
23136,4039.399498426025
23137,6887.332973376411
23138,5389.540983961566
23139,6052.3567398594705
23140,6498.226296238175
23141,6434.0849414037175
23142,6373.510422533565
23143,7848.976172000128
23144,6278.881346421513
23145,7201.180120531723
23146,6516.286231892961
23147,5902.545203666379
23148,5194.060767112999
23149,7574.920061826596
23150,7616.55394691206
23151,6729.353623215364
23152,4482.106172440037
23153,6979.414374113362
23154,7483.23783701437
23155,4612.300623843242
23156,5365.616285792279
23157,6486.936689015062
23158,3978.6791922847665
23159,3879.7732575095333
23160,7754.396422674789
23161,7388.85575515178
23162,6319.628659631894
23163,8263.289739957692
23164,7542.8351376415785
23165,4200.97375
23166,5462.5172072889045
23167,5370.755656866698
23168,7177.338555996566
23169,4797.835312102632
23170,5310.100396040983
23171,3748.064545292785
23172,6053.004913999673
23173,5636.440040958962
23174,7618.889220952277
23175,6298.927352075916
23176,7074.196808008687
23177,6766.78683501565
23178,4297.952388386268
23179,7652.846126316338
23180,4058.783113535278
23181,5844.827703633879
23182,6858.764579292876
23183,4962.923439419851
23184,7659.806928651258
23185,7642.314833241864
23186,6683.716826597923
23187,6218.094693999791
23188,6502.5331712896395
23189,4786.057617479034
23190,6626.50654998691
23191,7250.3328090011255
23192,3748.46547
23193,6008.333906601471
23194,4264.911250662423
23195,5861.632066370127
23196,5023.627452016323
23197,5771.333290464552
23198,7981.279251074962
23199,5085.433138550542
23200,6779.0843181545315
23201,4290.917753011047
23202,5760.513999441715
23203,6796.885440345075
23204,7039.280111780377
23205,6081.38428851568
23206,7604.430860752515
23207,5758.15713141883
23208,6958.52050370354
23209,6863.467795168737
23210,7863.033764329237
23211,5759.925619487407
23212,4806.386186069092
23213,4442.146896890734
23214,5415.249804424032
23215,5882.965619996904
23216,5077.836873913434
23217,5612.870694442643
23218,5724.342328949418
23219,6840.848712530156
23220,4799.657135741889
23221,6208.744020867972
23222,6159.134519590419
23223,6487.384069130001
23224,6887.462912671562
23225,5404.713340626274
23226,5644.909323327006
23227,7234.255250001256
23228,4544.23151949064
23229,5397.27013077736
23230,6354.628987583676
23231,6720.3063333821465
23232,6895.127468570844
23233,5622.0677796508735
23234,4832.6216232881725
23235,7466.544153450745
23236,5189.998050405569
23237,6752.057105341483
23238,6211.285267512798
23239,6976.613399883507
23240,6110.087604328423
23241,5985.836826125908
23242,7103.118985839324
23243,5852.340869059536
23244,6757.579146496457
23245,6535.349991635263
23246,6021.784074460429
23247,7212.912549180622
23248,4262.456880364724
23249,6225.175334117471
23250,4073.7873400064623
23251,7791.554045620941
23252,6141.516752917326
23253,6813.458556680938
23254,7447.692705686099
23255,5733.357166823513
23256,6390.351365280391
23257,5391.026462925018
23258,6335.945732818877
23259,7162.192600479683
23260,6561.911174054068
23261,6060.7158529716835
23262,4196.385442445625
23263,5685.7323708639615
23264,5766.146817521804
23265,5777.220948133615
23266,5930.384236462334
23267,5491.9196128436115
23268,4463.6122129289615
23269,7470.145545264822
23270,6230.032508415077
23271,3915.858214196401
23272,6336.376698120086
23273,4292.918725599009
23274,7354.036465856929
23275,4795.27164555399
23276,6312.133989975466
23277,6210.395428422277
23278,6792.323427773208
23279,5892.215109874113
23280,4921.444587578289
23281,6876.6937794648975
23282,5742.6337204767115
23283,5555.3875228545285
23284,7159.736575090268
23285,5672.422793217564
23286,6897.535793818337
23287,5630.94519980958
23288,5163.66322315484
23289,5731.384753968335
23290,3720.5121736848805
23291,5530.9505782988745
23292,7721.586776758697
23293,5583.963297751082
23294,4222.085376378587
23295,3659.6326189918113
23296,6651.283912433934
23297,5943.72738715518
23298,3247.3545420467212
23299,6892.225294962571
23300,5360.155476681898
23301,4694.607352344901
23302,5579.524536095309
23303,4392.008450592853
23304,6827.195263225979
23305,5422.913265883379
23306,5762.400657848433
23307,6042.9969689508225
23308,6247.550454390804
23309,6586.939452587227
23310,6191.782420375013
23311,6238.441909706045
23312,6364.265853509896
23313,6178.726606559996
23314,6477.282162145545
23315,5246.521454831614
23316,6876.52717758926
23317,5583.885296126207
23318,5853.739263426841
23319,7154.7872273625335
23320,5699.698727830807
23321,5320.632252449466
23322,5792.025604577098
23323,4197.085728305613
23324,8423.00230099595
23325,2508.3756902870796
23326,3510.6444361670633
23327,4245.902741169952
23328,5945.89951
23329,8221.373364131485
23330,4728.071448131442
23331,5540.201436973195
23332,5342.952425761863
23333,6244.070138283852
23334,6537.442643942439
23335,5971.710024369311
23336,8332.437843498972
23337,3520.5593656994665
23338,5344.79231294051
23339,5862.973936573663
23340,7809.723415403721
23341,3711.7940488538457
23342,6344.897815361552
23343,7682.271660132677
23344,4407.134937452352
23345,6322.246137339999
23346,5766.867403480497
23347,7597.765300975563
23348,7756.93037147094
23349,6802.141416726213
23350,5662.807490184017
23351,7861.223879866
23352,7412.543559287703
23353,6847.594099898672
23354,5139.903350710075
23355,4924.700694656191
23356,5817.190759007774
23357,5830.8668787078295
23358,6131.557865711315
23359,6669.621922968654
23360,6274.886614922994
23361,4072.685708614849
23362,5808.330444565192
23363,4187.454183504769
23364,5471.2389484302275
23365,5293.551494821799
23366,6584.330333927138
23367,5946.984132529893
23368,4579.801275485898
23369,4778.04482505971
23370,4017.054756606442
23371,6136.674360874539
23372,5558.79839605573
23373,6221.115776091296
23374,5825.989759207291
23375,6098.058009315051
23376,6065.681395444149
23377,5002.606040954555
23378,6628.37315158486
23379,6291.18255968407
23380,8605.199949989264
23381,5308.696535241186
23382,6104.550028172555
23383,5020.49302038825
23384,5816.259327879774
23385,5133.295567542487
23386,7126.3115667965485
23387,7251.477997630801
23388,6286.085297409338
23389,5012.123278196796
23390,7072.103807721171
23391,6124.534449929738
23392,4581.109057677334
23393,5866.329001154867
23394,6688.225104779666
23395,7548.620559047862
23396,4786.994543811318
23397,5843.375292270366
23398,7573.871814094575
23399,5837.55249918223
23400,6724.771796667841
23401,6297.442392430018
23402,6534.095593690557
23403,8659.563146549452
23404,7297.39089901759
23405,6453.204249440865
23406,5356.873523910316
23407,3938.006566825479
23408,6526.253763148458
23409,7296.27737885284
23410,6145.583753406127
23411,6170.704918513402
23412,6839.725412675876
23413,7078.218543537886
23414,5170.365165299903
23415,5821.114967011823
23416,2931.930794253641
23417,4935.3955222759605
23418,6791.027720896567
23419,6016.091739411766
23420,4818.395684717664
23421,6155.736569591611
23422,5314.39681427452
23423,7655.132812418477
23424,4910.035242747112
23425,7643.508568894095
23426,5204.350525558995
23427,6603.930843819156
23428,5820.042872645941
23429,4358.9916850880845
23430,7794.977198932814
23431,5346.908603930525
23432,3825.595164609954
23433,4213.124832125567
23434,4238.414192064753
23435,4201.029006235919
23436,5356.751980521673
23437,6343.865508255588
23438,5755.0412322120055
23439,5498.338535125911
23440,6359.068070327309
23441,4177.047317697757
23442,6995.742143009743
23443,4833.282015437817
23444,7250.009359632265
23445,5359.7220438896065
23446,5424.100732885846
23447,6521.2975305577365
23448,5937.692882313432
23449,5949.3140583478435
23450,5183.764998656897
23451,7039.994101290915
23452,4414.013576573401
23453,4956.009239226333
23454,6851.88154832767
23455,6646.4397095692375
23456,7075.757041828734
23457,6573.317184264302
23458,7694.437517136444
23459,4785.721034382339
23460,7470.427352362482
23461,3277.7843986854555
23462,4407.2977771149845
23463,3020.900003367243
23464,5031.265293351592
23465,6060.515880412134
23466,6448.011957389978
23467,3748.532817546576
23468,5271.586568071027
23469,6594.931454288557
23470,7342.604911835611
23471,6985.782057815939
23472,7302.088583685674
23473,5742.999678296486
23474,5917.591862308658
23475,6585.171708628228
23476,6340.540420072871
23477,5691.382571509451
23478,3245.999845094479
23479,6767.195209961756
23480,4082.553071078591
23481,4315.56669158758
23482,7206.831085740614
23483,5318.359184129949
23484,5733.508874726942
23485,6304.7783642920795
23486,5743.795668127715
23487,6769.008751221468
23488,7517.2934030885735
23489,5315.434496047109
23490,8069.147880993143
23491,3797.154121451932
23492,5646.459734243576
23493,4342.371978202133
23494,4859.253735626087
23495,5044.583498202074
23496,8214.77625398088
23497,7262.726072708357
23498,4511.938238222432
23499,6946.664835814785
23500,6127.942167591173
23501,6459.052138480929
23502,5719.2504094359665
23503,4050.243524138257
23504,4944.092787209587
23505,6335.074462665542
23506,6540.240749620898
23507,4554.71703503211
23508,3757.0964480864686
23509,7821.491677862211
23510,6608.431602126411
23511,7417.441246396352
23512,5180.021393426556
23513,6549.569314783958
23514,7667.99037440127
23515,7129.49488626848
23516,4803.502977505011
23517,4297.753995124009
23518,5475.346676729063
23519,8413.659592335362
23520,6060.267368511511
23521,6064.549305086766
23522,6313.743622240396
23523,6546.411238108131
23524,4610.849568801269
23525,5459.091037049075
23526,4777.122076734629
23527,6820.18847765648
23528,8056.741631677469
23529,3616.135362167635
23530,4763.412917288928
23531,7180.806700788597
23532,7053.918940430606
23533,5392.534685543131
23534,4952.122507834434
23535,4887.615465997009
23536,4063.324688936958
23537,2996.0736194481697
23538,3684.8324178453786
23539,8813.812390677467
23540,5001.679793355548
23541,6719.103347342575
23542,6974.6878808983865
23543,4770.823410859112
23544,6435.61235693089
23545,5769.115484701
23546,7069.26833740012
23547,6357.649036992845
23548,6458.192061352418
23549,4910.624997674875
23550,5931.923980331706
23551,6275.01066770417
23552,6354.256511536219
23553,5482.5530263146275
23554,6819.936601321119
23555,4575.285773574371
23556,6626.15684344545
23557,4129.631293816773
23558,4379.134949575855
23559,5502.116464692663
23560,8028.1958190871155
23561,7403.89599420181
23562,7073.560507300368
23563,5533.808818188094
23564,7188.267013448005
23565,6553.640423517218
23566,6848.622543010356
23567,6042.136796034674
23568,6116.409390073031
23569,4934.1326599631475
23570,5833.142458534816
23571,4002.7492316788216
23572,5531.809370912118
23573,6304.091694692041
23574,6401.438013654316
23575,4493.5426684597505
23576,5534.265762457894
23577,7552.9074337237325
23578,6006.483710035588
23579,5474.018697407405
23580,6882.668298136256
23581,5346.7378079848195
23582,5677.545697012246
23583,5161.1961771037295
23584,7609.217329721467
23585,5198.129556532447
23586,2869.6650377434457
23587,8198.448852277626
23588,7355.746893150173
23589,7352.112876011279
23590,6495.412531320689
23591,5078.699527014617
23592,5723.388627671693
23593,6011.195968994909
23594,6845.077603907568
23595,6019.818798148055
23596,7473.965252876777
23597,4578.508614084716
23598,6696.668932868708
23599,4908.974084021487
23600,6829.540846207579
23601,6960.934159318787
23602,5514.445844896065
23603,3441.6900849585986
23604,6490.862401010633
23605,7661.832243812766
23606,7210.957422910163
23607,6439.6496253665155
23608,4228.00338717682
23609,3498.2577993976092
23610,7247.487059205005
23611,6030.43096596718
23612,5773.268262477183
23613,3569.327637682701
23614,6320.642591994863
23615,6426.385049321472
23616,4452.538648787868
23617,6582.123669500777
23618,3162.0078903691087
23619,5737.970614928155
23620,5059.057138558749
23621,6420.285422916162
23622,5262.15323017275
23623,6294.5328529362505
23624,6179.6175856898
23625,6507.281181986998
23626,4383.165127430831
23627,4045.4789793089253
23628,5805.712657217012
23629,4940.695323602038
23630,7611.448789141097
23631,5335.022768934871
23632,4173.431552766744
23633,4423.921014123268
23634,4591.02647825345
23635,7500.929837532759
23636,5933.834374491515
23637,6861.255744235551
23638,6299.520654422801
23639,7059.598603707592
23640,6075.022840695723
23641,4853.340276717184
23642,5299.7199642264
23643,6970.4217436842
23644,6396.171776409412
23645,7268.915953600573
23646,5164.477185448705
23647,6585.6843237343455
23648,5907.172178468402
23649,8659.951820350887
23650,4349.503540198663
23651,5380.29616871015
23652,6901.644336363879
23653,6219.1043921124365
23654,3913.8034787186402
23655,5465.179697071703
23656,6692.058506779259
23657,4933.306581221786
23658,4886.96932942917
23659,4678.624353666043
23660,8192.47445918214
23661,7458.032430001097
23662,5589.896035735725
23663,7232.41536588392
23664,6626.8855582918595
23665,6990.558839088397
23666,6636.4306618676555
23667,5498.618520405526
23668,7835.468704225043
23669,7659.104819363043
23670,5479.633175788797
23671,6603.631838436335
23672,5980.628505546105
23673,5275.257180711494
23674,6813.235852147399
23675,5060.368642072355
23676,4587.387671580086
23677,6230.67704209674
23678,8737.871907267161
23679,5662.79598246945
23680,7424.740993225635
23681,8107.015776723014
23682,5264.68552221647
23683,5951.0662138921425
23684,5370.602151556291
23685,7882.0249882567305
23686,5712.066724194041
23687,6305.777496561745
23688,5393.570651864857
23689,7253.280891678106
23690,6081.549364610909
23691,5018.417797242624
23692,4646.205161138776
23693,5831.193293353538
23694,5042.15103111013
23695,5647.327531517495
23696,6435.03535486012
23697,7685.193311876953
23698,4269.8067656678395
23699,5132.2373669735425
23700,6357.502753864427
23701,5024.788505769818
23702,5942.42162
23703,7756.882230201663
23704,4062.3882709914647
23705,7689.501125293723
23706,4686.959595679034
23707,3937.070908757739
23708,6838.457887259034
23709,5718.734927162489
23710,5944.499742680411
23711,6365.83532331651
23712,7459.028576816073
23713,2925.0411013787575
23714,7331.729751721804
23715,6027.130774563716
23716,5642.902069446516
23717,5176.97221780041
23718,6416.249959570795
23719,3331.9994863524594
23720,5116.864622802696
23721,4180.317007512056
23722,4920.957779450241
23723,4459.9732680887855
23724,4873.6747289772175
23725,5987.749024932726
23726,6238.635108234543
23727,6566.998412895499
23728,4297.804021874867
23729,7063.316903112364
23730,7435.573358480608
23731,6397.681427199356
23732,5316.071219119396
23733,5546.883363308241
23734,5666.901165164678
23735,6205.378061658976
23736,6628.174966778397
23737,4912.043511080558
23738,7682.27535607834
23739,3935.549762405208
23740,5676.870435769203
23741,4362.103954859386
23742,6583.66196460056
23743,7004.322978240527
23744,8185.907509457718
23745,7208.463477078962
23746,4533.024188811152
23747,7130.812867257861
23748,5600.415799624927
23749,5860.557915038361
23750,7829.652867497246
23751,7278.293622159819
23752,7241.97008703491
23753,6729.180868889624
23754,3141.2061792103245
23755,6902.799441818294
23756,5730.402204298244
23757,5454.976565301442
23758,3846.4606634334423
23759,4589.705896328666
23760,5501.340051571952
23761,5699.658469333421
23762,6166.390835133542
23763,7694.375970286293
23764,4363.665076577456
23765,5610.931411530383
23766,6299.845848104131
23767,4591.523532357156
23768,6761.034904881292
23769,7354.069879587738
23770,6388.680540035269
23771,7003.7499112032365
23772,5901.931759823572
23773,6251.227268269793
23774,5741.46349573799
23775,7760.297028934532
23776,8006.034016614351
23777,5751.628780613689
23778,6684.981425499772
23779,5467.295308889425
23780,6616.080807554496
23781,6501.238962434705
23782,7501.1502521374805
23783,5441.794103720043
23784,3893.88712050913
23785,5832.075910883099
23786,6059.240828378828
23787,5244.894438414147
23788,6108.381627386164
23789,7480.9720777104985
23790,4199.423072505894
23791,5852.866240894766
23792,6270.552967054097
23793,6584.88294095184
23794,6551.963559543735
23795,5444.151202453393
23796,6374.654606221481
23797,4715.013293940637
23798,6090.7618363356805
23799,5318.44923802543
23800,5787.871714025628
23801,4072.4553071192545
23802,5135.278353943862
23803,8353.961560788066
23804,5471.6614395875495
23805,7172.428884068787
23806,4251.23496004301
23807,6991.048984315334
23808,4513.111088442251
23809,3872.160748109196
23810,5503.112106863318
23811,7469.693768753414
23812,5053.464106601346
23813,4779.969598319912
23814,5945.798890258669
23815,6715.250412511
23816,4638.466044613173
23817,5526.321038286256
23818,5116.299243929432
23819,5024.889830052385
23820,7485.614246420408
23821,5906.386013079588
23822,7846.484887177035
23823,5796.182512246892
23824,4913.237690068867
23825,5088.862238090472
23826,7887.665393851998
23827,6402.377815683693
23828,6552.539437520479
23829,4621.407564290371
23830,6257.633669929304
23831,5462.132152836641
23832,4423.276180815012
23833,6421.297923600685
23834,6644.573572408406
23835,7531.886386824668
23836,7083.457621272699
23837,6587.4085716451955
23838,4240.728699406245
23839,6992.270771587462
23840,5933.707774767206
23841,5405.029146525058
23842,7437.226448706968
23843,6008.282598837585
23844,6851.0495885034825
23845,6336.618340482862
23846,5415.022632774282
23847,6440.624247060144
23848,8594.96738997291
23849,6233.766041521543
23850,5916.951843414097
23851,5335.422136369969
23852,6711.307608139478
23853,7328.758110606195
23854,6829.347800585438
23855,5567.248909614918
23856,6679.344503346525
23857,7479.942031380252
23858,7505.618546146385
23859,6553.261028284254
23860,6095.051110963777
23861,3725.2213924777852
23862,4237.373126522846
23863,6632.634450705961
23864,6274.747058523513
23865,3377.453136647881
23866,6563.968491121642
23867,7668.9670219359505
23868,7234.255315247399
23869,6688.33310062638
23870,7978.7434445459585
23871,4477.522643053738
23872,7747.664137625569
23873,5979.982376875022
23874,7182.328619774882
23875,5992.970274962713
23876,5531.596930903132
23877,7340.264836935798
23878,7895.020799770553
23879,6361.204901513349
23880,6355.020892465241
23881,5649.343318407092
23882,6351.618579950813
23883,5169.855189042152
23884,6136.59102922039
23885,3477.3369083876764
23886,6416.110260589549
23887,3401.0820269797164
23888,7578.933016938201
23889,6369.709966215524
23890,4058.9068758032895
23891,6176.167867463218
23892,7701.238508796306
23893,7554.600239717904
23894,5774.39682356509
23895,5647.1652523382945
23896,7488.043310549559
23897,6898.390948654297
23898,7147.437979252196
23899,5514.862531579908
23900,4771.432690717849
23901,6924.515132046779
23902,6131.989033124383
23903,6107.177452708053
23904,4800.785698897312
23905,7601.961122496148
23906,5907.765068664361
23907,6396.842429107959
23908,5459.8497157373295
23909,4445.765521839024
23910,6037.436882881835
23911,7258.858762062748
23912,7080.0400399994705
23913,4906.436182384434
23914,3672.810285454582
23915,4976.215254397947
23916,6383.886934447292
23917,4848.256711078693
23918,5156.609894009201
23919,6586.321347417576
23920,6507.022946280817
23921,5830.672368342484
23922,7762.772057931831
23923,4458.022031047597
23924,6464.667083405291
23925,4088.7396341671447
23926,5109.732212811086
23927,7182.463360920803
23928,8395.874728275327
23929,7068.219011200038
23930,5735.673962961565
23931,3835.223858776778
23932,5763.750146526155
23933,6655.593479841364
23934,7154.821560999816
23935,7244.736543252756
23936,7489.4544766526105
23937,5618.019454407434
23938,7896.978726275234
23939,6080.015927056354
23940,5562.145416093385
23941,5805.074682616394
23942,4197.822169133682
23943,5939.756301318539
23944,4339.096516719295
23945,6859.909489881925
23946,3996.813911937272
23947,5126.373517709513
23948,7190.008642107334
23949,6591.898016496065
23950,5097.700469916612
23951,4744.412686721598
23952,6558.210417052531
23953,5750.161808668303
23954,4942.233825038932
23955,6081.934630380683
23956,5104.745902393538
23957,5905.204766418227
23958,6218.092132639637
23959,4202.670408614612
23960,8275.997880456824
23961,4657.3448741903785
23962,3714.1101284073325
23963,7480.310772624094
23964,7644.911779046844
23965,7637.243401502693
23966,4872.362587060413
23967,8286.253187876926
23968,5933.938831662619
23969,7704.625559394004
23970,6990.087721471672
23971,4776.359460085537
23972,6631.262635393721
23973,5858.778855397362
23974,6413.496009369127
23975,6440.410177984825
23976,7676.081908519425
23977,5889.971867025019
23978,5058.277952709153
23979,2490.6680775787586
23980,5969.728678675552
23981,7467.127659531191
23982,7553.61653133659
23983,4500.715216445886
23984,6255.8906359547855
23985,2379.927841368543
23986,6242.819976126386
23987,5492.025935252107
23988,6818.455042903679
23989,5065.016549293696
23990,7877.35764790156
23991,5973.127926483002
23992,3561.2302359861947
23993,6753.800160565794
23994,4105.673315229903
23995,5586.499173425126
23996,7060.945616510705
23997,4814.333286648171
23998,5411.444577892491
23999,3600.1087243722827
24000,5162.626209324534
24001,5186.839162756095
24002,7798.6748554231635
24003,6250.96812500238
24004,7312.742123711637
24005,6300.469497076453
24006,7299.751900521544
24007,5661.380420015473
24008,6756.949212740669
24009,8439.963640406544
24010,4149.591333548692
24011,6668.832487411057
24012,6399.91521609808
24013,6346.859718218138
24014,8159.751847148847
24015,6691.990926341765
24016,7484.94820572199
24017,5051.330918400568
24018,8294.895104140758
24019,6555.302192977198
24020,6475.853819811335
24021,7475.38009173393
24022,7816.961548351027
24023,3938.983893597079
24024,3764.0031790198323
24025,5678.429849960735
24026,6319.529167452278
24027,5117.170003985326
24028,6160.099318695729
24029,2731.8976647269455
24030,7060.0380038376625
24031,4269.660394136421
24032,3614.2672230239627
24033,8006.35016041838
24034,6961.367926956055
24035,5579.3654547698325
24036,5747.03226086869
24037,5244.0861192322
24038,4198.38634583624
24039,5747.71588471758
24040,6029.625553746154
24041,7419.125333017168
24042,7223.964998942191
24043,5198.776369147691
24044,8495.074069361555
24045,5980.569441119288
24046,5159.065536130118
24047,6509.727623886808
24048,6311.006006112822
24049,5139.38500479807
24050,6342.979164244924
24051,6456.3127551971265
24052,7445.968554865706
24053,7438.225800007263
24054,3643.528720963234
24055,8012.296222829053
24056,5758.686107276876
24057,6857.957711804974
24058,5113.435048840513
24059,6909.063749576895
24060,6640.102742941705
24061,4185.561302231944
24062,6533.933958704351
24063,4997.208314522286
24064,4241.670338316581
24065,4756.072057509528
24066,4104.126407766539
24067,5073.446910486869
24068,5748.069563462882
24069,4746.3499742723025
24070,7257.16728579324
24071,6028.8421132378435
24072,3754.2897036986305
24073,5589.7289006737765
24074,6218.247004375771
24075,5749.196424500643
24076,6471.656463308125
24077,6921.4000684423
24078,3937.9388684697474
24079,4172.980370625087
24080,5244.891283762787
24081,5396.582753213266
24082,5002.766680022546
24083,5816.9275300236395
24084,6816.139103495698
24085,4694.608433499669
24086,6516.601479343445
24087,6068.0776423280095
24088,6197.979298993066
24089,4348.762741365249
24090,5442.233072443332
24091,6560.974892242028
24092,8536.459519869259
24093,7550.604165169795
24094,6794.891733876856
24095,7892.059176411061
24096,7679.240991992677
24097,8009.080113175886
24098,6096.107767274939
24099,6026.132508177134
24100,5781.1058234552675
24101,7466.173833049975
24102,6933.598404223801
24103,5254.679928269356
24104,6466.97116433491
24105,6433.039675143179
24106,6608.834630196617
24107,5699.2314242376615
24108,6185.051502521562
24109,7851.354871958609
24110,5267.045965389897
24111,4307.770303131665
24112,7828.419641772665
24113,7551.713709196278
24114,3945.9392523945626
24115,6919.248075034568
24116,8428.281684351678
24117,5642.9308799244955
24118,5854.007179316343
24119,6498.273911532307
24120,6503.046867407984
24121,6840.077364875363
24122,7569.389455390347
24123,5867.935319050324
24124,5289.370497068531
24125,5512.990270879589
24126,6836.804676982639
24127,6890.844137481203
24128,6058.609305232216
24129,6141.590306881873
24130,7123.513991862932
24131,7609.104849253111
24132,6749.910938390842
24133,5538.970208221358
24134,7906.942910071539
24135,7417.161359095627
24136,3939.60526394554
24137,4478.877050221868
24138,6273.831134372196
24139,4904.304556442079
24140,6502.384899674855
24141,4543.331958877986
24142,5357.276234801018
24143,7331.0250695168925
24144,5760.203829188442
24145,6820.969333061968
24146,7700.85087742891
24147,4469.5751159514175
24148,6127.354498099577
24149,5668.569263431101
24150,6333.095799452161
24151,5494.550968249039
24152,5690.656195013452
24153,6881.641144698885
24154,4411.640373879627
24155,6449.974113981977
24156,7017.218290163605
24157,2195.672403476158
24158,7498.1762625074
24159,6485.741297844279
24160,5673.265020955574
24161,5429.626642955655
24162,6901.112966397297
24163,8198.082277883646
24164,5523.157683553235
24165,7944.770893847512
24166,4179.292213962152
24167,5068.192461771517
24168,5796.543280644973
24169,6215.062063091652
24170,4585.9095032466885
24171,7835.814544236165
24172,5998.974908486458
24173,4632.088438731849
24174,4094.9312496018733
24175,8173.588633560764
24176,7463.720217113683
24177,4445.376591831845
24178,4335.656621445694
24179,6666.069956197159
24180,7640.833980876781
24181,6410.701214286793
24182,6023.736803243244
24183,6232.252688215154
24184,4189.876205821589
24185,7282.9066161733945
24186,4018.3357794609888
24187,3464.4955971924783
24188,4767.292432624101
24189,6261.976067460567
24190,4877.6282247029185
24191,6471.013703518912
24192,7168.166277218178
24193,7257.958305158442
24194,6181.986600268903
24195,4945.794430375647
24196,6822.942235687118
24197,6056.753810497635
24198,8605.159928767944
24199,8191.810349876501
24200,7241.7023268346475
24201,6640.547488417333
24202,6860.925864106467
24203,6174.748530943895
24204,7647.658378773164
24205,6334.106454603282
24206,6778.874892603477
24207,5568.491954481384
24208,8595.483691231013
24209,7400.890755030339
24210,4945.448744288389
24211,7828.144009413186
24212,5912.136797216766
24213,6931.925688726542
24214,4226.227505586544
24215,3998.063740438779
24216,6498.623112532225
24217,7298.235226807714
24218,6499.082080196068
24219,5030.60907710733
24220,6921.303879013813
24221,5890.07791963188
24222,6638.6564900671565
24223,4550.6021276809615
24224,7135.262313809513
24225,7475.373384956058
24226,5246.388526632175
24227,4046.332060307229
24228,6465.374354700844
24229,5810.424927858236
24230,5831.631080167968
24231,5569.334446270108
24232,6018.165519405924
24233,3702.5453872690905
24234,6805.262905715404
24235,6073.580508059821
24236,5461.355153230443
24237,7575.159279749368
24238,6556.955417956171
24239,6673.0484494137645
24240,6108.628171699738
24241,5483.270677596532
24242,5331.426807450288
24243,4425.980844019319
24244,5189.121047991639
24245,6646.116302625092
24246,6664.531880474156
24247,6440.167233165455
24248,5171.309085324411
24249,7445.25826491631
24250,5333.88321289455
24251,3430.656310810454
24252,6676.982437884915
24253,7653.095207496202
24254,4863.314606467632
24255,5380.564656857803
24256,5868.309797514169
24257,7151.08014369283
24258,7687.53349040167
24259,7834.593653732424
24260,6572.383935190836
24261,7130.177828765112
24262,7373.421676776559
24263,7302.508971072127
24264,5700.200580939435
24265,6554.976919765257
24266,8516.278526705324
24267,7214.536763781044
24268,7759.986785689314
24269,6943.047974966378
24270,5779.874903340116
24271,6766.320235382841
24272,6386.488280166629
24273,6576.860701180612
24274,8114.764767518533
24275,3963.9075536000582
24276,4311.688499893338
24277,8413.659634535356
24278,5956.0778192947155
24279,4564.405871515118
24280,5777.36816799633
24281,6826.937763894056
24282,6507.716463794792
24283,4969.495156906915
24284,6232.235051386226
24285,7351.748476045336
24286,6504.497861307494
24287,7716.757631098896
24288,7736.071685856476
24289,5415.87939375362
24290,4657.448962927679
24291,7478.277443309363
24292,6466.467474431368
24293,5865.142709659533
24294,6436.601007045852
24295,5591.492968820492
24296,4445.6452956885005
24297,4174.743636610791
24298,7403.198288181462
24299,6792.634404406566
24300,8090.670485596181
24301,7175.461590959515
24302,5539.983303990606
24303,4406.589508419748
24304,3829.089498709045
24305,7387.206411493248
24306,3217.9231388704297
24307,5690.584478469635
24308,5330.63134
24309,5544.670768942062
24310,7592.536734458581
24311,6816.014500054841
24312,5669.671881883242
24313,7429.837377199231
24314,6520.57767069764
24315,3983.377161678522
24316,5570.155434064442
24317,3755.7822952273546
24318,5441.549893983906
24319,5132.523181928222
24320,5214.120382756646
24321,5876.919635939138
24322,8042.657064298636
24323,3685.2901300271233
24324,7443.795526172949
24325,3854.668443600591
24326,4550.6307679918655
24327,6848.292782115373
24328,5229.059872839444
24329,5368.12655881548
24330,5671.866344978105
24331,6724.723010878888
24332,4129.619699313488
24333,7327.77862812845
24334,4037.1466769809135
24335,6485.674002555575
24336,5640.152759014554
24337,7488.288212314441
24338,6812.128792281163
24339,6041.933907098862
24340,6300.824204900611
24341,5615.968425377392
24342,4244.463621263611
24343,4028.8916516763047
24344,4976.360989258351
24345,4572.493695744317
24346,5916.6135167623115
24347,7324.4543331708455
24348,7413.918132089537
24349,6782.919119962509
24350,5808.941469391121
24351,6508.159347335033
24352,7097.15343180505
24353,7844.777939193663
24354,8480.720592950742
24355,6590.225656246686
24356,6303.447605110869
24357,4444.208959543876
24358,6900.188666441571
24359,5786.750246659912
24360,4117.439277434362
24361,7883.854977636976
24362,7099.628613493008
24363,5836.645739679901
24364,5211.2382719754105
24365,4244.717402903469
24366,4292.283346763172
24367,4056.079051445972
24368,6495.593736824254
24369,6213.18540786341
24370,5666.123389144981
24371,7191.681948149628
24372,6501.495612401255
24373,5907.375423412988
24374,7169.897292210235
24375,6437.563994713894
24376,6722.261073614849
24377,4133.690258790892
24378,6032.83426960091
24379,6481.4399902090045
24380,5956.519645181623
24381,7078.003300508964
24382,5283.697806910407
24383,6277.195084283473
24384,6729.864245486256
24385,6015.451680172342
24386,5301.76649728603
24387,6853.381155974555
24388,5531.972496487591
24389,5181.5914174758045
24390,6560.644863228181
24391,6299.985343845846
24392,8946.67186317601
24393,6371.66083066645
24394,3453.910277821155
24395,5365.471759533582
24396,7704.392555973405
24397,4316.282977414461
24398,3066.2721197994038
24399,4251.0513900590695
24400,6504.528980831549
24401,5742.359444204237
24402,6475.307747739686
24403,6236.812481520326
24404,5050.387777203233
24405,4386.579268830523
24406,5479.110514353298
24407,8134.532840640851
24408,5504.486598607823
24409,6054.995752060223
24410,6587.180921401897
24411,7983.413501748873
24412,7603.177215521648
24413,6206.271792543165
24414,5889.726752678926
24415,5251.447017126694
24416,6800.703534994257
24417,6182.638095853743
24418,6744.71927444317
24419,5331.473896881313
24420,7899.846346687088
24421,5553.546287886864
24422,7170.896913304189
24423,6120.5592035107275
24424,4261.944907828608
24425,6226.334360848155
24426,7988.063757424523
24427,7103.063990826776
24428,6586.0819651580905
24429,4246.216673085939
24430,6447.947441514586
24431,5685.583824069024
24432,6127.672650173576
24433,4721.817961039797
24434,5019.451679478599
24435,4997.794276840059
24436,5641.7220884525
24437,7396.404745175786
24438,6362.691576845034
24439,6558.145530147578
24440,7246.940531266777
24441,7625.607588904409
24442,6255.752283340113
24443,6040.505482132077
24444,7589.933399850255
24445,3835.8437932956404
24446,8174.448160418333
24447,6801.604148765975
24448,4611.63002511392
24449,5278.069537430209
24450,7529.846709318387
24451,5481.027866848747
24452,5643.111721255998
24453,6123.879926807471
24454,6473.220723938998
24455,5542.499593032414
24456,5252.96186889087
24457,7346.088902470486
24458,5731.6529644160955
24459,6622.265646097082
24460,6736.163748439789
24461,6878.814981755523
24462,6510.651864240024
24463,3951.542866440677
24464,5798.461014408062
24465,6079.374058953984
24466,7723.267561510564
24467,6622.026859200087
24468,4650.854727382923
24469,5816.338216601332
24470,8094.028263314231
24471,6298.008101235179
24472,4084.570096868215
24473,5742.654073630132
24474,7570.395401795631
24475,6918.948115419178
24476,4924.678816395537
24477,6162.849740933784
24478,6525.55792321368
24479,4061.3462265760522
24480,4947.604129796008
24481,4845.3607650714
24482,4726.325846480654
24483,6241.876040094549
24484,8074.532987263367
24485,5826.43370053511
24486,6556.812305837599
24487,6958.62521541658
24488,7079.5590836942765
24489,6059.990466760228
24490,4567.396115257339
24491,7289.203375964854
24492,6564.550292905632
24493,7294.948655624583
24494,3674.8849264546175
24495,3618.8378144530075
24496,7661.053947214295
24497,6275.749801235701
24498,7729.359833327868
24499,6511.961340686796
24500,4138.695472091221
24501,6808.765114500117
24502,6394.578047007424
24503,4830.596338265498
24504,4989.098229114304
24505,7284.4817935406245
24506,6349.838140872452
24507,6160.609788600079
24508,5619.18094458038
24509,4969.917708108706
24510,7528.185686861608
24511,7161.006276335001
24512,6434.502048030118
24513,7819.987789819611
24514,7667.410315945512
24515,6210.226296716575
24516,6552.144959556973
24517,4092.0891355051817
24518,6424.819601863023
24519,6039.628239987886
24520,4482.14207678182
24521,4175.271532727162
24522,6110.497536782997
24523,6797.899216522802
24524,5972.482335753946
24525,7332.8089439400255
24526,4610.454472928357
24527,4480.544485191728
24528,3820.183595636717
24529,6237.240357807628
24530,6659.943470356105
24531,5659.877609113118
24532,8263.285010022924
24533,5484.799264943777
24534,4370.996529014878
24535,4886.324321729208
24536,5714.132406532105
24537,7530.863272650232
24538,5669.566659502121
24539,7110.974176249854
24540,7254.810571368126
24541,4554.973432723342
24542,5492.702885113364
24543,4484.5168010263205
24544,7524.069671347527
24545,5434.031174591383
24546,6626.925321327104
24547,6325.029142792065
24548,7132.186895160951
24549,6578.437775919193
24550,4333.00102769419
24551,6736.849220182954
24552,5292.348793111078
24553,5350.017785486144
24554,7696.786067802291
24555,3716.2433364798303
24556,5246.232661378571
24557,7901.983376092972
24558,3904.0172691819325
24559,4193.381500670037
24560,5831.817922121749
24561,5893.295148538
24562,5935.287296593689
24563,4142.998125758204
24564,8310.988474516713
24565,5207.793901090355
24566,6776.070797870522
24567,7631.689885268137
24568,5570.722444087774
24569,4315.437698145042
24570,3462.2812047433904
24571,7325.720498129507
24572,4952.445214413054
24573,6633.6238688830545
24574,7939.977681261298
24575,5447.764680911333
24576,8063.102211766226
24577,7468.503387764786
24578,6601.2643920942655
24579,6806.203469744841
24580,6376.420810498096
24581,6587.141800684073
24582,8245.83885113412
24583,3385.711054819631
24584,6368.822783700105
24585,6864.235296478234
24586,5200.335937944341
24587,6033.77856
24588,5614.494823071518
24589,6799.738918719558
24590,7547.727328608582
24591,5350.560821724031
24592,6616.140250077203
24593,7183.8353925163165
24594,6203.639967994492
24595,6261.610076133056
24596,6735.914283966677
24597,5737.507061375609
24598,6516.368559767881
24599,5417.856047086077
24600,5169.039505930469
24601,7543.245135555299
24602,4261.6199893171015
24603,4263.039669692542
24604,5865.908338056052
24605,5282.854262707603
24606,5534.818861887464
24607,6692.6263146398205
24608,4662.000304454247
24609,6029.022161524454
24610,5583.928483885836
24611,7338.848045845098
24612,4851.889953884165
24613,6530.166198577304
24614,6594.725218978536
24615,3816.9940551897903
24616,7167.35252767711
24617,7993.213516175086
24618,3769.63069283555
24619,5881.800616859243
24620,6663.297127254912
24621,8633.126038415805
24622,6340.679251937772
24623,6741.205339485705
24624,6286.738591808545
24625,4644.997302554043
24626,5093.427736593696
24627,5218.9884897735565
24628,3459.699975503682
24629,7515.933390979326
24630,6891.598523293219
24631,6492.078997482522
24632,7272.404030784256
24633,5026.9344953231885
24634,7376.644784200514
24635,6313.8357844181455
24636,6913.424219299925
24637,5834.868927986993
24638,4434.0112449121
24639,5895.478987507865
24640,5287.756575900002
24641,5637.159329333312
24642,5447.77533025928
24643,5268.385395248126
24644,5148.1118133922755
24645,6890.076005842778
24646,6278.617624142856
24647,3954.204891305572
24648,4564.834049331193
24649,3527.143793994963
24650,5663.044215328382
24651,8091.756683430398
24652,5483.19573594445
24653,6115.890754243264
24654,4361.331437367831
24655,3921.286220564597
24656,4349.384220375456
24657,7551.083434833687
24658,4291.5100828697605
24659,4206.257914616494
24660,6067.884405444185
24661,4280.194250391209
24662,6309.347201557566
24663,5396.198256613333
24664,7618.129768162171
24665,6168.421752728325
24666,7016.173180957042
24667,4817.166229432668
24668,7201.29320538866
24669,6709.568733719384
24670,6520.505879515129
24671,7145.582776132288
24672,4072.11317816312
24673,5543.30282856535
24674,5762.21943804019
24675,4865.403670093059
24676,3775.953769789174
24677,6357.125367580753
24678,6602.587204261662
24679,7358.795139624814
24680,8227.920694738932
24681,5597.13140968535
24682,5695.172305531267
24683,6086.602500437094
24684,5051.7543932340905
24685,7339.206504349024
24686,6343.487923144671
24687,7389.160449053498
24688,5442.683487109063
24689,5430.940263483852
24690,7210.540435765546
24691,5718.81245579653
24692,6562.715634135741
24693,7002.580176255078
24694,6055.355563519346
24695,6638.6565153694555
24696,7480.336495850811
24697,4637.737848117237
24698,4660.497581462341
24699,7159.202977372122
24700,7627.338461429819
24701,7357.132013035745
24702,6881.381056549016
24703,6906.600208597317
24704,7014.137558184695
24705,7851.61542551632
24706,6881.1887192520435
24707,5555.1070488191635
24708,5740.9737834777325
24709,6925.957928382117
24710,7025.819374725309
24711,5269.308163758339
24712,6897.233812089041
24713,5922.936109356792
24714,4426.092718978196
24715,7428.7352909430165
24716,4673.727498273351
24717,5572.163684840925
24718,6127.194700202283
24719,3872.0567340668804
24720,6354.936591241372
24721,6221.20249006184
24722,7976.5172975094265
24723,7199.9229564655025
24724,6586.0202813713495
24725,7654.050742579719
24726,3752.359839731433
24727,5947.8906987047485
24728,6554.85421575403
24729,5702.128260651591
24730,6447.268655177761
24731,4966.520566000744
24732,3881.8801206498597
24733,4289.799310889198
24734,7416.281477500623
24735,6983.402073266036
24736,6517.909479530638
24737,6100.302669115705
24738,6179.699709524275
24739,7300.05227789163
24740,5907.8709057239885
24741,5717.175672467233
24742,6164.44037730509
24743,6858.079105440547
24744,6482.705252011888
24745,7469.951071564915
24746,5912.852443184167
24747,6416.972868473979
24748,5618.276512692641
24749,7382.4590071759685
24750,7518.153750771383
24751,7494.003882717943
24752,7267.845987007519
24753,5430.803640591478
24754,5079.10162448739
24755,5381.377815119073
24756,5044.389712930117
24757,4190.258635912604
24758,7040.534023068731
24759,5630.229877830696
24760,4897.8857861767165
24761,5559.974799713783
24762,5190.29146345063
24763,6014.959611980191
24764,6511.222079223221
24765,6398.964982495754
24766,2759.7782861244136
24767,7005.323911258583
24768,5566.060273483912
24769,7508.082048470079
24770,4733.3168575483805
24771,7578.219424768402
24772,4651.639202131231
24773,5509.03295036025
24774,5637.754688077891
24775,7882.847531066451
24776,6351.289825829118
24777,3191.448286366854
24778,8291.106626766303
24779,3936.5658109098513
24780,6666.9433453981765
24781,6027.718700251917
24782,6943.28201900028
24783,7680.195064550491
24784,7372.323224449815
24785,5889.104126890147
24786,5641.714965224868
24787,5563.411801593162
24788,4109.0694943897815
24789,4156.080004002808
24790,5784.12118287494
24791,8259.817997831371
24792,5129.366781718837
24793,4539.424502467759
24794,5750.036036447927
24795,7319.885501436573
24796,5694.030085137301
24797,5904.6705552710055
24798,6277.427679646496
24799,6231.785932410056
24800,6248.690542524574
24801,3083.897462097334
24802,4261.5896725696
24803,4536.957562215722
24804,6291.17826527433
24805,6019.226080610627
24806,4506.930942978977
24807,5498.765498809943
24808,3936.649452844533
24809,7154.872698775696
24810,5744.521593309544
24811,5232.452260159955
24812,7037.896169684746
24813,5891.6920457189635
24814,6329.722434251667
24815,6973.74092008556
24816,6366.22680347035
24817,6892.70197086153
24818,6044.8649903543965
24819,6630.969966625074
24820,6427.261309882243
24821,4029.5149708679332
24822,4860.645851762365
24823,5467.957580414555
24824,4140.759143693104
24825,5502.6498365956595
24826,5571.994957208108
24827,7315.138914769736
24828,8054.819092357392
24829,6555.446248965368
24830,6058.116372887491
24831,7064.300214171553
24832,6171.509707983009
24833,7178.8136751224
24834,6259.961061762233
24835,5314.124221965121
24836,7356.204756400242
24837,3248.1964061920544
24838,4853.143190981126
24839,5097.541003989882
24840,4852.717572754821
24841,6976.671786125461
24842,7337.604940986094
24843,4663.044144481101
24844,7191.303661507951
24845,4846.966702163377
24846,4368.526968802941
24847,5627.115612378144
24848,6528.774516116717
24849,7858.537442873048
24850,4917.5245225972285
24851,5749.126980942269
24852,7190.751570867303
24853,4679.066675077167
24854,8560.840459137995
24855,7421.221815090658
24856,7364.79930388247
24857,6469.73335771029
24858,6690.475217235512
24859,6785.874914140123
24860,5714.867209202603
24861,5819.278278040912
24862,6365.050579400389
24863,5918.970942967007
24864,3852.458892667527
24865,6415.810287283308
24866,7082.4381785517435
24867,7160.243467192013
24868,6441.223846188071
24869,7469.76428842225
24870,7000.379971992232
24871,6438.267236704194
24872,5243.7907545630005
24873,4656.17946189516
24874,5470.666241303589
24875,4684.07068931596
24876,5498.7823693414975
24877,7957.640983688764
24878,5726.644276271126
24879,6568.1132130691685
24880,4058.8480972264956
24881,5120.05084572229
24882,7121.880056451663
24883,6578.3625328880435
24884,5925.284808399222
24885,7306.162950024183
24886,6310.62124552231
24887,6022.943941635526
24888,7420.4899192469275
24889,4880.72302894042
24890,6162.521521775408
24891,4614.278128599244
24892,5513.148293140859
24893,4579.997335465224
24894,5513.379517485004
24895,6848.62621996012
24896,3511.5379
24897,5123.966489488
24898,7015.775913820806
24899,5419.751779408138
24900,6320.400828854463
24901,6395.052684826192
24902,7514.478565557739
24903,4641.333181243706
24904,5131.853253177768
24905,6464.356934033803
24906,7083.182766320417
24907,5021.752273840298
24908,3757.936314539905
24909,6614.346264235947
24910,6354.0823861666695
24911,4204.540814828428
24912,4813.5913693877055
24913,6497.9555454728625
24914,6315.242306046981
24915,5183.878848050461
24916,3559.5902300625935
24917,7454.885109487942
24918,6153.7387005309665
24919,7266.66316207628
24920,7051.457078974833
24921,6823.066203566607
24922,6843.174229645748
24923,7439.392620590897
24924,6866.3703490495045
24925,4988.927875574777
24926,6208.139637506335
24927,5280.038847664799
24928,6546.245872232915
24929,6250.060492507683
24930,7764.47712452143
24931,7184.0122393585825
24932,6197.580463059572
24933,5989.416465902763
24934,5964.265363307948
24935,6090.088852218982
24936,5209.423339332258
24937,4818.152157195703
24938,7972.064788181458
24939,7684.678928356935
24940,7709.635843267123
24941,6160.223228275709
24942,5356.190909777616
24943,5304.14411871977
24944,7820.187253000803
24945,6486.978425028558
24946,6516.67159301587
24947,6107.28239064585
24948,7139.411678127177
24949,5577.853455944382
24950,4913.222974765748
24951,6638.65649
24952,5607.177665268068
24953,5969.694184091749
24954,5854.113685067194
24955,6810.680328315976
24956,7314.280154031671
24957,6166.3159116308325
24958,7260.643985948398
24959,5753.197721759414
24960,5975.499140217149
24961,7522.902183429329
24962,3488.162421189903
24963,4829.2170340209805
24964,6509.671217756416
24965,6116.4145790917355
24966,4547.710780487462
24967,8569.841187367228
24968,7372.087616352353
24969,4061.445127922428
24970,4986.158243365566
24971,6815.824976035957
24972,6631.568090518587
24973,5501.647574215081
24974,4732.805847568433
24975,5824.524281791794
24976,5212.863862650615
24977,4706.862404429044
24978,5809.368985647015
24979,6781.573298850364
24980,6470.71771788294
24981,6725.105504150007
24982,6621.533659099562
24983,6163.871860574239
24984,7765.017392433718
24985,4697.775932471613
24986,5928.96523128607
24987,4565.977996202646
24988,7110.125456927168
24989,6171.429233596368
24990,6361.171936316908
24991,6266.998655488261
24992,5134.129574156149
24993,5127.616552449372
24994,4717.607728079606
24995,7620.9299536944
24996,4492.3322446140255
24997,7174.3548725322
24998,8057.0233211421555
24999,4349.982276655745
