1.638965,1.500701
0.677570,2.200600
2.319851,2.085714
0.248644,1.016079
2.135297,2.677857
2.634196,2.168467
2.747095,0.833814
3.774966,3.212679
2.720014,3.034261
3.492524,2.080220
0.843599,0.617823
2.653893,1.229145
2.415988,2.526911
2.808941,3.184639
2.666015,2.374321
1.594954,3.447232
2.540544,1.482833
1.898077,0.677233
2.798954,0.839284
3.051812,3.248673
1.274785,1.446153
2.250706,1.949603
3.640360,2.920515
1.870364,2.927486
2.583938,0.820898
1.911876,1.526794
2.280394,2.892070
0.641488,1.572768
2.881390,2.572178
1.225345,2.200890
2.507807,2.322148
3.556218,2.360011
0.618212,1.974452
1.560596,2.564129
2.009374,1.364254
0.918004,2.456041
1.248704,2.813348
3.857815,4.679717
2.074119,1.775111
2.914317,0.926748
2.011685,2.368798
0.979241,0.460971
2.951055,2.449297
1.042863,1.371614
2.202152,2.715420
1.431606,2.400251
2.771827,2.444165
3.071333,1.607818
1.613025,1.874080
2.112865,1.878278
3.436070,3.015424
2.697938,1.895661
1.937652,2.341703
0.279226,0.453804
1.814178,1.739732
3.674962,3.648448
0.716218,3.179460
2.015816,2.317363
2.614400,1.445722
0.634320,1.386253
1.769640,0.860253
1.486070,0.084219
0.396539,2.586995
3.140978,2.574681
2.165437,1.661962
3.308632,3.377195
2.683186,3.156778
2.021278,3.571212
2.839348,2.517286
1.910906,0.680041
1.149443,2.456585
3.299804,3.484438
1.384023,2.165846
3.731459,2.411002
1.399493,1.696478
1.609843,1.956291
2.472792,2.705046
2.103368,1.389016
0.147275,0.621108
2.703422,3.359976
2.450557,3.237641
1.406968,0.586286
0.959301,1.372082
0.339679,2.236472
2.589380,1.835644
3.178247,2.362437
1.896196,2.237348
1.346787,2.173970
1.261973,2.715507
0.869115,3.589284
1.886735,1.029577
2.686184,3.168656
1.836524,2.550525
1.626579,1.553750
3.490768,1.975921
1.958494,2.814893
2.437459,1.191720
1.657362,2.042680
2.688580,2.842306
2.521075,1.378105
1.409755,1.970539
0.535149,1.588951
3.662009,2.724184
1.297073,1.810859
-0.372410,3.480321
0.937811,2.073377
0.848115,1.499506
1.893547,2.652516
2.787696,2.550877
2.379400,2.461274
0.929079,-0.938186
2.212039,0.599323
1.864230,2.953180
2.483204,1.405459
2.279672,2.959270
2.524287,2.740745
2.286334,1.634733
-0.173670,0.460249
3.660598,3.847052
2.146907,2.999341
2.743711,2.628975
1.129791,1.995546
3.206738,2.872237
2.737979,2.084650
0.268581,0.673563
2.633027,3.550889
-0.354074,0.678391
3.557930,3.073696
1.256657,0.548988
1.228324,2.002958
2.832508,2.772983
5.319214,4.294826
2.842622,1.594839
1.301361,-0.128780
2.315719,2.446460
1.469752,0.033890
0.987554,0.997787
2.618960,3.081063
2.127718,1.527501
2.132206,1.746893
1.570626,2.232756
1.245377,0.007561
1.128783,-0.823305
1.837291,2.425608
2.068004,1.445304
2.426740,1.933739
2.085604,2.935206
2.037270,1.344361
1.067274,1.374573
0.981226,1.610855
2.998021,2.437840
1.047640,1.658010
1.959438,2.076765
1.189295,0.597724
1.627296,1.425103
1.639129,2.737906
0.878414,1.691923
0.858920,0.879924
1.564545,1.254278
1.784335,1.654192
1.618421,2.213578
1.662406,3.754794
3.478331,2.264142
0.601215,1.392878
1.145324,1.773669
2.459233,1.561979
2.272932,1.595770
1.229050,1.081993
2.875594,2.554209
1.924253,1.360529
2.590220,2.833907
2.041324,1.534381
2.291906,2.523956
3.957810,2.550346
2.728915,2.515467
0.993068,2.468424
1.337214,1.177276
2.517733,1.515204
2.160362,1.871704
2.134133,1.306902
0.783863,2.316602
1.893333,2.295045
1.602928,1.201708
1.799634,1.812226
2.301915,1.528905
1.729774,2.227773
0.263637,1.222908
0.518963,-0.248384
1.152877,1.336219
0.507724,-0.300574
3.026917,2.427524
4.102225,3.576470
2.582231,2.732625
0.765945,2.642116
1.465361,0.888457
2.532090,3.024010
2.227626,4.059085
1.213163,0.743987
2.806682,4.160554
1.480286,2.718103
3.680502,3.081127
1.971969,2.018949
2.078343,2.701193
2.995776,2.853397
1.638602,2.153040
1.946044,0.821402
2.689743,3.967420
2.086451,1.337964
0.598826,0.714500
0.944939,1.012458
-0.662330,1.093010
1.729824,2.701395
0.756772,2.125404
2.492622,3.178674
1.962747,0.204008
4.044348,2.005116
1.874542,2.592084
0.661873,0.735968
1.279628,-0.100473
3.502946,3.447399
1.683737,1.651042
3.835017,3.745897
2.794867,3.464540
2.152456,1.212577
2.974629,1.915415
1.576711,2.531853
2.601641,3.105687
2.855653,2.062780
2.610312,1.575070
3.078413,1.880535
0.280866,0.316130
2.498990,2.712970
2.207764,1.986794
1.089362,1.846870
2.747337,2.171518
3.389162,1.087241
2.628757,3.995631
0.699934,0.450898
1.345062,1.656312
-1.226176,-0.106602
2.588550,1.633010
3.289492,3.492955
3.366146,1.943892
3.100723,2.019175
0.098073,0.979712
1.266932,2.746877
2.363639,1.502355
0.411481,0.950391
2.993451,2.803112
3.449708,2.066908
0.243198,2.152615
2.929710,3.492680
2.807036,2.319910
2.945024,2.081033
2.373454,1.542504
1.790897,1.740658
2.660717,1.753153
2.121803,2.877194
2.054971,1.077415
1.538282,2.289669
3.174067,3.717427
2.288550,2.859148
3.563443,1.758561
3.385451,3.433536
2.227232,1.322915
2.277723,0.616203
2.662735,1.451719
2.540807,2.588206
2.937418,2.552862
1.416971,0.840079
1.841123,0.711416
0.820392,2.261960
4.538955,3.742059
1.601764,1.398718
1.980571,1.376586
2.002850,1.847172
0.861461,1.115881
1.913566,1.501689
2.638558,2.206000
1.868887,1.447902
0.711347,2.786748
1.408596,1.082572
1.163756,0.755681
4.269111,3.261024
3.795910,3.444397
1.145831,2.822268
1.826423,1.607322
2.387281,0.176146
1.410519,2.181384
2.708616,3.852370
1.914497,1.499210
0.316648,2.587341
1.718389,1.966609
2.822740,1.972896
1.708950,0.852866
2.176851,1.699193
1.418360,1.752022
1.356472,0.846456
2.723100,1.744337
2.196119,2.573419
1.805511,0.883346
0.569080,1.924718
0.703557,2.580353
3.292448,2.047794
2.792395,4.288439
1.461095,1.405510
2.320285,1.194796
-0.182694,-0.053473
1.542378,2.268145
1.471492,1.695376
2.448837,2.920305
-0.302591,1.042829
0.875868,0.364652
2.919916,2.794129
1.404645,2.498837
2.700942,4.230493
2.350279,1.923398
3.703936,2.049080
1.250454,1.323772
3.764678,2.469600
1.456287,3.125309
2.976384,1.473241
2.349182,2.076458
4.362720,4.308425
1.851892,2.548098
-0.164525,0.962040
2.786127,1.679601
-0.258204,-0.198986
1.999999,1.975874
1.900634,1.756273
2.770235,2.223376
2.300078,1.756653
2.564127,2.670558
1.468820,2.972813
3.750054,4.841561
1.957554,-0.115837
2.482497,2.111056
3.607849,2.830033
2.085652,3.837922
0.553901,1.825456
1.939540,0.810488
2.209561,2.698935
2.701895,3.414893
2.395538,2.020717
1.162159,1.606422
1.732941,2.892271
2.628261,3.244196
1.641132,1.331586
2.343117,1.092004
1.292220,1.107318
1.928187,2.977196
3.314210,1.905749
3.045075,3.651085
2.231487,3.986281
2.954776,4.651232
1.865610,1.768897
2.272346,2.671482
1.480942,2.584244
1.825925,1.976227
2.343370,2.286425
2.588520,0.878352
2.795931,3.539195
1.944018,1.760035
1.810245,2.157827
2.856598,2.078293
2.319579,1.341207
2.497735,0.795151
0.872426,1.345024
1.286926,2.269617
0.050472,1.064842
4.234032,2.954455
2.528063,2.554154
1.914566,1.188822
2.215947,1.460564
3.232921,1.826259
3.475386,2.123701
2.318310,3.371952
1.506013,4.138395
1.480356,1.665192
2.393205,3.093515
2.437512,2.559522
-0.169068,-0.265128
1.356288,0.653112
1.144901,2.915701
1.636745,3.449194
1.668302,1.105835
0.966042,1.938596
2.246609,0.676384
2.753479,2.505960
1.754125,2.374797
2.513779,1.178434
1.365446,1.976032
0.974817,2.055598
1.048212,1.507392
2.891246,1.230285
1.524096,1.731784
2.403180,1.126432
2.409646,3.462799
1.693505,2.375006
1.960597,1.990354
1.445445,0.929400
2.147895,1.685619
2.530871,2.221699
2.047001,1.568252
1.359787,0.465180
2.381701,1.941970
0.648603,0.845158
1.849177,0.363616
1.323912,2.213543
1.396000,2.461480
1.743311,3.152659
0.190515,-0.172323
1.659124,3.112509
0.893480,0.370620
2.504785,2.223000
3.623654,2.705002
3.253510,2.485713
1.912931,2.147145
1.156404,0.158050
1.254546,1.040557
1.705427,2.380247
2.781101,3.163511
1.609623,2.102074
0.521923,2.977223
2.817798,2.286801
2.817394,2.261917
1.957485,3.146502
1.055180,0.484434
2.485133,2.956549
2.161773,2.794705
2.582136,1.066391
-0.238118,1.557760
2.724541,2.336840
1.585205,1.919662
0.424582,2.434786
2.552389,1.754092
3.559991,2.829060
1.131410,2.925968
2.336371,2.560159
1.420026,2.608419
0.077047,-0.453822
1.901787,2.945947
0.486111,2.332818
1.673949,1.314657
0.934126,2.042830
1.035805,1.543079
0.491585,1.660880
0.478660,1.127370
2.071372,2.218085
1.363600,0.546665
1.877389,1.484050
1.335880,2.614332
1.811285,1.857722
2.804543,3.550797
0.359367,2.522622
2.156969,2.376119
0.995301,2.572754
1.943018,2.222039
1.380242,1.566851
2.289578,2.483668
1.583465,0.556950
2.234905,1.534784
1.726653,0.203466
2.295435,2.672646
0.677092,0.611341
1.540238,3.421395
4.353420,2.154614
1.869963,1.367909
2.530235,3.238592
2.070902,1.506823
2.672547,3.545005
1.486497,1.387321
0.935808,-0.134277
3.667098,2.975190
1.917809,2.161148
2.032889,2.384944
2.361983,3.805747
1.512497,2.629793
1.474815,1.931568
1.282713,1.730421
0.778809,2.107962
1.475306,2.184310
1.357655,2.797772
1.685303,3.486243
2.750165,1.319390
2.229584,1.548532
1.598293,0.945669
3.331177,1.441636
3.603648,1.179769
2.991493,3.751907
1.106748,1.532206
2.861282,2.813570
2.582302,1.423938
0.259338,1.136700
2.177918,2.204804
2.840403,0.798668
2.555054,1.873070
3.007979,2.726878
0.122736,0.763579
2.208364,2.780947
0.325806,1.250439
2.271827,1.624890
1.198578,1.592064
0.907154,1.542326
1.358678,0.823443
0.760303,0.957903
0.547365,-0.141823
0.397656,0.595567
2.806087,2.322202
2.065346,2.489512
1.834061,1.260361
0.949957,3.092227
0.285742,0.722066
1.907072,2.027104
1.980074,0.957282
3.057187,1.388603
1.330665,1.977861
1.631458,3.205445
3.793732,2.329357
1.282070,2.329168
0.771118,0.312234
1.085089,1.046581
1.707670,2.591330
2.223268,0.646876
0.031233,1.411324
2.343851,2.739655
1.441820,1.702494
2.812390,2.140767
1.435766,2.608495
1.714536,1.343921
2.755961,-0.092582
1.874997,0.135283
2.873718,1.754048
2.540814,3.701640
2.231789,2.578293
1.802114,2.279155
2.574966,1.291974
1.384086,0.890329
3.562097,3.133982
0.275193,1.125415
2.476570,2.127313
1.240170,3.316918
1.454213,1.884255
0.988354,1.227143
2.322512,2.126162
2.080620,2.043397
1.343881,1.395827
1.405873,1.325157
2.931000,0.932800
1.033193,1.379681
2.583826,-0.312430
0.261209,0.121620
1.560238,0.520333
1.996030,0.942614
1.583184,3.497215
2.056419,2.273852
0.998658,1.494340
1.687253,2.052214
-0.052610,-0.110228
1.300516,2.351170
0.449071,1.636102
2.018346,0.875341
1.158579,0.012234
2.115048,1.360772
1.891164,2.219927
1.510736,1.932657
0.375718,0.829252
1.729402,2.693489
1.583692,0.356084
1.132050,1.833223
1.569844,2.945551
2.067164,2.192740
2.142095,2.157674
3.669428,2.229377
1.042599,0.195637
3.935266,1.781876
3.214902,1.891812
0.073065,1.082882
1.469738,3.722174
1.312182,0.987350
3.019078,5.310020
4.026104,2.380706
-0.105448,2.334304
0.519230,1.083139
1.058220,1.911635
1.202153,1.483344
1.941056,1.878463
2.793290,2.512615
3.515313,3.416974
3.407940,2.304350
1.148206,2.540208
1.989965,0.419464
2.386658,3.327429
2.963176,2.738542
2.007813,1.039469
2.575755,1.241729
2.360909,2.680691
3.159336,3.599810
1.740762,2.293252
1.124014,2.488155
2.106255,1.676850
1.622438,2.165736
1.937390,1.977982
2.939393,2.276492
2.339903,4.089480
3.423670,2.730765
2.174697,3.069621
1.631563,2.879305
2.443763,2.722757
1.650857,3.796006
2.873580,3.183401
1.244234,1.658033
2.225374,2.095553
2.035559,1.888557
0.059995,2.270518
3.167704,1.797901
0.786600,3.366309
1.876444,3.515561
0.823863,0.270274
0.693048,2.321445
2.430124,2.226544
3.011129,1.996372
3.174261,1.950321
2.355469,1.585496
2.575483,1.019588
1.296685,2.130214
3.539597,3.913654
1.541628,0.331987
0.342000,0.761019
2.638443,2.582674
1.478472,1.554477
1.993760,1.073087
2.560186,1.146472
2.548278,1.644371
2.018941,3.255034
0.750329,1.359467
3.104175,2.787766
0.878568,1.020285
-0.205257,0.188061
1.988239,1.679122
1.960585,1.808115
0.908409,1.865111
3.346303,2.015070
3.336205,3.844196
4.031989,1.879098
0.416981,2.909981
1.586012,2.424503
1.978579,1.879689
1.349194,1.058919
1.607583,1.929280
2.082562,3.074604
2.529392,1.773647
1.984603,1.086135
1.980154,1.971035
0.822238,1.296936
1.612791,2.430557
0.517140,1.074950
2.646952,1.335116
3.075028,2.769803
2.621339,2.434367
1.686093,2.215786
1.817803,2.304305
2.931897,0.956430
2.885532,2.741445
2.747662,3.347591
0.064950,1.283712
1.439484,2.930210
2.039793,1.702707
2.682457,2.379987
2.250963,2.421379
1.859416,1.862462
1.026277,2.216924
1.920111,0.435213
3.744601,4.678921
3.296134,3.071369
3.914338,2.112357
1.151502,1.910657
3.794794,1.203752
2.277160,2.668964
3.189095,3.372455
1.723613,2.302904
2.382975,1.409906
1.043003,0.884474
2.490280,1.557012
2.826295,1.941492
1.293921,3.005630
3.994882,2.381321
0.830591,0.621267
2.059482,3.099386
1.611474,3.437483
1.656855,1.168943
0.434574,-0.171141
1.207680,1.506973
0.091903,1.653415
2.348993,1.595575
1.940510,1.262795
0.188088,0.324623
2.224038,2.408718
3.652453,2.680839
1.288858,0.631964
2.638325,3.174978
0.613673,1.332627
1.515795,0.759000
2.480657,3.981991
2.404865,2.154032
0.571635,1.127865
0.522688,2.687691
2.093383,3.021223
1.816329,2.084921
0.422390,0.930225
0.997568,2.070076
2.735663,1.896454
3.888010,1.921653
0.770877,-0.332332
2.330018,2.053205
1.325909,2.141647
1.546347,0.963269
2.003442,2.286022
1.411700,3.019046
1.207364,1.942242
0.839191,2.012665
2.491647,1.194815
1.979539,1.328182
2.164613,2.750977
0.916980,0.938251
0.881435,2.583650
0.490660,3.092343
2.390636,0.629873
1.157008,1.538166
0.546451,1.219632
2.732056,1.507757
2.606280,1.755759
2.208459,2.797037
0.356485,0.751156
2.813364,3.257966
1.268578,0.658795
2.108718,2.123406
2.355602,3.003882
1.894978,2.314510
2.987320,2.549862
1.560816,1.187983
0.704224,0.304587
1.339122,2.271713
4.108745,2.347936
2.689965,3.952549
1.198824,3.757023
2.396377,2.580928
-0.338553,1.667540
-0.389498,0.818869
0.816872,1.409399
1.601512,1.050327
2.710268,2.706894
2.373998,1.920770
0.919258,1.874563
1.184672,2.662202
3.085562,2.891902
3.554055,1.687518
2.132477,2.010730
0.373908,1.004720
1.959926,3.814018
0.651505,1.233603
2.675861,1.716421
1.777966,2.866715
-0.403721,1.139522
2.983165,1.863547
2.762209,0.993769
1.793930,1.646327
3.200951,1.606248
1.821560,1.288859
4.449309,1.577047
1.137703,2.909954
0.789855,0.332759
2.287144,2.755918
2.713731,3.015523
0.723088,1.950022
2.188573,1.984899
3.173795,2.346915
2.012454,2.379819
1.610402,0.807223
0.842856,0.571732
2.392110,1.644899
3.657431,4.541476
1.502538,1.221211
1.684015,2.199954
3.617731,3.088678
1.939291,0.685002
2.424062,1.067480
1.613881,1.578239
2.816376,3.981115
3.041301,2.231049
1.251983,2.400621
2.848888,2.910567
1.282081,1.975187
2.030711,1.663683
2.673642,2.759786
4.389175,1.467824
1.169961,2.073896
4.551225,3.541494
0.435049,2.492544
2.345994,1.617991
1.470955,2.845831
2.959017,2.159825
2.894732,1.941404
1.081425,2.706104
1.846382,1.594028
3.034311,1.471121
1.274123,1.196286
0.559746,3.752854
2.117168,1.365377
1.795014,2.943459
2.621044,1.182766
1.537996,0.869852
-0.162347,0.917701
1.746884,3.027900
1.514849,2.367622
2.003387,1.157031
2.042350,3.072311
2.491748,2.088100
2.615361,3.038960
0.747567,-0.319965
1.272915,2.685136
1.842786,2.295157
2.705906,3.134213
1.669207,2.654937
-0.323088,2.266475
1.335125,1.660921
2.008241,1.655075
1.854565,1.559164
1.195310,2.512907
2.301752,3.441631
0.918379,0.800311
4.141491,3.533669
0.888204,0.865336
3.117809,2.613034
0.998635,1.545368
2.390333,2.023509
2.800478,1.878067
0.762204,0.439883
0.185252,1.706568
1.351248,0.919627
1.662457,1.638262
2.620449,2.944808
2.427239,3.614918
2.301791,2.502950
1.884118,1.625213
1.729360,1.254456
1.918424,0.572445
0.921088,2.860017
3.205185,2.527440
1.465152,1.644734
1.451752,1.940939
0.895465,2.005165
1.765715,1.524458
0.467593,2.367475
2.602129,1.627600
1.101431,0.981049
3.457876,4.305298
2.508874,2.418341
1.617247,1.807746
1.603340,1.167854
1.685411,1.425864
1.052488,1.667855
2.267123,3.353105
2.060129,2.868187
0.762828,2.601012
2.368186,2.018869
2.168408,1.865228
2.115385,0.499075
3.446417,2.378614
0.321703,2.032316
2.174867,2.006045
1.358394,2.520272
2.683927,2.922296
0.904907,1.406001
1.335294,2.336341
4.002130,4.680005
3.481763,1.651130
0.870456,2.244115
1.642597,2.595471
-0.053731,1.261183
0.208685,0.950813
2.735655,1.133690
2.634720,1.791473
0.207851,0.031966
1.617559,2.169044
1.114714,2.809765
2.441926,2.636534
3.303010,1.982987
2.548326,2.511289
2.717997,2.025576
3.259459,3.176354
2.923098,3.683154
2.657381,1.199829
2.643861,1.891705
1.053362,2.393812
3.566434,3.681460
1.803009,2.474349
2.191351,1.439382
2.674322,1.878296
1.057495,1.078806
0.383851,0.323190
3.370355,1.856641
4.353633,2.769497
1.514299,2.023024
2.921832,3.816870
2.344947,2.491740
0.155356,1.052196
2.678150,1.786958
4.223103,3.503950
2.676434,1.689254
2.075246,2.152098
2.519732,1.869730
1.632970,2.074911
2.238847,3.649779
2.075955,2.094805
1.270060,1.503276
1.030997,1.318122
2.349635,2.711138
2.936216,3.044776
2.132836,1.924720
3.052241,1.170392
2.428787,2.521632
2.375398,1.347723
1.336952,0.470777
0.946828,1.374023
1.671994,3.447305
2.574143,3.493297
1.468780,0.798160
0.919113,0.669066
1.619823,1.880145
1.710911,2.521719
2.187085,0.438553
1.701654,0.039162
0.542436,1.669141
3.150212,2.739397
3.065029,2.850108
1.876935,2.656596
0.167397,1.563081
2.591463,2.382241
3.860835,3.054965
0.356623,1.972205
3.365210,2.772745
1.882787,2.162949
2.489107,2.913168
2.417583,2.403131
1.523693,1.530115
2.432726,2.323116
2.261530,1.891519
1.424800,3.023448
1.661970,1.366489
1.563330,1.229510
0.799223,1.168865
1.869068,2.316785
3.923802,2.797035
2.962498,3.105441
-0.616052,1.615248
1.197009,1.697854
3.831099,3.288425
2.992665,2.371817
2.381662,1.909572
3.340169,4.088079
2.809399,3.048646
0.663484,-0.255901
4.334295,4.048291
0.067367,2.025715
2.816472,3.313171
2.455945,2.349996
0.461417,-1.041554
1.546408,2.014102
1.010690,1.108673
1.929045,1.537396
1.938525,1.595333
1.646508,1.276898
1.688053,1.658790
1.050509,0.999115
2.904530,4.166452
3.111270,2.457504
1.828639,3.203077
2.280674,5.418422
0.973809,1.197047
1.904763,2.190317
1.226087,1.871303
1.474042,1.563623
2.246537,2.095263
1.601910,2.735681
2.956159,0.015770
1.334605,1.529341
2.210461,1.821943
0.552727,1.500253
2.465806,2.872858
3.531288,2.151670
2.111556,2.973950
0.918027,1.431112
1.113959,1.630138
2.339578,2.771501
0.929679,1.683971
0.616219,1.324523
1.160562,2.230712
2.463905,1.582031
2.513671,1.768769
2.656981,2.512462
2.840237,2.532275
3.533272,3.746565
2.407500,1.590412
0.960291,1.897862
3.773550,3.010825
3.136048,2.196145
1.378567,1.184741
3.231008,1.227145
2.069341,0.830083
1.809408,2.086785
1.476045,0.167225
4.523049,4.706899
-0.178762,1.060185
2.064248,1.572612
1.787784,0.814238
1.334727,1.840197
-0.297999,2.461661
1.914640,1.405676
2.906686,1.137610
2.806280,2.396998
2.377696,2.530051
2.151721,3.272752
2.004471,1.995171
2.206370,2.361560
1.719009,0.851879
2.721809,2.418083
3.575187,2.755929
1.975225,2.849614
1.675820,1.869410
1.331787,1.194415
1.713458,1.610237
2.061569,1.478810
4.179217,4.044938
0.304756,1.230972
0.545876,1.782007
1.824562,2.021878
2.692939,2.376866
0.864784,2.068669
2.345859,1.895669
1.698939,2.300146
4.398505,2.102324
3.087135,1.866423
2.513952,2.366172
1.666291,3.118758
1.566794,1.867268
2.030569,0.891736
1.137985,1.062221
1.955275,0.883418
2.936650,3.754539
2.125046,1.222994
2.190433,3.315868
2.208724,3.851397
2.460764,3.099156
1.982998,2.586186
2.552613,2.389820
2.465657,1.463469
1.615034,1.101821
2.695148,1.700799
4.314560,4.123532
-0.481688,0.302916
2.148125,1.885235
1.706984,2.254104
2.465453,3.579775
1.021369,1.739554
1.610461,1.630077
1.121378,1.713192
2.593409,2.019807
1.137280,2.686300
3.806861,2.339336
1.831869,1.882757
1.727905,1.971858
1.448367,2.938231
3.800672,2.972175
2.911016,1.267827
1.321559,2.983029
1.866561,2.097262
3.399515,2.783154
2.483787,2.166072
0.611218,1.168909
2.839298,3.085803
0.998453,2.138602
1.138759,0.123665
3.331012,2.073434
1.969488,2.435846
1.182919,1.106968
2.201117,2.352875
1.678486,3.768024
3.299905,3.484646
0.244106,0.250906
2.343301,1.985856
1.469800,2.842648
3.148812,4.682245
3.366509,3.099857
2.077460,2.666013
3.152930,3.615103
0.928483,-0.434691
2.166701,1.504719
1.621597,1.640745
2.311608,2.799480
0.532841,0.341937
2.023308,0.730035
2.592095,3.064501
0.536911,0.892524
2.271471,2.270762
2.780627,3.385143
1.461922,1.009832
2.274129,2.540008
2.411277,2.345144
0.305100,0.058075
2.634103,1.986561
1.446123,1.264899
1.901722,3.223026
1.070800,0.470376
3.112714,4.120228
2.197594,2.988220
3.259861,4.152459
2.683524,3.414288
2.464609,1.510669
2.009345,2.695663
1.616086,2.200499
1.070473,-0.493769
0.547275,0.651631
3.443527,2.113213
1.702958,2.624608
1.354883,2.866038
3.262799,3.250711
2.902789,3.266420
1.442314,1.021552
4.155841,4.354789
1.419626,1.823921
1.465308,0.394254
0.814662,2.007169
3.380476,3.700128
2.477394,2.395871
1.942518,1.455289
2.568104,2.602257
3.484495,2.398670
1.986042,0.837248
1.191661,1.654252
3.833375,3.155810
1.456454,0.475288
2.171155,2.633216
1.447333,1.195794
1.806274,3.228644
0.004640,0.983498
2.330245,1.521979
2.457929,2.980443
0.936857,2.338456
2.188234,0.685154
1.588017,0.589956
2.207429,2.457629
-1.283258,1.826661
1.566161,1.382964
1.093277,1.980932
1.380101,3.175312
1.551881,2.049624
1.212499,1.634086
1.582083,0.964830
3.033581,1.933426
1.229913,2.008849
0.766311,2.440803
1.670475,2.339217
3.138991,2.751891
0.973096,1.822198
2.290382,2.218783
3.493032,3.136003
0.941303,1.516508
1.541524,1.591298
2.324044,1.663723
1.184310,1.605283
1.836917,1.310882
3.316273,4.413426
2.846073,1.983298
1.595436,1.203423
0.773565,1.390571
2.090989,0.725034
0.819800,1.081051
2.248109,2.391498
3.333938,3.742591
3.567797,2.215127
2.762058,3.874746
1.778094,3.311822
3.317697,1.610339
2.349033,3.584844
2.409155,1.860868
1.610529,2.112312
0.308055,1.756554
2.974593,1.648545
2.227931,2.488212
3.313215,2.356064
1.726597,1.677945
2.350845,1.592349
2.661649,1.737416
0.711441,1.746690
4.063601,3.134090
3.621044,2.971020
2.797082,1.347437
3.300333,2.296375
1.785829,1.855173
2.536633,2.713453
2.609266,2.337611
-0.119483,1.220979
2.710604,3.540337
1.871442,0.723178
0.521952,2.059884
3.430904,2.513401
0.982932,1.254427
1.352113,1.692702
2.324883,0.998411
0.508201,1.677791
2.220397,2.176920
3.068851,3.583105
1.535679,1.473488
1.193320,0.859243
2.020869,1.001205
2.107574,1.933220
1.989641,1.620114
1.700835,2.526882
3.181537,1.574960
-0.205911,1.175543
2.774278,3.463986
2.303845,2.567333
1.862398,1.627991
3.024032,2.333490
3.209357,2.377534
2.416058,1.700298
0.665703,2.152949
2.382639,2.622043
1.331259,1.803261
1.562880,2.305562
2.201191,0.963529
0.803643,1.690934
2.642056,2.679994
1.512877,1.303563
-0.111162,2.252710
3.371206,1.990162
1.376104,2.097667
1.473306,2.926566
2.812807,3.505726
1.665002,3.384380
0.657759,-0.108897
2.046136,2.905724
2.357971,2.312559
2.937850,1.018176
2.356848,1.667120
1.705241,3.148873
2.681564,3.494769
2.381469,2.101709
1.145492,1.485544
1.021742,1.989927
2.593040,1.980803
3.352473,2.527063
-1.176330,0.068349
3.831294,2.508836
1.309059,1.856324
1.652131,1.397175
1.944707,2.272586
3.035265,0.815964
2.624716,1.773309
0.355633,3.340892
1.838516,1.524987
0.960353,1.443040
1.332762,1.939613
0.784425,-0.346463
2.053013,1.126632
1.978255,1.059569
2.508995,2.213905
0.695691,1.614145
3.051356,3.106290
3.243767,1.985262
2.342184,2.033701
-0.318078,0.114882
3.475439,2.910665
0.071235,2.159678
4.313464,2.433540
0.184890,0.574504
2.484649,3.019278
4.280937,4.284312
1.253963,2.178234
2.835216,2.920903
2.673749,2.929133
2.979443,2.571342
2.536833,3.187970
1.373870,1.139249
2.691181,1.242589
2.284630,2.234425
0.286310,-0.825657
0.233556,1.230415
0.877652,2.636272
1.483168,1.872327
1.434219,2.657788
1.363268,0.737591
3.243992,3.041011
2.724616,2.661091
1.156998,0.699696
2.008075,2.066098
2.388682,0.141793
2.419776,2.631060
1.206652,0.714750
3.315287,3.934998
3.145073,1.955407
2.632962,2.448436
3.626507,1.420941
0.585680,1.860555
2.004608,0.866923
2.177757,2.171236
1.147259,1.815599
2.594815,2.676811
0.876072,2.331895
0.995351,1.784408
1.222174,2.632634
2.075679,1.214591
0.435694,1.133598
2.623434,2.143941
1.511566,1.974750
1.673486,1.984794
-0.007978,1.063565
1.364249,2.305560
2.695228,3.093155
0.542118,0.324072
3.060117,2.408028
3.336031,2.551269
3.023653,1.618086
1.535336,2.437613
2.026498,3.545782
1.042351,2.072931
2.142439,2.996964
2.500519,3.390766
1.574557,2.127808
3.465630,2.570560
1.956959,1.008611
2.282420,0.915283
1.881721,0.649198
1.208879,1.834510
2.312409,2.894435
2.043871,1.505029
3.854747,1.892121
2.479596,0.914793
2.049154,1.785705
1.562868,1.260822
1.919375,2.651246
1.551753,1.867909
2.361388,0.825816
1.038367,1.650836
3.002514,2.758433
2.101290,1.966793
0.995185,2.426552
1.719272,0.407053
0.796805,2.125738
1.119524,2.210504
-0.254532,0.769177
1.261548,2.306637
1.862572,1.886475
1.522627,3.086040
1.942596,3.474964
2.266758,0.867452
2.731620,0.631593
1.015678,1.900910
2.451221,2.574769
0.560523,0.054777
2.176209,3.657873
0.298502,0.302197
0.453309,1.794785
2.885663,2.400357
0.091524,1.776539
1.952438,1.072624
0.544640,0.013669
2.119069,2.461407
0.227070,1.081046
1.409072,1.872360
1.683245,2.241385
4.338967,4.042360
2.366516,1.215502
1.767670,1.563199
-0.306796,1.266223
2.478818,2.327981
2.289870,1.838211
2.210244,1.451962
2.667786,3.290497
1.856969,1.052654
1.540388,0.908811
1.370580,2.190924
1.801739,2.256480
2.545474,2.349008
2.551569,1.804990
2.927400,1.378782
2.567789,2.282914
2.342607,2.101109
1.813769,2.293210
1.567529,0.917763
3.563025,2.520980
2.597891,2.245969
3.314894,2.018778
2.304299,2.485726
1.763401,1.205978
2.821016,1.894317
2.451441,1.603013
2.396590,0.610724
2.160895,2.462002
0.494278,3.187311
2.199092,1.195037
2.970798,1.194551
2.486329,1.653273
1.482019,0.932479
2.418901,1.783343
0.654732,0.333489
0.005883,0.820035
1.398151,1.766885
2.622798,0.695125
1.818941,2.664099
2.744941,1.339751
1.193331,2.897436
0.951162,0.889158
1.359274,0.992767
3.937829,3.013363
0.783495,0.509502
2.360696,2.060858
-0.462010,1.163949
0.158003,-0.001043
2.502303,0.985660
1.304827,0.137047
2.360918,1.263616
2.928605,2.091342
2.795997,2.256874
2.058148,2.891482
2.846569,3.067110
1.201815,0.688618
2.736998,2.506474
0.881274,1.075382
2.218107,2.701983
2.613933,3.295293
1.800040,1.492231
3.169577,2.282896
0.922344,2.151325
2.322731,2.781118
4.099727,3.515110
2.481740,1.572056
3.144928,2.477149
1.840618,1.653289
4.998715,2.878015
2.296717,2.754404
4.629274,4.129544
1.761575,3.149913
2.141944,2.524933
2.942951,0.812384
1.227015,1.442411
-0.403292,3.522945
2.942546,4.667243
2.105272,2.392601
2.251533,1.827297
2.328735,2.658244
2.938621,3.689201
2.925470,1.795400
1.761148,3.018297
2.284387,2.642841
2.254066,3.011988
0.482028,2.330637
1.817715,2.486370
1.267135,2.563007
2.250024,2.995030
2.200707,2.136519
1.794420,2.046660
1.993301,2.208014
0.140585,1.126035
1.475060,1.019520
2.292455,3.247755
0.504986,1.977657
2.637837,2.408288
3.616070,3.223599
1.370192,0.903697
1.540580,1.350077
2.293204,1.145513
3.421774,0.430638
2.977093,1.346620
0.566874,1.344282
0.835348,2.356354
1.948104,3.695467
1.310976,1.074421
1.569671,0.463377
3.018345,2.409755
2.986387,1.929829
1.070206,0.811352
1.979897,1.409546
3.441660,3.711717
3.690378,3.621744
2.191358,4.178634
1.157860,1.263614
1.328756,0.482440
1.429428,1.629238
1.135175,2.407529
1.221281,1.510005
3.913198,2.953151
2.059583,2.152955
1.772947,4.184623
0.385705,0.987823
2.043719,1.831510
2.785645,2.863126
2.397660,1.155899
1.788224,1.632965
4.082402,3.222017
1.414349,3.302037
2.185752,0.850270
2.352732,0.805428
1.297924,0.826800
1.418193,2.743990
3.813275,2.416157
1.986222,3.024601
4.731870,1.899714
2.114845,2.666585
1.192124,0.728962
1.779356,2.933256
3.813504,3.424983
1.610479,2.059697
2.424285,2.458726
4.484079,3.825830
2.098397,1.116103
1.725482,2.172354
2.211424,2.381888
2.937056,2.730445
1.393051,1.550024
2.395843,2.620059
2.406100,0.356159
1.164340,0.828085
1.032891,2.230138
3.542625,2.833184
2.641767,1.858014
0.925887,0.069115
2.378923,2.583312
3.238932,2.843252
1.891508,1.558647
2.345541,1.816209
3.150773,3.472366
0.470983,0.489384
1.458554,2.151277
2.248015,3.950530
1.008850,2.640707
1.725794,3.543856
1.052176,1.605216
1.921593,1.673065
0.890129,1.030489
4.262126,3.144939
2.005948,2.315947
1.439522,2.658492
3.617910,3.761498
3.194560,3.954272
1.871999,2.291609
2.108412,3.387877
0.806068,1.389612
1.822237,2.402094
2.184409,3.039965
0.036202,1.106813
2.451146,2.812563
2.833698,3.406089
2.544674,0.674858
3.147704,2.864565
2.865291,1.655814
1.537398,1.788871
2.546138,1.790346
0.264089,1.919497
2.724860,2.112693
1.753616,1.395587
1.750895,2.490548
2.994400,4.312702
2.142803,1.731310
2.096064,2.058494
2.751795,4.246733
1.742710,2.185712
1.686515,0.665352
1.723782,1.456141
2.330289,0.203061
2.387229,1.784408
1.390627,1.860671
2.968909,2.256735
2.544160,1.647518
1.455424,1.086217
4.704937,4.330115
3.715043,2.083767
3.016939,3.126347
0.692771,1.005956
2.297295,2.753199
2.744884,2.050284
3.875622,2.123793
2.258657,2.416711
2.291662,1.875695
2.514917,3.123163
2.752656,3.528684
3.244163,2.491728
3.520974,3.019572
0.897541,1.413169
0.891590,1.413733
3.121201,2.790411
2.010385,3.340960
2.589601,3.483298
0.311869,2.141489
1.998638,2.710960
0.332852,-0.284789
4.269389,2.389379
2.324348,0.441198
2.103781,2.541094
1.626911,2.052356
1.168058,2.446924
3.163228,2.486233
2.254047,3.084239
0.994619,1.445845
1.564085,0.386044
-0.205478,1.317761
0.472033,2.253832
3.696902,3.172454
2.276052,2.997531
2.530701,3.288196
0.465479,1.160682
2.248201,1.260328
2.108585,3.358204
1.344574,1.305554
3.374824,1.349016
1.971676,3.883095
3.014167,3.203647
1.754989,0.500067
1.371078,2.308994
0.554974,3.423377
2.915685,3.974414
1.763691,2.535611
1.984395,1.251239
2.730634,0.872733
1.328493,1.626652
0.917845,1.975963
1.607587,1.755677
3.119138,2.406917
0.254090,1.690425
2.183208,2.229211
2.197041,3.369797
0.453123,2.394341
2.949654,2.571646
1.476317,2.122807
2.623254,1.750293
0.876111,1.597246
2.115795,3.471238
0.919430,1.053726
1.654037,2.208095
2.731241,2.761272
3.425791,4.302247
2.600583,4.104003
2.391726,2.180059
2.687653,2.399614
2.015420,-0.472389
0.725104,1.063127
3.582968,2.507655
1.020954,0.075448
2.430174,3.567488
2.175767,1.237842
2.325274,1.299521
0.515975,1.577346
1.358439,1.720100
0.474923,0.474610
2.798796,3.248270
0.700810,-0.313949
2.104813,2.521259
2.537835,1.555531
-0.131578,2.188463
2.282179,1.378111
3.212451,3.470427
0.806430,1.281598
2.296718,1.707446
2.528466,3.363217
1.981515,0.435786
0.336123,0.910195
1.458979,0.116852
3.257323,3.108354
0.666396,2.462756
1.509858,1.267177
2.273862,3.503862
2.021225,3.649694
1.450993,3.041575
1.480526,1.343531
2.620264,2.279357
1.590489,1.667645
2.597071,2.431440
2.996317,0.867583
2.093075,1.113354
3.842487,2.155143
4.231280,2.875833
1.637401,3.590660
2.366550,2.544300
1.587640,1.718706
2.664715,1.469421
-0.160138,1.647058
3.969239,2.945211
2.724592,1.760054
1.925957,1.197685
-0.470268,0.720281
1.302412,2.329399
1.324236,0.760288
2.667793,2.745936
1.184271,1.323331
3.767131,2.964307
2.101895,2.026230
0.984722,-0.401266
0.817590,2.306703
0.235066,-0.169332
1.289529,1.859290
1.880130,1.781285
2.888557,0.356311
1.346222,1.472399
1.169238,3.216100
2.786048,2.382972
0.691295,-0.140766
2.549927,2.402901
1.168001,1.375804
3.385531,2.853362
2.564595,2.487374
1.422106,1.840311
3.006101,4.070042
1.089003,2.473535
1.064651,2.165974
0.922847,2.269073
1.596675,1.498760
-0.412505,0.476532
2.141275,0.864971
2.969349,3.262065
2.181036,1.566914
1.083592,2.672219
1.968268,0.827260
2.499053,1.694086
2.542566,2.128950
3.041221,1.786086
2.390856,1.830248
3.510491,5.563463
1.245248,0.868947
2.569529,1.397875
-0.417183,1.480105
1.352534,2.376065
2.516560,1.179834
2.290686,2.422613
2.502977,2.284323
2.119594,2.038715
2.485045,1.424440
3.263246,1.978662
2.206010,0.100363
0.307787,1.694136
3.563265,0.960128
2.344996,2.280812
3.132813,2.617595
0.342349,1.007276
3.599496,2.001896
2.389934,2.176477
1.837937,1.302621
0.589451,2.524605
1.317800,1.269711
2.336950,1.980276
1.291192,0.663878
1.935237,1.986435
3.120791,1.748325
1.750798,1.689794
1.833579,1.299979
1.381125,0.504351
1.391148,-0.356489
1.385763,1.861193
2.476776,2.901170
2.000314,-0.216505
2.811246,0.317975
2.021707,3.650873
3.090778,1.916898
1.137466,3.205372
4.111938,3.060628
-0.225665,1.632037
2.709100,1.470048
-0.612275,0.982167
1.818216,1.005813
2.122641,1.962281
0.987974,2.438975
1.777091,0.699714
0.651353,0.964485
0.671713,2.138254
2.980570,2.944744
3.244183,1.676323
0.443962,2.955519
3.609694,3.577414
1.383734,1.506813
2.747580,1.448364
2.176783,1.420019
3.299232,4.493824
1.144183,1.195844
1.264456,2.338775
1.353707,2.257725
1.601635,2.913619
1.625165,1.819217
2.956427,3.243383
3.039635,2.401353
3.239253,2.173019
-0.505776,0.825564
0.948360,-0.274535
2.585046,1.291539
3.061553,2.143426
1.124604,0.728374
0.772696,1.376817
0.744712,-0.734732
0.336252,1.482692
2.339404,3.346537
1.822628,1.595152
3.073104,2.353994
0.224469,0.225152
1.718105,0.927206
2.134380,3.216365
3.376374,2.961160
1.914845,2.026218
1.957189,2.353009
1.032651,1.767288
2.995809,2.711654
0.517981,1.412629
3.013191,3.364671
3.689726,3.736661
0.830432,-0.117461
2.340530,3.104560
3.652483,3.019728
1.800610,1.166324
1.832263,2.576449
1.501521,1.768340
2.108658,2.478719
1.878253,2.336058
2.521640,2.339071
2.874832,2.839825
3.259371,2.145324
1.669623,1.882363
1.537574,1.106449
1.371217,1.922015
2.027641,1.201988
1.688577,2.052718
3.037022,0.950544
0.754746,2.967277
2.675842,1.947765
1.520482,1.832860
1.595995,0.338127
1.071395,1.661817
1.953759,2.292446
0.672306,1.544621
2.579805,3.399963
2.019585,2.092459
2.011731,1.861488
1.009810,0.926092
3.166320,2.772790
1.230638,2.459853
1.902972,1.052437
-0.284625,-0.019850
0.971336,0.819622
1.118363,1.957832
0.416328,1.473697
1.402199,1.087112
2.328843,2.661450
1.303248,1.080527
0.351226,1.803842
3.212018,2.375097
1.967762,2.275375
1.778187,3.130390
1.613024,1.652471
3.901442,2.585626
2.822937,0.690341
1.202107,1.043953
-1.962559,0.345357
2.210308,2.103971
0.286215,1.989387
4.311763,2.525387
2.247329,2.830067
1.034809,2.104581
4.197040,1.880897
1.671036,0.842840
3.675530,3.820594
1.374118,1.252061
2.476189,2.316827
2.994958,1.646911
2.358292,2.879572
1.637388,1.805448
2.952575,2.771072
3.796155,3.974632
1.499639,0.025507
2.342875,2.671982
1.139119,0.690894
3.583968,1.615045
0.889382,2.931458
1.770940,1.748661
1.726615,1.715523
2.292451,3.115731
1.795678,1.813291
2.192938,3.496446
1.700811,1.147890
1.381180,0.883609
3.057086,2.297383
3.298019,3.769562
4.200040,2.971596
3.840547,3.754477
2.293529,1.966833
3.489016,2.316782
1.873120,1.322568
2.168650,1.283401
1.191556,2.494834
1.698572,1.286159
1.897592,1.656927
2.155981,1.830370
2.036272,2.248365
3.368213,2.352334
4.002649,2.402378
2.974466,3.133929
2.516369,3.029984
2.954189,0.985685
1.027375,1.838174
2.650615,3.070806
2.692914,2.790584
3.991641,2.198535
2.393394,2.269665
2.936416,1.752385
2.211675,2.480970
1.947628,2.130129
1.994478,3.166196
2.774816,3.262376
0.735998,1.216906
2.439540,1.911243
1.814209,0.391234
3.038931,2.641373
0.738277,1.118044
2.993506,2.683198
2.886914,2.177125
1.838128,0.466385
0.192640,1.020870
1.286756,0.823816
2.846428,1.413277
2.207544,2.701198
1.431155,0.323998
2.392187,2.240888
2.913114,3.504464
2.724689,2.529299
2.786069,1.996730
2.113906,1.898296
2.686269,1.957808
0.896475,2.550092
1.380795,2.376913
3.125087,3.282848
3.688811,2.211886
2.044365,3.236264
1.055760,1.298765
3.425498,3.229217
1.650952,1.826488
4.041931,3.151613
1.787348,2.323638
3.982964,3.820840
1.451310,2.300922
1.108682,1.691253
3.646770,1.738768
1.839578,2.841210
0.437958,1.148508
1.438360,1.818000
2.546643,2.416583
1.025822,0.083264
0.762575,0.440546
1.555550,0.148735
1.860977,1.124207
3.116390,3.334924
1.548243,0.703301
3.344108,3.252264
1.801561,2.349881
1.207335,1.147919
0.280970,0.505204
3.105798,1.494230
2.395663,2.059276
0.937110,1.399593
2.935236,3.107491
0.654421,2.182453
0.850976,1.611822
1.753808,2.142120
1.584286,0.251508
2.688908,1.916339
1.056533,2.286755
3.712147,1.321843
1.900257,2.813731
1.320306,1.748492
2.881997,1.602966
1.970883,1.136601
-0.176737,0.393770
2.808549,2.197164
2.200243,1.960741
0.939585,1.126002
1.688391,3.578832
1.572878,2.341718
2.345182,2.708297
2.675395,0.785746
-0.390602,0.900043
2.895116,1.792846
1.655654,1.742352
1.596193,1.787770
0.837930,2.285235
2.032836,0.983180
-0.000321,1.640293
-0.168014,-1.291508
2.830707,0.748609
1.795059,1.246859
0.721555,-0.053060
3.698507,3.227244
3.335273,4.086372
3.774186,3.802643
3.959587,3.639289
0.396469,0.757117
2.763409,2.732206
1.748082,2.220712
2.887450,3.480018
4.657014,4.027130
2.106194,2.739521
2.683183,1.277620
2.753689,2.952369
2.358036,1.778912
2.068330,2.764498
2.492381,2.404289
0.832621,-0.591062
3.211948,3.995538
2.746841,2.428603
2.806401,2.546601
0.214561,1.016690
1.961406,0.545179
4.416468,1.577389
2.222593,3.179296
1.663068,1.441555
2.363755,1.674870
1.439734,2.205613
3.249575,3.549223
1.400038,0.984938
-0.014152,2.800503
1.893710,2.287017
2.548551,2.729802
1.503972,1.698814
2.779901,2.986263
0.509383,0.958019
1.285401,1.048389
1.210933,1.490201
2.664252,2.982773
3.175275,2.542394
1.687415,1.984659
2.502913,3.556898
1.856992,1.152264
3.404040,3.259135
2.329628,2.442769
3.318197,1.310740
2.489128,2.183509
1.800333,1.102134
1.502045,-0.409595
0.976655,0.752336
1.215677,1.295478
1.206797,0.819435
2.241181,3.661685
1.987498,2.209056
1.446651,0.414696
1.779237,1.189342
2.078323,2.150602
3.688649,2.909812
0.386841,1.273032
1.932686,2.175809
1.576530,2.933113
2.057589,2.289431
1.396195,0.618823
1.415280,-0.115182
0.775026,0.402351
3.155188,1.265178
2.913767,1.873961
2.594893,2.457582
1.066726,1.274330
2.281304,1.185785
1.863393,3.662118
1.808599,3.464807
2.209353,2.211641
0.437090,1.708983
2.290088,1.901845
1.879450,2.217407
1.225993,1.230223
0.644849,2.283209
1.513950,1.825603
4.630780,2.000050
1.711069,1.616245
2.324050,2.567580
1.488421,2.616201
2.298887,1.551964
1.251056,1.033925
1.782711,1.305301
2.520682,2.604851
1.748977,2.228804
3.150834,1.314474
1.977884,2.771702
2.380727,2.134344
1.501760,0.789786
3.416422,3.255791
2.902430,1.936184
1.906129,2.397635
1.854554,2.161535
0.600982,0.258103
2.013550,1.504336
3.025423,2.440515
2.234879,2.594355
0.323662,-0.392381
2.392370,2.329247
1.525453,1.789004
2.101136,-0.325256
4.315081,3.819203
1.832534,0.266886
4.319096,4.890276
2.334091,1.243882
3.338374,2.368630
2.217431,1.591116
2.999441,0.144815
3.305082,2.179029
2.491021,1.952974
2.238715,0.379379
1.681435,2.239771
0.632979,0.151213
2.620942,0.817079
3.649108,4.493882
1.415559,2.594072
2.929451,3.449353
0.171703,0.591409
1.756195,1.764751
2.682637,4.038210
2.276777,2.781260
3.943357,2.763898
0.930829,0.583527
0.780542,0.702311
3.149096,4.041164
2.161517,2.860206
2.749726,1.206608
0.759605,2.955828
1.601820,1.544302
0.963391,1.174060
2.364351,1.272725
1.279760,2.315203
2.011803,3.436299
2.523305,1.635535
1.279422,0.992628
1.488120,1.196361
1.805031,2.298591
2.745842,0.750310
2.506321,3.435731
2.376299,1.852568
3.716428,2.636691
3.801569,3.700289
3.001556,2.034968
1.877011,2.240982
0.943179,-0.568704
0.509396,1.482497
2.573096,2.776332
2.303478,2.489166
0.390251,0.995857
1.774687,1.344378
3.389465,3.180997
1.718631,0.191463
2.850600,2.976868
3.248998,2.456474
3.049656,1.684038
2.491900,3.195328
3.931152,2.333279
2.179640,2.911595
2.402830,1.938249
2.834438,1.088730
1.379855,1.763290
1.851509,2.857434
2.412486,3.540395
2.034481,1.697928
2.070843,1.963579
1.481544,0.404864
2.142210,3.178512
2.065482,2.966015
0.729143,0.327348
1.986769,0.833077
1.246670,1.446094
1.913123,1.267551
3.186914,3.690166
3.945635,3.628284
1.088964,1.280861
-0.199869,0.825240
2.552636,2.579949
2.832113,1.249936
3.094790,2.534029
3.739672,3.787165
3.052149,1.379256
1.292005,2.007878
1.965416,1.641348
1.147686,1.827906
2.146087,1.321475
1.162716,2.358197
1.467726,3.565666
2.439006,2.471413
2.470754,2.694025
3.781829,3.235787
2.878136,3.013474
0.815780,1.461786
3.032882,5.074952
2.132530,1.356030
1.775828,1.952018
2.478550,2.676466
2.728267,2.323905
3.310671,1.878000
1.581052,2.166352
1.144135,1.964060
1.985476,1.452750
1.951589,0.594071
3.262104,2.297904
0.593250,1.536038
1.042016,2.113946
2.587184,2.935779
1.684963,2.531845
2.292259,1.907316
1.093475,1.969644
2.609342,2.548266
4.165667,1.667606
1.521944,2.130850
2.747824,0.798263
3.413018,1.194671
1.356831,0.270777
0.439854,1.385723
3.346327,2.213542
2.118733,1.274408
2.152659,1.669832
4.657762,2.427294
2.084465,1.522907
2.131058,2.826922
1.120042,0.847497
2.044896,2.545039
3.063564,3.286717
1.181938,1.862168
4.057955,3.296599
2.710655,2.810542
0.835308,2.332018
2.677439,2.179866
0.856066,1.152643
0.757818,1.046546
3.668657,2.335528
3.012623,3.674675
0.045964,1.895326
0.688430,1.851269
3.080517,1.924101
1.054969,1.472650
1.713265,2.100636
1.078205,2.362022
0.606399,1.150620
1.010482,1.524545
2.021102,2.777667
2.680722,3.734614
2.891586,3.177389
2.455230,3.008619
2.826758,1.232002
1.924624,1.346703
1.236242,1.237567
2.136340,1.178771
2.739696,2.281057
0.419385,2.096762
2.158875,3.235723
4.476090,3.281901
3.506581,2.154072
3.164928,3.577927
1.995685,2.375091
1.269225,1.534842
1.465127,1.395594
2.499059,3.556874
2.977984,2.042388
2.610487,1.697676
2.189478,2.533532
2.147242,1.249412
1.885199,2.959532
0.532572,2.607637
0.405832,1.550126
2.819999,3.583860
2.321483,1.770501
1.381889,2.327100
2.005504,1.127030
1.675805,1.038218
1.964022,1.660672
1.806422,2.572665
1.928237,3.873432
3.875941,3.278273
1.387230,1.971544
2.115710,2.058319
1.759988,1.528918
0.373795,1.213144
1.727190,0.761034
2.218985,1.918519
2.690794,3.050958
2.137913,2.793317
2.067293,3.786333
2.666596,2.885898
1.599550,1.028910
1.876332,0.647149
0.735355,0.749504
2.666098,2.366917
1.591683,1.007228
2.759731,2.538194
2.109007,3.929551
2.074704,2.906320
2.310861,1.326327
1.613156,2.397158
1.566483,2.759596
0.655884,1.574799
2.937996,1.858153
2.433262,2.629503
2.613121,0.441549
1.927982,2.086071
1.594723,2.885997
0.979632,2.289824
1.718289,2.655766
-0.071856,1.239838
3.072660,2.818984
2.054294,2.543549
1.825047,0.986154
2.951214,0.931286
1.007426,0.495052
2.106445,1.796796
2.426264,-0.411242
2.067294,1.961476
1.529747,3.255974
2.382552,3.154348
1.060716,2.322236
2.944287,2.211318
0.838115,1.263436
3.607607,3.068302
1.246501,2.084265
4.045359,1.131103
2.157036,0.936715
5.163230,2.330904
1.230763,1.359381
1.500912,2.889936
0.639911,2.256211
3.223420,3.188869
3.514806,3.285424
1.902001,2.528614
1.648837,2.272244
0.313339,2.468267
2.743566,1.802544
2.188025,1.385745
0.858193,0.574975
2.725461,2.254146
1.456706,1.298959
1.723024,3.388376
2.723682,2.759248
2.250754,0.619419
2.111636,1.056528
1.768775,0.806124
0.847128,1.952961
1.128316,1.379632
2.488522,1.912103
1.075794,0.376299
2.565441,3.230810
3.164506,2.214443
3.491653,3.008743
1.950087,2.193179
0.912696,1.439594
2.264398,2.066202
0.921906,2.194476
2.125174,1.656043
3.582450,2.137245
1.134004,1.711983
1.564318,1.435659
1.023618,0.539500
1.192084,1.153341
2.230582,2.823112
1.466758,1.823731
1.948557,1.910664
-0.660519,0.523738
1.318114,1.429913
0.868779,1.386774
2.129088,1.825524
3.655289,0.484864
2.061852,1.573376
0.611035,0.630379
3.054613,3.004732
2.669264,3.142671
1.269112,2.226952
2.667920,2.701928
2.831396,3.532891
1.302742,1.798547
1.791211,2.205984
0.753149,0.468054
2.422993,1.336867
2.703029,2.800843
1.172106,0.915825
2.407752,2.000867
2.315627,2.610599
2.656193,3.937133
2.215321,2.937224
2.765431,3.434271
1.225978,1.610180
2.736426,2.985974
3.150938,2.898175
0.710151,1.506853
2.474254,1.499448
1.431214,1.450595
3.618137,4.400767
1.419761,2.622212
4.536884,1.360180
1.612524,1.904088
3.953414,2.974915
-0.233283,-0.538894
1.692301,1.041641
3.895385,3.725126
2.429959,2.030081
1.967148,2.231416
2.762008,1.498002
2.553637,0.604266
3.406071,4.145252
1.589605,1.532210
3.562449,2.854538
3.025492,1.429598
2.313852,2.966183
0.973635,0.554200
2.301892,0.387832
1.830873,1.026924
1.857707,1.609955
1.293706,0.419270
1.596231,1.316723
2.229024,2.045170
2.739424,2.725325
1.933635,2.174875
1.527819,2.325814
1.725530,0.674906
1.840789,0.654453
1.181032,1.800771
3.608759,3.701739
2.785112,2.026347
1.156967,0.503288
2.660495,2.736190
1.477086,1.335438
0.724406,1.255381
4.151120,3.621653
2.246889,2.726250
2.998653,5.547663
1.465680,1.614556
-0.195095,2.148559
0.771505,1.720318
1.957582,1.816056
2.825107,1.998995
3.270250,1.919694
2.908040,1.223373
1.852827,1.816496
2.133816,1.611685
-1.344697,0.015419
2.961371,3.194239
3.033789,2.019309
2.944428,3.376645
2.106180,3.074006
0.452402,1.826317
2.500506,2.975871
1.689368,1.215189
1.863614,3.473134
1.484999,2.120967
3.321581,2.102296
2.555169,2.431147
2.926564,2.916719
4.022312,2.902265
1.117079,1.720869
2.848257,1.830493
3.076392,2.703123
0.977708,1.905953
3.006755,1.853263
2.179808,1.356273
1.786182,3.111458
1.204710,1.362684
2.995816,3.207212
1.267529,0.891895
0.183528,1.476274
0.406544,0.711787
0.784210,2.198398
1.863163,1.361928
2.269172,2.507727
3.189288,3.046030
2.145989,-0.045265
0.109912,1.232287
2.126472,2.669863
1.382279,2.612269
1.849007,0.448936
1.594230,1.388602
2.292351,1.564179
-0.033962,1.006100
3.307966,1.973355
2.116751,2.551254
1.165409,2.418542
0.831125,1.800694
2.411584,1.022286
1.639435,2.699525
1.793075,2.296165
2.790950,1.761138
1.952295,2.261343
2.685698,2.449987
2.253977,3.373221
1.528628,2.981384
0.716589,0.635543
3.916291,1.830393
3.961739,2.587904
0.748298,0.864123
2.772803,0.552382
2.593929,3.481009
1.825249,1.678044
0.692933,2.328731
2.156743,2.226113
0.637151,3.029261
3.476484,4.159707
1.816036,2.382808
2.593784,2.544819
-0.172555,2.940355
1.724253,0.876187
2.593694,2.140280
3.720118,3.390028
2.002467,0.728235
0.848100,1.335875
2.706630,2.565100
0.249039,0.982587
2.111235,1.873551
2.189536,1.677773
2.801678,4.843855
1.666411,2.064558
2.417708,1.682591
2.960713,1.361318
0.645241,-0.589271
3.113839,2.673579
0.877239,0.891748
2.443356,3.697694
1.097717,1.636152
0.182975,2.577337
0.451010,-0.235705
0.402090,0.785258
2.413906,0.721635
2.553970,1.741147
0.747340,1.818420
3.807575,3.785540
1.121779,0.935100
1.193030,1.544195
1.839771,1.568456
3.614355,2.492825
1.375954,1.395412
2.331900,1.908010
1.740845,2.787757
2.960862,1.619798
1.458417,1.253540
1.169021,2.776600
1.873214,2.162398
3.130812,2.911143
2.249822,0.694448
1.775668,1.876459
1.445665,2.482823
0.971332,2.449404
2.792511,2.928436
2.461477,1.392222
0.009488,2.334161
1.762217,2.267238
2.283597,1.570013
3.929711,3.223938
2.353420,4.057522
2.272648,1.926728
1.790846,0.669095
2.630088,2.698160
0.858217,1.359902
1.745885,1.824003
1.552559,1.754212
2.868943,2.915022
2.889300,2.970383
1.146563,3.685944
2.736669,1.332430
1.856524,2.375883
0.845551,0.256098
2.962004,3.778841
3.413711,2.977556
2.257923,2.188289
1.744983,1.061349
2.244192,2.229921
1.821531,1.919358
1.200488,2.044328
1.433176,1.886762
3.345132,3.395359
1.220264,1.949205
2.929113,2.270074
2.228979,2.765393
1.308363,0.900903
1.151942,1.275421
2.213327,2.001943
1.190627,1.516204
0.455190,-0.397035
1.815911,1.286710
2.758258,2.747391
0.421962,3.340136
2.724564,1.594386
2.800886,0.726246
2.071624,2.087650
0.825045,1.798667
2.511411,2.360797
3.227511,2.099449
2.368416,1.094830
2.856664,1.861490
0.623245,2.424675
4.053717,2.200699
2.100306,2.116004
2.033796,1.587475
1.990004,2.357514
2.076485,0.121436
2.212607,2.426415
1.929406,3.660575
2.570927,2.529635
1.814113,1.222828
3.813506,3.384852
1.276926,0.940031
2.270198,3.195870
2.541540,2.031379
1.485192,2.255942
-0.476242,0.350994
1.248532,0.742566
2.857262,2.919594
2.446445,1.367932
1.952151,2.351468
1.435746,1.940034
2.001521,1.494513
3.044527,1.845575
0.447614,0.461065
2.659124,1.730332
-0.005690,-1.079018
2.163475,2.579312
1.001234,1.959166
0.181486,0.687644
3.043022,2.786077
0.699296,2.767522
2.609247,3.811823
1.425274,2.263105
2.509546,1.667114
1.022510,1.676941
1.164826,1.151522
3.298855,1.740068
1.078457,1.502347
3.105679,2.567105
3.145717,1.662733
3.275049,2.141219
2.726566,1.987869
2.397732,4.420323
1.304778,0.525758
1.555344,1.972809
1.377792,0.559187
1.328160,0.780255
2.794822,3.518959
-0.411784,2.176125
2.689533,3.388452
1.963219,2.746578
3.904866,2.642096
2.632445,2.711409
2.225665,2.884720
0.810894,1.410472
0.390175,0.806002
2.372175,3.735552
2.068871,2.979290
0.408762,0.865450
3.754818,2.836605
0.939031,0.769908
1.551675,2.310500
1.257567,1.536367
2.337046,2.024378
0.980253,1.533823
1.681772,2.763884
2.537578,1.685916
3.146658,2.167917
1.619052,2.852776
2.602995,2.791471
2.698864,2.438555
3.418003,3.197465
1.897610,2.437898
2.405829,1.207437
0.955905,1.166208
1.832777,1.823595
2.339490,2.557292
2.461576,0.714680
2.594054,2.339107
1.181494,2.374805
2.917328,2.419366
2.844631,2.043104
1.915271,2.686073
2.698741,3.126556
3.754560,3.193222
1.447916,3.122776
3.338608,1.137364
3.714074,3.748103
1.280731,1.656187
1.273750,2.436010
2.019844,2.914755
3.865840,2.960892
3.702366,3.427521
1.983013,2.097114
2.410184,1.482631
2.913477,1.416030
0.971222,0.667596
1.628918,3.217858
3.638611,2.513023
2.983290,2.915419
1.256358,1.996034
0.897303,-1.352130
1.751385,1.194254
2.817736,2.197964
1.944755,3.629280
1.258951,1.282147
1.586251,0.073722
4.241408,2.063441
2.524861,2.686560
1.836251,1.985593
2.820434,3.623588
1.425949,2.159004
3.483435,3.794926
3.227296,2.829973
1.491680,1.582773
2.734319,2.740592
2.751215,3.901482
1.618506,2.737056
2.717778,2.194202
2.223718,3.099892
2.292088,2.936683
3.319195,1.343232
3.083461,1.904352
2.565843,1.375436
1.243620,1.152544
1.825857,2.481749
1.175281,1.155183
3.554864,1.780894
2.902743,2.285530
2.079859,1.734712
1.710724,1.097741
1.457405,2.641393
1.733989,1.673952
2.837915,2.204683
3.007156,2.466149
1.456518,1.234630
2.284853,4.053022
2.426374,1.019430
2.327209,2.438096
1.077836,-0.030276
0.454981,1.854467
2.683187,2.405674
2.999201,2.795740
1.701863,2.361513
1.429921,0.681825
3.714376,3.693131
1.621080,1.870498
2.220531,2.345283
0.496719,0.878453
2.573445,2.073248
1.328726,2.965466
2.168640,2.148846
1.868204,2.967187
0.077425,0.528038
1.909925,1.946708
3.692295,4.437446
1.669637,2.097980
2.808373,2.423916
1.845147,2.866770
1.286685,3.369346
2.264704,0.989021
2.437162,1.785487
3.100655,4.700126
1.124457,1.657664
2.547765,1.165747
1.997934,2.839715
4.176268,1.644499
2.267558,2.125801
1.518339,2.246858
1.318432,1.577202
1.724124,0.205155
1.249750,1.876289
3.824928,2.322057
2.976776,2.315234
1.654789,1.040250
3.047436,2.435803
1.024714,1.037758
2.210239,2.100233
1.255629,0.506457
0.755488,0.965985
0.888477,3.389378
3.091053,2.737368
2.591086,3.543548
-0.297842,1.372081
1.038840,0.841219
3.151893,1.480723
0.002393,0.471371
1.762019,3.090076
2.639128,3.045750
1.830163,2.468840
2.780520,1.329592
1.410117,2.458981
1.637745,2.412860
2.918585,2.892325
2.167351,2.914332
1.627691,2.317764
0.712206,1.403824
2.262579,1.264366
2.268958,1.735868
2.485235,2.110701
3.827310,1.869971
2.481939,2.675319
3.159714,3.175397
-0.157209,0.865848
0.381087,0.772215
1.350889,0.626924
3.927585,1.188445
0.202606,1.742930
2.606041,2.352090
2.461537,2.844191
1.897166,0.154394
1.783752,1.507080
1.672301,2.131295
2.214782,2.111195
1.700063,2.670379
1.527051,1.747635
3.289966,2.911387
1.202881,1.240578
0.545573,2.312085
1.053962,1.147120
3.719304,1.165755
2.308832,1.982819
1.738886,1.584980
3.167161,1.387762
2.575710,3.052362
0.562743,0.465218
1.239868,2.192346
2.518848,2.885662
2.208871,3.073695
1.719655,2.018107
2.324234,3.031266
0.698541,-0.309370
2.178436,2.410044
1.598725,1.039179
3.773881,5.133071
2.212856,0.469909
1.742079,3.310261
0.276852,1.215492
2.111024,2.194012
1.549265,2.677505
3.161402,2.355602
1.147257,1.102896
1.141968,0.470456
2.508646,1.586233
2.732897,1.254350
3.140430,1.704176
1.040750,1.757340
2.831509,4.165394
-0.185828,-0.139822
1.143056,3.967387
3.132207,3.152313
1.171869,2.517016
1.937774,1.439140
2.994661,2.652839
2.848112,2.895937
3.235627,1.741589
1.161848,0.664176
3.182368,3.014109
2.814022,1.067555
2.236363,1.189206
0.256225,0.780186
2.718907,1.973740
1.784509,2.397300
2.130658,1.913499
2.251379,1.647520
3.340121,1.254329
1.007329,1.306127
1.720465,3.619200
2.442713,1.406570
1.059020,1.457068
1.871162,1.445406
1.740738,1.478980
2.471013,0.566068
1.514668,3.236823
2.966219,2.362381
2.995349,1.780543
4.027720,3.797134
1.908595,1.856090
2.103948,2.146989
1.209416,1.018970
2.637733,2.356607
0.792258,2.204284
2.494522,2.593455
2.203263,1.210685
2.715155,1.249481
3.348669,3.715416
2.231305,2.433585
2.503698,1.527297
2.655742,1.422641
1.473368,0.117397
2.690691,1.648419
1.671716,1.340285
2.022578,2.875779
1.716190,2.232835
3.552262,2.147445
2.066578,1.747732
1.497446,1.417537
2.634091,1.010708
0.446687,0.282445
1.813918,0.977826
2.384678,1.081833
1.786485,1.430511
1.625733,2.323707
3.409657,2.725165
0.554835,2.653056
1.824015,2.415151
1.121517,3.063763
3.465828,3.560449
4.661048,2.154477
1.672641,1.812139
2.299773,2.193579
-0.554118,-0.812294
1.882902,1.233537
1.863438,1.625204
1.446070,3.264969
0.912155,1.048901
4.176011,3.815001
-0.225560,-0.456221
0.323614,1.765557
2.231283,1.389461
3.766961,4.451124
2.617524,2.793675
3.214995,2.949757
1.836502,2.105095
2.367009,3.563920
3.354161,1.679691
2.077229,2.111605
1.179859,2.541992
2.264581,2.144961
2.545109,3.365662
2.050398,1.630370
2.927291,4.371703
3.358841,2.767563
2.287944,1.091386
4.355391,2.231444
1.648191,1.103005
-0.037913,-1.032268
3.080696,2.515304
2.024541,1.554338
1.958999,0.980411
4.095601,2.297386
4.184706,3.666637
2.576375,1.944938
0.309164,1.537194
3.186908,1.392987
2.790692,2.190870
2.917955,2.220236
2.759186,2.372645
2.446233,2.654556
2.143234,1.232589
1.389256,0.409194
3.210667,3.591445
2.547250,2.868542
3.385410,4.777866
2.168015,0.667539
2.444526,4.116792
3.055682,2.221497
4.137848,3.787070
1.839464,2.554958
3.971781,2.451494
1.106090,2.112820
2.819901,3.901415
1.421585,2.513390
3.321952,0.799674
1.601536,2.661680
2.967989,2.580024
3.602293,0.702779
1.003258,0.101883
1.605371,1.518670
0.707842,1.113898
2.650208,1.756693
2.245762,0.372320
1.990165,0.891120
0.834841,0.996140
1.401178,1.483167
3.947968,3.087238
1.334366,1.501022
0.775595,1.178870
3.235220,2.439156
3.067893,0.753849
0.329883,0.771630
1.727659,0.147055
-0.193575,2.037924
2.758213,3.529615
2.771256,1.226822
1.156348,1.989952
1.937633,3.103549
4.190838,2.696081
1.869011,1.894396
2.215774,3.025368
1.111163,1.969302
1.805349,2.407929
1.359035,3.412854
1.651037,3.756334
2.657542,1.282031
0.752258,0.878159
0.650977,1.874833
2.003442,1.411201
1.154630,1.155385
2.482895,0.329164
1.932195,1.293610
0.256648,0.879736
1.549122,2.035432
2.053047,3.676303
0.078966,0.471879
0.907244,0.338096
2.669858,2.710783
1.820323,1.426337
1.381084,1.687474
2.605163,3.123956
1.166428,1.337897
1.610479,0.393076
2.179883,1.009603
3.280288,2.649357
3.089846,2.541850
1.766882,2.604037
3.070945,1.485319
1.431217,0.594127
1.827585,2.274122
1.280043,2.374222
2.015826,1.154516
0.016143,0.210477
1.645638,2.609563
1.584355,1.983583
-0.020734,-0.295855
2.216900,2.333478
1.825307,0.318773
3.995779,3.408664
3.627434,3.202603
2.010197,1.119448
3.200999,3.270337
2.100502,0.405529
0.881005,1.698311
0.564498,1.782978
0.271046,-0.085046
2.113327,1.696889
1.231851,2.764725
3.595342,2.734292
0.297308,1.317345
1.887280,2.741682
0.954361,2.454636
1.422657,2.448289
-0.587099,0.011000
1.596057,2.318504
1.122359,3.510326
1.980521,1.707587
2.175118,3.272338
1.497671,1.000316
2.255056,0.746501
1.613433,2.066189
0.906818,0.136000
3.554800,2.659372
2.489174,3.825831
0.498731,0.818947
0.875348,1.009307
2.248888,1.915850
3.042707,1.494906
1.791316,1.750982
1.307737,1.401260
2.576502,1.705309
1.568395,2.306632
2.946424,3.033897
2.157211,1.439146
2.393793,2.624404
2.806610,3.156533
2.243973,3.306826
0.405760,-0.454997
1.900733,1.173991
1.731136,0.465878
2.020294,1.147305
2.694767,1.663741
1.706314,0.869333
1.694034,1.349936
2.025258,2.173014
2.554576,2.764943
1.063739,0.285644
0.236134,1.734231
3.434338,1.979284
2.012198,1.464790
0.364338,0.399146
3.268305,2.121145
1.341707,0.770523
1.484142,2.439945
2.442344,2.396416
1.672686,2.356011
1.598457,1.378344
2.130768,1.758989
3.150849,3.408450
0.803173,-0.080546
3.104827,2.234099
1.148242,1.596728
2.596307,1.678288
2.702310,1.137688
1.440027,2.311551
3.849829,2.317311
0.938046,0.326287
1.093239,0.939241
1.921051,2.359463
2.699317,2.831814
2.990626,1.670133
1.839386,1.576078
2.741068,1.530907
0.183450,1.060164
1.317739,1.012294
2.521058,4.473975
2.427312,1.678512
1.055479,2.222600
1.380675,2.659250
1.600285,0.523904
2.104751,3.062288
4.423919,4.274464
3.477413,3.000859
2.437908,2.079664
3.026844,1.929700
-0.918584,0.948878
2.215320,3.797437
2.281354,2.410541
2.384671,1.724923
1.085016,1.210902
3.065000,1.760411
3.594566,1.953186
2.587747,1.391081
1.544931,2.915033
0.977515,0.945238
1.135480,3.015355
1.712915,1.385109
3.038031,3.431905
1.597610,0.965959
1.929598,1.566024
3.403288,0.915466
1.707384,2.676753
2.520547,2.573074
2.474452,2.834893
2.657135,1.717894
0.381511,1.310443
2.274970,2.772759
1.213437,1.855738
2.963965,3.970572
2.672288,2.314460
-0.435409,-0.133536
3.437212,1.231918
1.469034,0.123824
3.034680,2.703327
0.386731,1.159971
1.982545,2.290837
2.450122,2.589776
1.452104,2.420873
0.915410,1.409388
1.942891,2.684713
2.620604,1.538690
2.306994,2.391521
1.303494,1.119966
3.018826,3.075568
1.808825,1.994663
0.693906,1.712830
2.822673,2.206530
2.551431,3.250246
0.902826,0.587744
1.475694,2.942476
1.344056,1.780292
2.692000,3.370728
3.371666,2.237646
2.593209,2.007417
2.912402,1.471420
0.605798,1.733484
3.197219,4.175677
2.273451,3.130426
2.044889,2.073664
1.554235,2.766364
2.769595,3.377435
0.688050,1.404390
0.251225,-0.277722
1.223995,1.117904
0.935684,0.927995
1.682874,2.988946
3.132068,1.719342
2.138086,2.757119
0.738894,0.850024
1.537495,0.179320
2.528165,2.239590
2.057164,2.141259
1.624057,1.179250
1.902159,1.857036
2.858678,2.745011
2.206953,2.041873
1.934659,2.010332
1.738021,3.010736
3.373285,2.652315
0.111477,-0.926515
2.805148,3.539624
3.916476,3.681202
0.914129,-0.630807
4.466022,2.966841
0.659609,1.784386
2.102309,2.785521
-0.097670,1.689677
3.364068,1.062597
2.924304,2.497500
2.318177,2.130318
0.393795,1.668223
1.599431,2.697916
1.658003,1.722509
1.178784,1.251036
0.937089,-0.501322
2.509411,2.382892
0.985443,2.253403
2.732245,1.310015
0.892882,1.647841
3.683601,3.679797
3.709429,3.044778
2.377223,3.186488
2.541618,1.256027
1.954743,0.520938
2.121118,1.307108
2.064550,2.568821
0.879927,2.216896
1.918008,2.224459
2.288097,2.470087
1.668549,1.570239
3.396358,3.727829
2.024367,1.344194
2.374372,3.850251
1.688936,1.459855
3.395607,2.573792
0.803093,0.940755
2.221978,2.731667
1.954868,3.455711
1.061727,0.595153
3.853511,1.235378
3.952821,2.613352
2.046039,1.719805
3.305677,3.024513
1.298446,1.826285
3.709294,3.581031
2.747144,3.648873
1.769923,0.871896
2.894048,2.432781
3.782992,4.118960
1.751203,2.721378
3.260812,2.641689
3.806834,2.802544
2.525640,3.521613
2.542625,2.666800
2.964483,1.695018
1.846201,2.445304
2.641394,3.450507
2.977372,2.494388
1.872133,1.208697
2.124805,1.810114
3.078334,0.697594
3.276567,3.892534
1.557018,0.646531
2.063975,2.358694
2.413495,0.385817
2.933623,2.601044
0.141847,2.640278
2.900947,1.493970
0.991128,2.312124
2.359781,1.453133
0.838580,1.502126
2.697899,3.079325
0.545398,1.727288
2.236586,1.878507
1.542230,0.332069
2.305193,0.935166
1.206380,0.948334
0.655668,1.147081
2.347026,3.771654
0.215439,1.097725
2.812561,2.506547
2.225912,1.522201
0.462222,0.606548
4.171490,4.510846
2.338976,2.264050
1.915711,2.722757
0.888795,1.171849
2.314521,2.273184
2.384241,1.581811
1.268612,1.728654
0.038264,1.293614
2.183663,3.003961
2.475584,3.171516
2.959028,1.935774
3.094757,0.420190
3.605135,3.427643
2.113263,1.743944
3.776778,2.958886
1.370312,1.952094
1.435633,2.592467
2.029572,1.282116
2.944355,1.541489
1.537601,2.649701
0.705517,2.107526
1.589256,2.935356
1.431614,2.903199
1.665313,2.372544
0.819229,0.625801
1.166438,2.455301
2.775630,1.454738
0.378984,-0.090781
1.284510,2.440517
3.030905,2.023037
2.676795,0.883719
2.126815,2.371853
3.005511,1.462060
0.567632,0.671170
0.890604,0.630568
2.627522,2.896703
2.775758,1.597996
1.038265,0.415994
2.929634,4.257800
2.740647,2.132823
2.658400,4.399341
3.087498,3.145948
0.998789,1.420506
2.902495,1.200829
2.607342,2.795142
2.580033,2.783392
0.928341,1.890844
1.963579,4.160226
1.336200,1.334486
-0.126270,2.239138
3.358599,3.133337
3.963456,4.156108
1.703140,1.663978
3.591600,1.542085
0.948793,2.404228
2.291807,2.731867
3.129446,3.586659
2.721888,1.959470
2.855300,2.461688
2.324885,1.012721
2.364648,2.323176
2.053463,3.850128
3.073867,2.404430
1.947999,3.746480
1.989466,1.052874
0.941626,1.142325
1.949451,1.604973
2.480130,2.817896
1.563682,3.380437
2.331160,3.867317
1.946862,2.245948
1.593589,0.963340
2.605311,-0.102233
3.085561,2.161498
3.193045,2.978091
1.314601,2.017261
2.124241,1.458548
1.618280,1.742565
0.800883,1.577820
2.422233,1.524980
2.840366,2.290577
2.139003,2.407054
1.406200,1.355081
1.914382,2.057689
2.909483,1.984091
3.867828,3.172679
1.941700,1.238788
1.972731,2.439163
2.088836,1.009303
0.572846,1.700196
3.390397,2.566560
1.041912,0.895058
4.622225,3.222543
2.797482,1.634439
2.341837,2.374234
0.878877,0.588423
0.356771,1.785532
0.615474,0.900229
3.469846,3.930671
1.132593,1.051526
0.059229,0.919063
0.964670,2.051051
2.957698,0.464888
1.833683,3.030851
2.811131,2.587658
2.012893,3.796816
0.985719,0.101850
2.212683,1.532189
1.212601,1.722284
1.131083,1.463002
-0.028174,-1.056098
3.677971,3.284881
4.104149,2.611687
3.328258,2.406069
2.567614,3.085833
2.528130,2.348615
1.608733,0.842410
2.046223,2.411983
4.873900,2.488994
1.454246,1.946261
0.133285,0.291380
1.387821,1.192348
0.908965,2.576222
3.632624,4.046240
0.009511,0.291545
0.885168,0.255956
2.010992,2.044516
4.504579,3.336401
2.538889,3.360955
1.082675,1.406711
1.368381,1.204231
0.954702,0.963491
2.082685,1.817092
1.617848,1.196649
1.720460,0.588311
2.607976,3.295403
2.303627,1.849736
1.532818,0.925557
1.473765,2.872993
-0.119135,1.453263
1.628977,2.859680
3.275269,2.368366
3.199120,4.871989
2.811495,2.684962
2.440781,3.135947
2.977717,1.672900
2.334374,0.900644
3.778659,1.671770
3.143919,3.322448
4.441911,2.960765
2.273855,1.730248
-0.642103,1.191794
2.473074,3.030212
1.649842,1.052363
3.301326,3.289028
2.367571,1.931806
1.992307,1.241578
2.943118,3.052201
2.254063,1.077418
2.081491,0.311009
2.629665,2.371657
2.833516,2.268456
0.805044,-0.045840
-0.332723,0.104403
1.682158,2.158398
0.305815,-0.687778
3.347743,2.592877
2.835049,1.109278
1.133880,2.827427
2.015220,1.722535
2.086087,2.984599
1.791994,3.638390
0.197286,0.454037
1.494642,2.525302
1.454873,0.648881
3.117184,1.794836
1.312425,1.979053
3.396669,2.941470
3.616156,2.717356
1.889546,1.156064
3.074179,1.446867
1.860198,1.815925
2.725804,2.536790
2.251294,1.436426
2.375694,4.181268
2.596810,2.500050
-0.639940,2.889115
2.852843,3.302670
2.882153,2.343363
3.186549,2.060894
2.773011,1.298508
1.152539,1.207542
1.867255,1.401066
2.174226,2.461790
3.187093,2.829102
3.189732,2.299163
3.157510,4.496837
2.012872,3.176248
1.717399,0.431399
1.662340,4.222843
0.499413,0.467894
2.092532,1.461685
1.984163,1.266981
4.420848,3.099292
2.547267,1.416200
2.595595,1.520933
2.250956,3.104121
1.790508,1.780843
0.998491,1.479099
0.977169,0.517310
3.022629,1.721520
1.889123,2.853893
0.394025,1.354330
3.012243,4.095388
3.143145,4.041262
1.967244,2.669777
2.568350,3.739518
3.602933,2.934478
3.741518,1.987233
1.015092,2.821181
-0.358186,-0.261030
0.916878,1.148973
1.739029,1.396880
1.562319,2.099798
2.539708,2.462214
1.637400,2.463804
2.948982,2.897440
-0.237875,0.926185
0.819361,0.843793
1.220890,2.223126
1.624581,-0.327022
2.484484,3.793928
2.575654,1.903933
3.363644,2.808627
2.168940,4.260035
2.048405,1.990455
1.009538,1.971883
0.644026,1.717648
2.695262,2.397395
1.597694,1.070305
1.805041,2.203804
2.208850,0.431169
1.497874,1.264150
0.998858,1.775789
-0.069222,1.284232
0.112000,1.555670
1.731566,1.763751
0.878078,1.610159
2.065248,2.470071
2.457361,1.603428
0.854829,0.910028
1.038513,-0.586980
2.465865,2.498504
0.815264,1.214734
2.294755,1.167491
2.840688,3.163193
3.447289,2.915412
2.057355,1.075031
-0.002247,1.221689
3.827075,2.894704
4.370837,3.588245
1.543236,1.129341
2.362105,0.839771
1.586488,1.031379
2.035898,1.943023
3.677735,2.524651
0.962369,1.361361
0.928302,1.252960
2.739172,1.013161
2.247837,2.220452
-0.034919,0.652038
0.370963,0.968501
2.557445,2.674569
2.265002,1.325847
2.435773,2.230006
1.649863,-0.430878
1.424128,0.487333
2.598284,3.778226
0.738898,1.993417
0.276649,2.336494
1.594370,1.437892
1.081282,2.324752
3.000903,2.349015
3.319859,1.215276
2.823485,0.937356
1.521404,2.386694
1.574429,3.251545
2.669201,3.860461
2.273331,0.557298
-0.315744,-0.379489
3.463467,2.056380
2.254245,2.126838
2.060004,1.762208
1.645426,1.257796
3.750409,3.601047
3.873410,4.227181
2.766419,2.929779
1.336352,0.387603
1.297620,0.864230
0.664265,0.299112
2.384269,3.071508
2.798130,1.956680
2.436125,2.391518
1.804682,-0.129406
1.667560,2.292463
1.177536,2.487401
2.156661,1.972109
1.437371,1.536684
2.080032,2.596176
2.870695,2.259518
1.780722,3.133791
4.591683,4.987281
2.810755,1.129885
1.493893,1.969645
2.815271,0.163443
1.185540,0.447804
1.034878,1.775952
2.429012,3.089472
3.369536,1.298158
1.376228,0.601183
2.941546,2.538480
1.792871,1.735601
2.195105,0.855615
2.700924,2.584927
0.413288,0.299475
1.040892,1.079448
2.542223,2.295498
1.844033,2.447679
0.629711,0.989392
1.454355,0.489566
2.721232,1.996929
1.907162,1.548204
1.833499,0.902497
1.619305,2.306163
2.727789,4.849420
3.257737,1.232697
1.846365,1.879808
1.575327,2.566518
1.203756,1.501632
1.662333,1.557975
1.201978,-0.277218
1.846546,1.911570
1.717605,0.873752
3.431653,3.588476
1.011648,2.501247
2.522819,3.677513
0.138641,-0.239123
3.321476,2.914502
1.705977,2.269765
1.734564,3.289762
3.834816,2.095611
2.178871,-0.095750
0.617941,3.735622
2.570814,1.450046
2.075108,2.024307
1.529742,2.192005
2.056123,3.743671
1.424328,2.151122
1.900802,3.187184
2.083838,2.361390
3.306559,2.309628
1.625800,1.182193
3.061024,2.417841
1.709208,1.080170
2.094378,2.109406
4.396036,2.924910
2.077289,1.340260
0.601446,1.568253
0.467296,2.287068
1.747517,2.396398
1.279921,3.732291
0.276183,0.288063
0.985558,2.344855
2.455739,1.799115
1.203883,1.282322
2.258658,1.424386
3.369477,3.605619
1.329183,1.103377
1.107974,0.404057
2.947016,2.879786
1.686543,2.456512
1.987090,3.355185
0.316172,0.277028
1.445968,0.389470
0.545193,1.592469
1.260023,1.244460
4.879318,4.237591
3.031187,2.052932
2.103616,1.684653
3.243535,2.184735
2.058903,3.180402
2.829934,2.314995
2.226015,2.565008
3.127205,0.082548
0.397054,1.833422
3.395637,2.423339
2.767933,2.011929
2.779336,0.832811
2.198555,3.737752
2.182148,3.425576
2.596902,0.787634
1.508622,1.390955
2.271967,2.516925
1.235159,1.942751
0.775535,1.183671
3.428157,2.954511
-0.911000,-0.186509
-0.749580,0.645854
1.639890,1.941297
2.900582,1.162777
1.379033,2.589708
2.313327,2.725280
1.717341,0.807660
2.899795,1.881884
3.355819,2.068214
2.070083,3.489539
2.729597,2.856056
1.846064,3.024930
0.432465,1.296535
1.850409,1.619350
2.060429,4.003958
2.326073,2.989719
1.360030,0.804749
0.718948,1.483161
0.738213,0.268866
3.366336,2.860846
1.790021,1.848234
3.295326,1.386128
0.606378,2.578722
1.293379,1.902514
1.305724,1.702771
0.995467,1.390840
2.668781,1.872792
2.058553,2.372682
2.116567,2.430905
1.203095,2.036275
0.850063,0.928071
3.305120,2.960016
2.879725,1.043956
0.726192,0.868570
0.986976,2.352502
2.258699,2.832741
2.187189,2.003102
1.835937,3.501540
1.975460,2.674925
3.033810,4.213798
1.040041,1.137475
1.996538,2.396538
0.899467,-0.863769
1.778553,0.866936
2.141190,1.893310
2.376167,2.365702
2.467631,3.496811
3.283892,3.823656
2.868251,1.697326
2.603206,1.046255
2.677045,1.254168
2.062705,1.138348
2.243598,2.537547
2.698023,2.640059
2.995578,3.626453
-0.924565,1.867644
1.526944,2.315148
2.790700,4.293434
1.569733,1.085800
1.055808,0.801332
2.158994,2.634329
2.410080,3.431704
3.439541,2.389487
2.408064,3.167564
3.208141,1.860145
2.540555,2.508513
3.598593,2.446912
0.601846,-0.258719
2.463381,2.096144
2.054232,2.675579
1.331861,1.025907
2.433601,3.708042
1.217407,2.947729
3.847033,4.042436
0.515070,0.161806
2.047527,2.343039
2.639967,2.327895
2.606267,1.978846
0.705240,1.166318
1.378664,2.187235
2.616041,1.841837
2.520996,2.522779
3.167435,2.667174
1.384692,3.509248
4.492004,4.312384
0.444583,0.566428
1.297608,1.397434
3.698886,1.456970
2.209873,1.434267
2.942604,2.443617
-0.713513,1.691324
2.044276,1.579509
2.785238,3.253778
0.579629,0.332288
3.725246,4.395296
1.939542,0.353696
1.621547,2.072773
2.458698,1.667927
1.321862,0.918483
4.310946,2.261472
0.599740,1.216404
2.143950,1.703675
2.995994,1.920258
3.433695,1.313608
2.792919,2.481981
1.491792,1.451865
0.637009,1.986144
0.848343,1.318853
2.480121,1.499333
0.519316,2.199063
0.745098,2.662357
3.898266,2.744102
1.127229,1.391519
0.869967,0.854495
2.858485,2.644892
3.891639,2.763048
0.721445,1.594233
2.546168,0.825090
2.922887,1.697887
1.272953,0.689231
2.925387,2.955183
1.812518,3.296262
3.335979,1.936751
3.879871,3.849085
3.201098,1.772193
0.636477,1.303722
1.342274,2.706601
1.837655,1.014799
2.491000,3.308982
1.571862,1.741610
2.429115,3.037062
2.705275,2.603288
1.077327,0.416492
3.888522,2.835975
1.011546,1.266278
2.366158,1.857064
2.004218,1.155114
2.100913,1.369659
3.096140,2.458652
2.349527,2.300697
3.640272,-0.048093
2.895231,2.503661
1.236579,0.156577
1.111499,2.606529
2.940076,3.334052
2.947105,2.442471
3.061443,2.329586
-0.779473,0.064983
0.799870,1.291864
3.193580,3.588538
1.497515,0.644116
0.811834,1.516171
0.604978,0.187195
3.131373,2.769745
1.670962,-0.157444
3.746568,3.835964
2.379430,2.387158
1.457621,0.905051
2.599830,4.644311
3.393144,2.334106
1.236395,0.851906
1.813502,2.296292
1.228320,0.894859
1.751583,-0.384217
1.761769,0.922241
0.740556,0.882600
2.251333,2.914174
0.905529,1.547423
3.133752,2.649735
2.024157,1.982897
2.358152,0.343251
1.855455,1.565474
3.097406,2.354919
3.986338,0.385253
3.045242,2.169427
1.941360,1.135833
1.415156,2.957432
0.687731,1.590002
2.161386,2.704418
2.300608,2.104515
1.943699,1.346705
0.787086,0.626956
0.736684,2.192284
1.811021,0.402102
1.189349,2.040069
1.784271,0.670977
2.071730,3.066288
2.809552,2.509856
0.659151,0.611352
3.068214,2.190596
2.378431,1.045283
2.047584,2.380814
0.541129,1.208677
2.029189,3.207608
2.877239,1.641536
1.429908,2.868077
1.850637,1.863159
1.297811,-0.133544
3.921285,2.305438
1.594031,1.760524
0.542214,0.785689
2.349113,2.350908
2.733943,1.062182
-0.607152,-0.087281
1.510545,2.125709
1.455909,1.315355
2.246946,2.846396
2.070910,1.261020
0.624403,0.917755
0.671997,2.063918
1.822568,2.139520
1.660926,0.936065
1.890416,2.015964
1.669153,3.986789
3.867804,2.569700
0.505213,1.218480
2.584867,3.192156
0.743936,0.713673
0.611384,-1.112678
0.815867,1.982395
1.330251,1.125896
2.029457,2.473602
0.992299,1.594773
1.608718,0.589848
2.667263,1.727247
1.826773,2.841994
0.603054,3.209913
1.802659,1.862351
2.226947,1.589139
1.486194,2.613982
2.298028,1.504569
3.026248,2.576046
1.339239,2.532826
3.320810,3.000984
2.791877,0.958171
3.061862,2.381973
2.593386,2.785275
2.416692,1.861406
0.767836,2.490911
1.541748,-0.381024
1.589252,1.411229
2.064773,1.666490
1.822462,1.973869
2.949571,2.053203
2.271452,2.505711
1.054579,1.907928
2.286059,2.569903
0.583651,1.749246
2.161417,1.940485
2.409335,1.259628
1.795378,2.539964
1.579191,1.308924
2.223776,1.399125
1.429669,1.351847
2.419843,2.058119
2.278407,1.830529
1.627673,1.232390
-0.112153,1.353058
2.737247,2.806951
2.726809,2.400161
0.419633,0.112061
1.417374,1.958696
3.294118,2.439023
3.487431,2.601461
4.195907,4.740490
0.147106,0.294926
3.547913,2.905137
2.906191,1.888607
0.849930,1.660190
2.638110,3.363191
-0.273538,1.629021
-0.030350,-0.932343
-0.268743,-0.622950
2.349554,2.676626
2.304558,2.703602
3.262597,3.023844
0.915184,0.858122
1.639745,2.115004
1.813790,0.158565
1.627857,1.359718
1.325712,2.385662
3.540518,2.527874
3.950711,3.401552
0.908105,0.787518
3.403422,2.917743
3.851119,2.725933
2.250210,1.076336
1.071991,1.000870
2.065059,1.786686
0.939114,1.722274
1.427440,1.992229
1.912574,2.454777
2.291495,2.293727
2.466458,2.009239
2.362943,2.830633
0.279431,1.450533
2.443616,3.732819
1.975167,2.575900
2.713816,2.855795
2.470610,0.986005
0.800258,2.146193
1.471165,2.831334
1.739487,2.589072
2.711949,5.130727
0.847208,0.562582
3.563865,3.851893
3.028049,3.472903
2.114275,1.172872
0.626427,1.432001
1.150483,1.159341
2.736944,3.714816
2.929039,1.539258
-0.220604,1.878803
0.956161,3.115283
2.111147,1.730691
1.727452,3.364534
2.307990,3.043259
2.714403,2.254097
1.297796,0.917759
1.784161,2.916965
0.294268,0.938958
2.822352,2.311743
1.770326,2.091256
2.493998,3.217036
2.783797,1.068089
3.056538,2.552410
1.118457,3.007736
2.214124,1.373352
1.984972,1.632884
1.428467,2.009035
0.964919,0.940632
0.126607,1.034630
1.507733,3.717588
2.134377,1.299252
-0.470353,1.607424
2.280426,1.776776
1.791915,2.506647
0.608100,1.178587
1.162899,2.660911
1.755465,2.786384
2.033958,2.464981
2.126274,2.070422
1.654399,2.999253
3.004849,2.264616
-0.325758,0.652089
4.348198,3.782940
4.044574,3.093883
4.786528,4.649539
2.958998,3.018903
3.365940,3.448852
1.608352,3.110305
0.385056,1.170402
1.290166,3.275546
4.046747,2.643189
0.945539,3.199577
2.266853,2.083608
2.775766,3.721696
0.779988,1.569063
2.898274,2.191568
3.077940,3.161813
3.524368,2.346952
2.611505,2.122349
2.232681,2.699125
2.075621,1.787465
2.337270,1.345743
1.833525,1.984127
2.803830,3.799524
2.718189,2.808499
0.528751,1.454428
2.151516,1.789017
0.842083,1.516778
2.932967,2.138073
3.717696,3.871728
1.503523,2.639714
1.021935,2.356164
2.034860,3.173010
2.069257,2.846853
3.145754,3.380889
3.852359,3.585221
1.879127,1.358158
2.486646,3.332765
2.334387,1.844816
0.645382,3.282052
0.419750,1.582324
1.539563,1.706048
4.414558,3.735578
3.353636,1.478744
3.992770,2.011933
1.623806,2.442572
0.834113,1.248897
3.800358,1.868293
4.155984,2.887002
2.849649,2.689901
2.708804,3.047780
2.195882,2.206428
1.602630,0.422398
1.644378,1.630405
1.846179,2.731436
1.711997,0.765506
2.017150,2.298362
1.943920,2.528941
0.840200,2.672761
3.386479,3.264043
2.484733,3.088840
3.227356,3.573668
2.912719,2.178557
3.485242,3.020166
1.073389,1.048201
0.624092,2.288734
2.050981,1.492181
1.867496,1.323200
3.196789,1.676896
1.390839,1.004836
2.360279,1.324317
2.003429,1.241488
1.683810,2.561636
1.326197,1.304167
2.034841,5.027652
0.126704,0.849379
2.709090,2.595498
1.838688,3.102544
2.164748,1.380584
1.847092,2.968280
-0.149891,1.378440
1.470703,1.218079
4.658653,4.955813
1.931593,2.071575
2.616455,1.290192
1.201162,1.833378
0.935789,1.882366
1.681891,1.271861
2.015784,2.106909
1.407621,2.405838
0.403895,2.481238
0.049317,0.128967
4.704225,5.941057
2.868722,2.067238
2.568385,2.121742
2.249477,0.690041
2.761754,3.104913
1.139744,1.781285
3.170726,2.192461
2.318822,2.558695
1.737257,-0.310180
2.857496,1.524817
2.947406,3.914362
1.303625,1.753058
1.442228,0.962509
1.281810,3.467540
1.845971,2.581103
2.918603,1.070344
4.060193,3.481209
0.691244,1.479535
1.701909,0.714863
1.083060,0.118167
1.820865,1.810513
1.481283,2.819875
3.285446,1.935841
2.182597,1.782770
-1.263153,-0.586646
2.882555,1.826444
4.140987,3.115768
1.186793,2.614122
0.914041,1.143136
2.145465,2.414278
1.589972,3.308336
2.207012,2.120675
4.016676,3.821241
1.809445,0.741722
2.253787,3.046498
2.749922,3.807723
2.655134,2.266566
2.784284,3.162330
-0.521060,0.260437
2.180683,3.316303
1.587010,2.961495
2.772969,-0.170173
2.397366,3.341751
2.380539,1.356783
3.501823,1.595586
0.971189,3.181878
0.207699,2.398116
0.722082,1.749561
0.101766,0.479029
1.645815,2.678472
0.980920,0.500955
2.555469,2.694325
0.880855,1.678946
2.277562,4.189168
2.687798,2.422733
1.432557,4.130886
2.215848,1.364873
0.867252,1.636388
1.742273,2.582880
2.961183,2.468265
4.402874,3.078923
-0.386169,1.255260
1.111560,2.774491
2.260334,2.016923
2.013521,1.888600
1.614666,2.758065
1.513738,2.226220
0.912705,1.300891
3.516713,2.163847
1.956780,1.785524
1.932344,1.916290
0.427673,-0.902554
3.557156,3.889532
2.167958,2.484025
0.852290,2.136395
3.583655,3.026937
1.243450,2.013914
-0.377435,0.578269
2.494398,1.603962
2.785041,2.192338
1.304052,1.561050
3.364265,2.928363
1.064190,1.415853
1.316078,1.699000
0.473448,0.709491
2.792183,1.876428
3.004184,0.563480
2.262519,2.056679
3.645799,2.717534
1.183460,1.414172
1.758675,2.065022
1.298351,2.541213
2.622214,1.164001
0.403096,0.773436
3.137010,1.883608
1.715714,1.598542
0.809703,0.463795
2.277295,3.173091
1.114357,1.283008
1.433101,1.395414
1.214971,2.379962
1.543096,1.373821
2.011247,-0.353608
1.075832,-0.630127
2.563537,2.522620
1.623650,2.630062
2.785730,3.046497
2.353176,2.648317
2.009627,2.102562
2.731281,2.221217
1.279357,2.223072
2.952509,2.083741
1.484980,1.452476
1.733666,0.827869
3.807541,3.274537
2.703075,2.624287
2.181016,2.922033
2.174308,2.324783
1.766007,1.960962
1.765596,2.276197
1.989349,3.388767
2.860622,1.549073
2.262714,1.411533
0.319001,2.528606
2.515005,2.847378
3.293360,3.747265
3.079468,2.454633
2.587666,3.319818
1.115956,1.139341
1.953854,3.543377
3.730890,1.568858
2.155411,1.050636
1.334409,0.953271
0.776419,2.177919
3.329871,2.763934
1.296757,2.834309
2.867428,2.272924
1.874532,1.297304
2.643677,1.092140
0.756189,-0.591521
2.294887,2.262405
1.005986,-0.318859
-0.096527,0.660650
2.131102,1.146468
1.867120,1.143634
1.388570,0.417508
2.375635,1.820362
2.484560,3.225880
0.931774,2.140784
3.009332,4.073502
0.056038,-0.395603
0.490334,0.227173
3.341358,3.035725
1.511317,0.673140
2.223139,2.816678
1.705038,2.289661
1.554221,2.033846
2.258518,2.490249
2.158912,3.447345
1.984874,3.113722
2.101310,2.303309
2.936650,1.920654
4.038669,2.983345
2.174574,2.386453
1.347865,0.902107
3.485158,2.042443
0.892655,2.275850
0.548359,1.258292
0.598193,2.295817
1.389344,2.035474
2.958829,1.596785
2.596810,2.587651
0.984215,2.910501
1.340190,2.519034
2.532626,2.220950
3.522118,2.779790
1.539841,1.547401
1.092764,1.274018
1.231085,3.379382
1.499822,2.662823
1.992658,2.702257
1.092069,1.300561
4.029916,4.048168
0.670650,1.198131
2.475021,0.752764
2.418254,2.829611
1.037264,2.251931
1.922546,2.328370
2.479291,1.492348
3.738068,4.169077
2.158445,1.540270
3.087375,3.717115
1.951856,2.508731
1.456402,-0.685029
2.710560,2.501184
1.558285,-0.078118
0.255567,0.391423
2.182169,1.984109
1.853756,2.901873
2.752659,3.098073
2.713778,1.951644
-0.449046,-0.029995
0.900008,2.037785
2.354779,4.107071
4.557204,3.788437
2.106671,2.688395
1.893992,1.727177
2.499402,1.521378
2.933385,3.659897
0.606986,2.191480
2.337767,3.030582
1.650460,2.840935
1.009350,1.220559
1.813576,2.774508
1.781984,1.097544
3.294174,3.005641
0.114370,1.260857
3.547183,2.379425
1.463909,0.328273
1.866973,1.250902
0.984810,0.214386
0.917391,1.102249
2.766747,0.796439
4.018062,3.797496
2.348772,1.223574
2.662100,3.223572
1.581424,1.443683
1.911427,0.737224
1.484310,3.132187
1.877675,2.003988
0.702663,-0.696679
0.478278,2.142264
1.851520,2.711151
3.193820,2.507088
1.267326,2.065893
0.244426,1.814055
1.461605,2.655216
1.845399,2.747490
1.597470,2.043148
2.435584,0.830879
2.922247,3.024789
3.045621,3.876832
1.081625,1.408796
2.280861,3.661000
0.162185,0.309262
1.456994,1.658733
1.600466,1.480907
1.577075,2.482792
0.668666,-0.731406
2.680134,1.499674
0.915135,0.327397
2.930755,3.568942
0.157583,0.821181
1.618069,2.027210
1.211812,0.337612
2.323208,1.870517
3.175589,2.847213
0.757384,1.323986
1.368773,1.515249
1.947083,1.146493
2.172041,2.364046
1.599570,1.919758
2.308514,1.931090
-1.188104,-0.281317
1.758808,1.525600
2.456167,2.325367
2.686621,0.806185
3.677572,3.040690
1.940249,1.700975
1.461108,-0.021289
1.890638,3.410730
1.444026,2.328869
0.570470,-0.123334
2.222222,1.949795
3.847926,3.537529
0.966683,1.507273
1.651613,1.276104
1.933569,3.202825
2.283648,2.577730
1.127690,2.589407
1.806362,0.511103
2.738996,3.317906
2.283304,1.828132
1.026711,1.214170
1.564656,2.344485
1.540594,3.109113
2.354005,3.010934
1.446912,0.069617
1.726233,2.868441
1.083545,0.912049
2.158276,3.114212
1.557348,0.392685
2.929991,3.155248
1.604492,1.305423
1.766783,1.056646
4.043329,3.619428
2.083159,1.807319
3.911204,2.095555
1.996386,2.894042
0.318244,1.505958
3.283452,2.129745
1.252352,1.887452
2.660475,0.646411
2.765588,2.735900
1.194403,1.961710
1.709681,2.040465
1.583695,2.269314
1.696182,1.761919
2.191768,2.273060
1.446594,1.714069
0.998834,2.341556
2.094861,1.445862
1.917873,0.551675
2.768608,3.104455
2.175313,0.930262
2.634572,2.028488
1.949675,2.893273
1.397709,1.378587
3.147642,1.797992
0.474027,1.066141
2.252194,2.971793
2.204370,1.917261
1.993845,1.252347
2.236971,2.358432
2.097995,2.767080
0.758490,0.004192
4.442911,2.441171
2.461892,1.798727
1.753689,1.886286
4.295868,2.480985
1.676000,1.811429
3.197341,1.540197
0.955813,2.227713
2.182997,1.335523
2.644474,1.278360
1.042857,1.124701
3.681606,3.380932
1.765293,1.432245
2.851134,1.626732
1.833596,1.185127
4.053165,3.681908
1.343764,0.956835
0.280377,0.709345
1.770826,1.642428
2.190849,1.927426
1.996339,2.527207
3.348401,2.272507
1.949888,3.995543
1.388463,1.692956
2.604163,3.227506
1.993869,2.208038
2.765644,2.925912
2.749856,1.984245
2.133099,0.595391
1.168646,1.853132
3.171958,2.351630
2.052128,2.334164
1.915595,2.349158
0.727073,0.219356
3.072428,3.898351
0.345823,0.738591
3.003964,2.880072
2.647242,3.290097
3.320316,3.020187
2.806370,2.933194
2.228880,2.405642
2.473973,1.487314
1.481491,1.432726
1.735628,3.976555
1.664030,1.510769
-0.146511,1.695305
1.952178,2.299575
2.929232,2.782039
2.079980,2.264807
1.431907,1.991735
2.399567,1.188824
3.085940,2.539533
1.719040,2.769815
3.185842,2.828427
1.324608,1.024731
1.671039,1.531497
1.891855,1.663383
2.194833,0.649776
2.166351,2.462924
0.791330,2.284283
1.598896,3.078378
1.906408,3.235055
1.748782,0.835323
1.759714,1.708478
1.569864,1.346592
1.581536,2.950630
1.672284,2.498706
1.361828,3.028492
2.894527,2.280383
0.902203,0.457256
0.167509,1.059349
3.040577,1.227284
1.965915,2.067545
0.194936,1.783383
2.192625,2.993807
0.800436,1.873849
2.539371,0.596873
2.712454,1.556746
1.685460,2.665464
1.161686,2.309777
2.353195,1.054869
4.108713,4.257522
2.673739,1.696793
3.840158,3.105415
1.835496,2.501373
1.032607,2.640674
2.456330,3.337389
1.611704,2.306373
1.842193,2.913873
2.084050,1.404605
2.130191,1.890635
2.166247,0.986471
1.827766,2.223073
1.297930,2.644872
1.333417,1.325936
1.664509,1.960175
2.563561,0.737903
3.003349,1.518910
0.923401,0.862551
1.719040,2.615837
2.198573,1.069939
2.228989,1.893822
3.855948,3.165672
2.216426,2.101475
2.707817,3.859483
2.069647,2.107200
2.047072,1.258996
1.788321,1.421247
2.489742,3.063190
0.345758,1.070587
1.460993,0.940363
2.638511,4.128648
-0.550665,0.992141
2.868116,1.713482
3.764775,2.081042
1.290154,2.895832
1.971522,2.273845
1.010746,0.606650
-0.758869,1.233225
2.402313,1.824779
1.569937,1.222412
2.360987,3.642226
0.868770,1.024281
3.708436,2.478910
2.157072,1.657201
1.784414,2.806377
0.675977,2.054119
3.029501,2.686309
1.118663,1.566742
0.462651,0.883188
0.129482,0.669499
1.241893,0.918379
1.532155,2.443099
0.238501,0.967738
1.383361,2.760696
4.609426,3.187192
1.402633,1.416742
1.443406,1.507814
1.912748,1.098345
1.008737,2.003152
-0.063805,1.949749
1.651649,1.925560
3.584812,3.053400
1.642054,2.692374
2.130972,2.927313
2.089989,1.912820
1.980030,1.588873
3.223950,1.519164
2.454719,1.974751
2.238416,2.655289
1.313511,1.545705
0.850164,1.425726
2.486954,2.024098
1.442204,2.015972
0.193845,1.385018
2.519933,2.417926
0.884883,1.952880
1.218768,1.154890
3.585484,2.586547
1.592780,1.935005
2.929199,2.973769
2.028957,0.877730
1.231810,0.854279
1.177601,0.644149
3.118152,2.660015
2.276641,1.888161
2.020080,2.354045
2.181302,2.115189
3.284384,3.676082
1.272106,2.882399
3.717835,1.909540
1.291473,1.638000
3.638203,2.108454
-0.038480,1.375631
4.383312,3.925089
0.796799,0.320736
2.566262,2.283503
3.823113,2.118337
2.009936,0.166999
1.342567,2.229146
3.718933,2.794665
0.682910,1.215802
1.933461,3.135710
0.820583,1.089636
2.986286,2.572837
1.846279,1.657684
1.951726,0.421952
3.203635,3.384506
2.739214,2.112166
3.521409,3.540955
1.718948,2.372427
2.006628,1.874023
1.636921,0.324454
2.371047,0.699900
3.332371,2.119714
1.355523,1.290113
2.565061,1.458328
2.641275,1.877810
2.163464,1.172373
1.686155,0.010574
1.859866,3.537067
3.034281,1.719402
2.047975,1.572582
3.271820,2.175949
-0.271706,-0.523258
2.920735,4.414445
1.854030,1.087564
2.471368,3.144841
3.176826,1.250849
0.669200,0.235210
0.065579,1.344014
2.350305,3.383495
3.497516,1.630816
2.168894,2.566532
2.554266,2.247218
0.956396,1.062890
2.379303,3.081333
3.089610,0.568006
1.433121,1.824950
1.536724,2.428425
2.414060,2.750560
3.153481,3.560572
0.806029,-0.188827
3.013016,2.303000
2.418936,1.355900
1.211769,2.058609
2.421449,0.653034
0.669476,1.606843
1.094638,1.467480
1.293116,2.325505
0.810709,-0.142332
1.109425,1.023207
2.880566,1.344035
2.745267,1.748002
2.950803,1.852617
2.591821,2.185711
2.723583,1.108833
3.070898,3.432813
2.153337,3.227867
1.501530,2.108292
0.933160,0.623449
2.061669,2.933371
1.652413,1.465083
0.901084,0.688840
1.961006,1.982229
2.770589,2.848175
0.567886,1.012854
2.053982,1.892215
1.338577,2.088344
1.638316,1.306451
1.478761,1.958701
2.788141,2.956372
3.630477,4.113011
1.054353,1.801899
2.187597,2.496644
0.059935,1.473705
1.955604,2.094924
1.788324,0.287522
1.612007,2.947577
0.970820,1.340083
3.329044,3.279134
2.345362,2.676401
3.213776,2.188053
3.177323,4.399128
2.267639,2.424784
2.535655,1.468221
3.593040,2.587725
2.442979,2.809585
1.815866,3.562357
0.706281,1.514641
1.346487,2.860768
2.204429,2.173168
1.501886,2.203709
1.685984,1.210859
2.141635,2.781538
1.577263,1.183911
3.478203,3.270887
0.557302,2.362719
3.250748,2.824176
1.659331,3.015136
2.483924,1.576597
1.718475,1.313836
3.506737,2.613964
0.306171,0.690380
2.031624,1.781730
1.606874,1.887110
1.689552,1.804397
1.236046,1.259151
3.153131,2.540708
2.700472,4.727289
1.667868,0.837797
2.562523,1.925647
1.374054,-0.045824
1.955125,1.846597
1.335941,1.231932
3.648212,3.397095
2.802127,2.881707
1.627679,-0.111746
2.969360,2.416667
1.960439,2.700565
1.942393,2.358195
2.426973,2.656898
1.692557,0.960258
1.297138,1.349510
1.195315,0.993895
1.690136,1.649529
1.953857,2.212787
2.159894,0.910329
1.688268,-0.171395
2.640199,2.545930
0.854803,2.430976
3.863175,3.355481
3.826081,3.857703
0.969317,2.560113
1.373515,2.417540
1.712006,1.276758
3.082695,3.357697
2.644595,3.939802
1.542761,2.737939
2.281453,2.550303
1.841221,1.796177
2.178466,2.570922
3.406799,2.197363
0.560096,1.287264
1.110365,2.775507
1.570540,2.893243
2.360324,1.335573
-0.095805,0.894906
1.741222,2.468393
1.935043,2.764192
4.580635,3.560834
1.276764,1.027108
2.493656,1.146870
-0.195565,0.994965
2.376146,1.971451
0.117101,2.099572
0.088118,2.259921
3.208473,2.389086
2.808773,3.250534
1.923898,1.771947
0.682997,1.915326
3.619748,3.022776
1.523604,1.055865
2.181998,3.200535
3.267530,2.965950
2.002296,1.428476
1.606206,1.037329
0.842973,0.717227
1.045651,1.791675
3.570209,1.516722
1.651432,1.723721
1.631904,1.405377
1.368525,3.376998
2.908121,3.642071
2.665509,2.329730
2.676336,1.872902
0.809984,2.200627
1.541265,1.644647
2.595870,3.112695
0.322894,-0.057801
2.606156,2.045067
3.796495,1.051195
2.072005,1.226453
3.017934,3.771124
3.106389,2.767720
1.434632,0.025416
3.192616,3.461922
1.791686,0.217344
1.356431,1.937430
3.384035,4.182536
1.396730,1.084944
0.347208,1.483664
2.136420,1.684975
2.861275,2.823712
1.668663,1.344486
3.268735,4.537449
2.025074,1.645450
0.495360,2.019998
4.209395,4.643658
2.985959,3.485070
1.571349,2.207075
3.368981,1.495741
2.186606,2.593454
1.706560,0.534729
1.434476,0.786603
1.941056,1.431162
1.396297,2.288174
3.402578,2.722672
0.639026,3.040610
1.727477,3.767611
0.312774,0.215463
2.604240,1.912175
2.762425,1.355705
1.317585,2.814465
2.649577,2.408853
3.286200,3.660262
1.739101,1.802803
2.334157,2.041399
1.579750,1.550933
1.619735,1.834718
0.688586,1.365580
1.073766,2.592188
0.983555,2.288518
2.395332,0.553413
0.802392,0.937568
1.904320,2.185668
2.185250,2.412279
1.875444,3.149716
2.289662,1.907078
2.666621,2.935397
1.643748,2.032173
3.690217,2.089036
0.715901,2.200543
2.094128,3.683569
1.757657,1.750594
3.036546,1.652028
1.532405,0.756799
2.179369,3.171296
4.392510,2.868913
1.869063,2.162347
1.731107,1.429308
-0.077418,-0.305311
2.598360,1.801373
1.585213,2.200174
1.702313,0.213029
1.989686,2.436390
1.488319,1.494868
1.934729,1.125765
0.154500,1.147128
3.702293,2.627190
2.567676,3.245646
3.278119,2.947095
1.639297,1.573131
2.308698,1.242895
1.791447,1.178235
2.162263,2.399995
1.898742,1.922722
2.799837,2.500287
2.685652,1.310566
2.206725,2.594405
2.528002,3.684583
1.523058,0.277907
0.896058,0.752476
1.885881,1.389230
0.997573,1.403667
3.287678,2.122476
3.170688,3.358630
1.178742,1.829708
2.680673,1.523676
2.014520,3.166868
2.347992,2.491409
2.763249,3.099832
1.873010,2.919723
1.577932,1.082226
2.385252,1.834136
3.657986,2.800544
1.665709,1.990969
2.022220,1.720487
1.160170,1.223712
2.277852,0.504077
5.255004,5.538792
3.340109,3.127657
1.467923,3.055324
1.570663,1.736522
1.090896,1.459393
1.860622,2.932098
2.799448,3.122695
3.238263,3.442207
0.994639,2.671094
3.655751,3.054864
1.119877,1.455195
2.321919,1.365783
1.889143,3.134184
1.856928,2.232288
2.691299,1.508213
0.939680,1.442913
0.511051,-0.504531
1.943403,0.631859
1.375481,2.351987
3.896988,3.692055
2.838733,2.136775
1.106053,2.226739
2.012680,2.218166
1.900104,1.901907
2.389176,3.497621
1.546913,1.941794
2.928068,2.468848
2.919599,1.385474
3.762255,3.161507
1.874052,1.220915
3.289654,2.474968
2.571268,2.217409
-0.402707,0.651914
0.528229,1.696810
3.476187,2.253822
2.291325,3.625831
3.099560,1.848204
2.492556,2.253951
1.642072,1.893023
2.374397,3.060054
2.631696,2.475420
1.726147,1.084326
2.197239,2.788907
2.935215,2.550423
0.491667,2.545759
1.239384,1.712024
2.076907,1.003717
1.914774,1.885007
1.663246,1.779754
1.826904,1.515437
2.563157,1.335329
1.581631,2.972465
1.734364,1.713443
1.038327,-0.322508
2.104461,3.817172
2.081488,1.838905
2.814693,3.262390
2.075731,0.981237
2.289240,1.953724
2.337942,1.218692
0.457870,1.373694
2.422729,2.206310
2.507299,1.728991
2.519156,2.248886
0.129906,1.076524
1.005602,1.375528
2.988379,2.946888
1.788665,0.530400
0.287424,2.610033
0.373425,1.787454
1.326947,2.294879
2.223747,3.019611
1.288328,1.578239
1.129697,0.590912
2.114266,2.209728
2.778203,3.005135
2.965160,4.012115
2.220057,1.699164
2.839878,2.605299
1.130080,1.677819
3.034034,2.187994
1.792283,1.069935
1.886239,2.009994
1.300611,2.158881
4.049338,2.138178
1.590660,3.392188
-0.666843,1.164334
3.058184,1.276069
4.336150,3.722112
1.521224,2.821849
1.134756,1.362161
3.251018,2.290238
1.431393,2.128444
2.177920,1.143322
1.223550,1.649461
3.319385,2.535064
1.520999,1.286491
0.373193,0.874323
2.426538,2.416332
2.309304,1.580913
2.439630,3.141020
0.966081,1.569863
0.958583,0.416809
1.000500,0.099578
3.756991,1.997032
2.637931,2.134209
1.422579,1.666470
3.229508,2.836782
3.209687,1.433704
3.234932,2.464118
0.662719,0.854170
2.175863,0.677227
0.315229,1.616331
4.083276,3.377959
1.248460,1.892849
2.740343,2.434844
2.462138,2.572556
1.348734,0.577692
1.524100,0.742428
2.324769,3.143364
0.775875,1.627285
3.372489,2.906538
1.266500,1.308042
2.700686,3.159004
1.721779,3.516304
0.360079,0.964177
0.788938,0.853729
0.598252,2.075972
1.914985,1.659798
3.517813,3.434679
0.814078,1.759711
1.833857,1.292557
3.959585,3.464370
2.420035,2.107106
0.471476,2.457153
2.001386,1.784655
2.162300,2.286685
2.657224,2.777423
1.504742,1.714428
1.386883,1.820631
3.216072,3.852943
3.129035,2.033196
2.739713,3.173254
3.033740,1.351771
2.305811,0.866203
1.759662,1.998161
0.342225,2.123910
3.208081,3.155607
2.022439,2.456188
1.989498,1.636952
2.940058,1.823607
0.914885,1.374089
1.360387,1.049991
3.107994,2.029679
2.209065,1.169272
1.052832,-0.254810
0.979576,2.546431
1.393336,1.569010
3.529616,2.147847
0.580043,2.086191
2.949586,1.810524
4.619220,3.638455
1.298868,2.897991
1.264506,1.569592
2.638097,2.054931
0.682304,0.883043
4.157675,3.484136
3.016369,2.470105
1.566228,1.458783
1.409831,2.723304
1.671053,3.535253
2.536770,2.625969
2.181820,2.305239
1.398054,1.831890
3.213676,2.090761
0.074182,-0.409803
2.198285,0.590644
2.305751,2.178552
2.951757,0.229303
2.430989,1.281247
2.237273,1.200944
2.877684,2.604056
3.149111,2.673577
3.950079,2.116909
1.766448,0.470399
1.778297,2.531188
2.945140,2.119974
1.245105,2.363039
3.087731,2.937583
3.696985,3.303784
2.397690,1.543066
3.099880,1.691653
1.405401,2.461095
3.261490,2.638819
0.958737,2.170828
3.377533,3.208748
1.805830,1.703773
3.894420,4.395510
0.625885,0.742547
3.149528,2.636400
0.012229,0.922192
1.267514,1.623927
2.672847,2.472276
1.792696,2.342270
0.134069,1.252407
3.117225,3.341220
1.052514,1.671374
1.087878,4.001987
3.647582,2.564393
0.739299,2.856102
2.857080,2.591252
1.075967,1.058105
2.006959,2.572592
1.248773,2.279212
0.728054,1.035057
1.640297,1.854408
1.548815,1.603986
1.402213,2.598841
1.440781,-0.066772
2.335669,1.646974
2.068051,2.470567
1.476313,1.364186
4.139524,3.174479
2.593822,-0.146605
0.711043,1.232273
0.959443,0.760873
3.570048,4.000411
0.433757,1.358479
2.530527,2.617288
2.871083,2.051817
1.771375,0.573843
3.326081,2.222055
3.217385,3.363799
1.086547,0.901670
2.884044,3.723988
0.863261,0.217018
2.156610,2.672270
0.855333,0.335499
2.838226,3.469645
1.304921,1.311052
1.986168,2.980547
1.926925,1.158490
2.633336,1.281629
1.537118,1.274885
2.393774,2.360899
1.517627,2.412558
1.566305,1.409896
1.138275,1.539013
2.431805,2.307087
1.875734,2.380995
2.513056,2.122646
-0.174862,0.764874
2.373229,2.944170
1.701730,2.093281
1.286238,2.475880
1.731728,1.669640
0.980794,1.214079
1.737785,2.051808
2.076454,2.085681
2.883676,2.132509
3.560779,2.168796
2.848991,2.674724
2.046346,1.775049
3.252806,4.827392
0.836201,1.281961
0.836747,-0.140617
0.847876,-0.117338
2.430166,1.156328
1.794191,2.180358
1.777027,2.490904
2.175458,1.653044
2.085418,2.896332
2.108456,3.023859
1.775457,0.106744
-0.011354,2.049068
1.482216,2.081300
1.239668,0.964186
2.499240,1.185041
1.630883,2.128995
1.020277,2.085702
2.937302,2.404695
0.433607,0.283278
1.860271,1.793261
1.899832,3.523361
3.020646,1.893360
3.391206,1.389500
3.048096,2.079967
1.801998,1.128584
0.531897,1.930381
1.431176,1.215788
2.640284,1.115299
2.546076,1.685637
0.112320,2.685072
2.562712,0.571572
2.251589,2.374080
2.289753,1.558940
2.408822,1.166321
2.495416,3.141214
2.610484,3.148696
2.303577,4.068403
2.782371,2.558704
1.996355,1.431006
1.588128,2.163485
0.772336,1.563833
2.222108,2.075476
-0.509332,0.440557
2.748329,2.848317
2.357910,2.222575
3.270736,2.858812
0.141609,0.720685
3.549047,4.765771
1.235996,0.876711
1.808531,0.949132
1.657980,3.156527
3.170191,1.300459
2.094116,2.015528
0.955014,0.969351
1.842573,2.887629
2.270404,1.520381
0.902912,1.096574
1.908512,2.086420
3.191053,2.663399
2.094229,1.899566
0.789342,1.006748
1.254934,1.264329
0.886463,1.283991
1.995019,1.981736
2.573110,3.080026
2.285814,1.783822
1.666884,0.416668
1.852033,2.879752
1.750679,1.702820
1.692917,1.872332
3.488099,3.138837
0.929713,0.270389
2.546467,2.004846
2.366919,1.783796
1.479813,1.677126
1.855559,0.804618
2.407605,2.181882
2.002009,1.208788
0.613813,1.800228
3.101825,2.610952
1.144473,3.776859
1.533492,3.211117
3.591761,2.602110
3.017462,2.171772
2.586396,1.877618
2.130335,3.288807
0.465515,1.414812
1.499832,1.592575
2.907020,1.953862
2.272452,1.098821
2.284304,3.437217
0.157342,0.550637
1.164704,0.918856
2.852374,3.464546
1.471147,1.542815
1.728798,2.691009
3.240560,2.466780
2.830559,2.915532
3.284264,2.600022
2.741506,2.480898
3.244502,3.331707
0.852058,0.987549
-0.001822,1.332176
1.289119,1.363805
1.598614,2.362414
3.280457,1.397936
2.139446,1.008378
2.833127,2.833351
2.788418,1.376343
1.373610,2.339750
2.340931,3.613414
2.292485,4.409810
2.283353,2.428970
3.669617,3.607481
1.845210,1.759048
2.960925,2.014360
1.005532,1.036339
0.928910,0.402428
1.968746,2.784340
4.012269,2.798806
1.635517,0.463583
2.641081,4.509608
3.115022,3.299141
3.345485,0.534856
2.007297,2.455710
1.241399,2.144919
1.979325,2.691830
3.302210,1.891743
3.854921,2.392811
1.882960,0.368386
1.895637,1.629713
1.407093,2.770700
2.073888,2.685490
2.043479,1.891460
0.728839,-0.712503
0.555376,1.211782
1.600622,3.229940
3.861394,3.339627
2.840535,3.252618
2.747410,3.180474
2.401136,1.921782
1.797732,1.529111
1.542099,4.343472
3.530704,1.313095
3.362917,2.095641
1.123711,1.445363
1.839716,1.469693
2.427390,2.056459
1.652649,2.487982
1.458894,1.959007
1.125148,2.009591
1.571031,1.929879
1.302987,0.637941
3.334056,2.148134
2.768457,0.914725
1.654359,1.545166
1.353332,0.681415
1.614977,2.737180
1.142246,0.462093
1.695363,1.989782
1.807694,1.545119
1.835141,-0.054562
2.140744,2.588675
0.927652,2.280411
1.105077,0.819536
1.231299,0.517258
0.288567,2.099089
0.894942,1.000713
3.051624,1.523033
2.288673,1.173456
3.282248,2.091502
2.412696,2.384727
2.063296,1.462790
1.178076,0.969871
2.569042,2.795334
0.131933,0.467094
3.077973,1.550512
2.072553,2.307481
3.168347,1.502963
2.009342,3.463880
1.201438,0.314799
2.006662,0.828089
0.661209,0.906444
2.035133,0.320040
1.416986,1.409312
0.804774,1.719642
2.243444,1.642614
1.354841,1.294686
3.215930,2.295778
3.534407,3.024116
0.956126,1.133956
2.056364,2.861220
2.673271,2.768621
1.765999,2.545130
3.791019,2.940821
3.548561,3.288964
1.203597,0.698149
2.006403,2.878127
1.118894,1.030323
1.945497,0.868542
-0.267714,1.880992
2.590780,0.506448
2.177029,2.789854
1.728916,3.001114
1.843879,1.137403
2.418974,1.525141
2.435420,1.880827
-0.075380,2.040632
4.201054,2.277837
2.971533,1.453118
1.585512,2.334448
0.605338,0.806732
3.156470,1.178085
1.941679,2.012967
1.800891,1.092403
3.115768,1.637765
4.538566,3.430069
3.191586,3.528298
2.717836,2.179599
4.468809,1.236244
1.193900,0.193629
3.084612,1.629720
1.086569,1.229998
2.911768,2.519539
0.583138,0.510169
2.628077,1.686695
3.720775,3.560736
1.168329,2.267914
4.509803,3.384707
2.504677,2.501196
2.186447,2.064759
2.098225,1.194932
0.974284,1.407736
1.476529,3.077437
0.185656,1.118552
3.824674,5.403619
0.308515,2.314923
0.139153,1.717496
0.564716,1.913409
0.164761,0.381316
3.515322,3.207861
1.624853,1.699741
3.895088,2.264021
2.237996,3.045735
0.173102,1.089669
1.124649,1.043833
3.736298,3.281077
2.472623,1.975570
1.731923,2.173343
1.400327,1.122207
3.890143,3.407265
1.350742,2.573550
2.235464,2.748008
1.726826,1.770727
1.524555,0.863714
2.504076,2.492176
2.300377,2.808389
2.504491,2.730795
1.979289,2.194215
2.567692,2.228604
1.815816,2.017891
1.150958,2.856320
2.890105,2.825901
3.176762,3.548843
3.104987,2.826677
2.181772,2.462663
2.776384,2.181078
0.614228,0.898795
2.611301,2.360467
0.692663,0.457498
2.939429,2.254433
2.772806,2.178309
3.670308,2.546107
2.422427,3.013998
2.433742,2.226580
0.252568,1.547575
2.559759,1.928896
2.402231,3.095006
2.370529,1.984034
3.089487,2.319821
2.380541,1.065102
1.405341,0.871496
2.798078,1.461100
2.174870,1.846549
1.307517,2.779226
2.243439,1.448779
2.318456,2.913587
0.734340,1.016258
1.098688,1.708426
1.745849,-0.203741
0.930303,1.914039
3.602203,2.716535
3.101195,2.372404
2.295878,2.538481
0.709645,1.790962
3.147928,2.303225
0.537093,1.183837
1.691569,2.164905
1.763518,2.288103
2.156640,2.425445
3.652063,2.964279
2.773504,2.399114
3.069156,2.535612
3.037171,3.585871
2.924063,1.218855
2.554683,2.891285
2.818742,2.121800
1.892800,2.236398
2.968853,3.518982
2.702038,2.684110
2.294208,1.767142
3.029359,2.743672
1.273260,-0.088415
0.664275,0.404553
2.512723,1.426012
2.919394,2.416484
3.010057,2.801139
1.427096,3.277877
2.958418,3.061109
2.320519,1.250199
1.604353,1.206026
3.828548,4.488398
3.491187,2.443412
1.577840,1.230679
0.600103,1.810269
2.161893,2.955156
1.537690,3.770806
2.087075,3.113162
1.111212,1.427300
2.656406,2.505009
3.752852,3.977272
1.630475,1.763974
5.207777,3.942140
2.502036,2.793695
1.834537,1.664313
1.962982,0.936740
1.234150,1.708892
1.764048,1.582008
0.167931,0.661127
2.714451,2.962756
1.642385,1.054276
0.865646,1.247679
3.878810,4.178482
2.083042,2.620221
1.084705,1.279867
0.647203,0.468496
1.056421,1.861363
1.694917,2.473691
2.726286,2.303718
3.015944,3.257353
1.128692,2.307955
1.457250,1.172455
2.803908,3.236759
0.660467,1.415652
1.166760,0.954870
2.772555,2.035653
2.087703,2.009112
1.885661,1.756363
2.504072,1.727378
1.146275,1.222793
2.524788,1.777358
2.499488,3.807453
2.331628,0.707710
0.877859,1.800340
1.093232,2.691343
2.520727,1.103904
1.561306,1.806203
2.235691,2.809250
2.948957,3.939524
3.252949,2.268003
1.882089,2.315062
2.229367,1.486708
3.004807,1.871765
1.657068,2.732089
1.573985,2.433399
1.033595,0.445576
1.075981,3.247174
1.585364,-0.087040
1.664440,1.665000
1.656760,0.911781
3.065158,2.389087
2.087643,2.902967
3.334257,2.711643
3.045771,4.052889
1.062792,0.735719
2.031421,2.484643
0.518756,0.927366
3.413500,1.794678
2.929118,3.002337
2.470046,2.665014
3.007919,1.949773
2.238162,3.800517
0.364855,2.095373
1.747385,1.317393
0.870487,0.837419
1.830158,1.787333
3.749726,5.354461
1.409867,1.739690
1.971786,2.135214
2.208969,2.825548
3.038946,3.225015
1.612998,1.414329
2.174486,1.183152
2.718072,2.954789
2.349792,0.474926
1.819518,1.276316
2.836734,1.497216
2.254460,3.220585
2.162929,1.780150
1.856276,2.345488
1.656034,1.581007
0.568238,1.538701
1.614703,1.669315
1.273610,1.587877
0.631540,1.531101
3.424815,2.338852
2.119231,3.095369
3.167745,3.562502
1.104704,2.267353
2.515427,1.172217
3.421824,2.239828
2.557324,2.374422
2.273971,3.744633
2.474676,3.820779
0.524467,1.422770
2.429594,2.772045
2.650782,3.561689
2.268733,1.859413
4.298547,1.821041
2.343004,3.455802
2.433528,2.264200
0.529439,2.335108
1.338680,0.366345
2.502508,4.862123
-0.059231,0.129222
2.618662,3.581888
2.150007,2.037026
1.058189,1.392563
3.189317,2.864575
1.172299,1.682551
1.306376,2.239798
2.223921,2.402591
5.148162,4.698512
1.533638,1.143243
2.924491,1.883038
0.856828,1.405291
2.148277,0.422063
2.279009,1.998898
2.550996,1.934968
1.874913,2.724557
2.767930,4.545225
1.602147,1.559815
1.940576,0.488741
2.636186,2.515110
0.840638,0.794142
1.905031,1.315452
0.739763,2.417002
1.178577,1.097121
1.126249,1.703766
1.005306,2.117259
1.107074,0.979915
1.635664,1.252569
2.934151,2.664657
2.896849,1.235268
2.638593,-0.128733
-1.102040,0.399839
2.221327,2.230753
2.032199,1.443038
1.905187,1.761187
1.990912,2.172373
3.117764,3.157333
1.794025,1.922875
1.617986,2.755844
2.192609,2.419935
0.916195,0.836819
1.862462,1.766077
1.057269,0.799544
0.940376,0.836788
2.404627,3.084001
1.953600,2.574101
4.361131,4.366336
2.929659,1.866401
2.765972,2.192269
2.725220,1.357894
1.042991,2.409206
1.352214,2.161203
0.433836,1.670326
0.630013,0.130811
2.230493,3.013958
0.998786,1.774461
0.358148,0.369518
2.121132,1.140743
0.319030,-0.017515
2.440298,2.093548
2.923215,2.193778
3.136439,1.770643
1.705624,3.654587
0.899952,1.825856
0.063440,1.897575
4.149038,2.919155
2.930910,2.461180
2.483790,2.036812
1.792425,1.827721
3.713768,1.538219
3.134469,2.585230
2.778811,1.649143
2.990545,1.859557
2.645508,1.572417
3.389515,2.080831
2.566159,1.699712
1.011777,1.417627
2.459236,1.661751
1.325109,2.015810
1.074577,2.678279
1.145139,2.058746
1.546497,2.222161
2.919232,2.460834
1.526393,1.868492
1.010199,2.110592
3.721288,2.746835
2.163366,1.439002
-1.183093,-0.667373
2.325571,1.810102
2.400762,2.430903
2.131370,1.674671
1.564414,2.908699
0.674967,0.927001
2.892313,3.430817
-0.030939,1.338842
0.652757,2.075180
1.639716,2.267819
2.443436,2.735702
1.143301,0.553878
2.697287,2.794776
1.871721,2.520869
1.533314,3.251754
2.490025,3.743760
3.560370,1.764387
1.921298,1.666690
3.801638,2.120261
1.519322,2.495159
1.465062,1.521769
1.598913,1.571699
3.948625,2.527731
2.256276,2.095622
0.884375,1.641679
1.616081,1.335798
2.989644,3.401715
2.739456,0.350924
3.068085,2.377031
2.299186,1.495826
2.138293,1.927758
2.496025,1.779630
3.093511,2.013244
1.385301,1.956403
1.907055,3.427695
1.507360,3.037546
3.569387,1.542810
1.527414,1.775959
2.291330,1.649098
2.285570,1.774311
1.841026,2.682659
1.535488,2.145439
2.371813,2.029795
3.183963,2.813927
5.171281,4.581059
1.789068,2.352742
2.058845,2.406519
3.916171,3.859334
4.058644,2.850340
1.523958,2.800222
1.669410,1.687641
2.373728,1.660099
2.257415,2.684791
2.903230,3.496284
1.923678,2.749236
2.004211,0.331127
2.931428,2.075900
4.086135,3.053602
-0.418945,0.190565
-0.074969,0.754129
2.833341,2.451569
1.271646,1.709152
3.254989,1.744996
-0.776710,-0.917860
2.225431,2.338765
2.148845,2.271574
0.947745,0.823197
3.087759,2.926115
1.690234,3.114133
0.932019,1.039544
3.720364,2.494472
1.818741,2.155064
2.564518,2.084348
2.525076,2.501682
4.614196,3.512869
1.939290,3.146794
2.614549,2.795017
1.154850,2.452766
0.935327,0.877824
2.743698,2.079865
2.425784,1.991750
1.310390,1.730700
0.857843,2.117127
0.324376,0.449040
1.223667,0.872006
0.442999,1.504508
1.079651,1.173721
3.276079,1.881551
1.268167,2.801180
1.875770,2.660897
1.410960,1.127274
2.314342,-0.594318
3.516749,2.601117
2.541763,2.878026
1.551825,1.945815
1.958831,1.008726
2.856812,3.253131
3.331035,1.760559
0.461240,1.856342
0.557955,0.744963
0.772993,2.142861
2.000144,3.110821
1.304644,2.218356
1.190710,2.486967
2.548412,1.064433
1.216360,0.268829
0.959941,0.869698
0.414160,1.548929
1.373218,1.881753
2.640905,0.627081
2.455555,1.339491
2.423219,1.280276
2.223731,3.828666
1.075903,1.071760
1.963944,1.716028
1.844500,1.168445
1.265939,1.012852
2.352742,2.374455
2.347607,2.676289
2.231108,2.699631
1.306568,0.587247
1.882416,2.343747
2.145303,2.609624
0.977380,2.060641
2.996190,2.053415
2.750246,1.782494
2.092006,0.930255
-0.668415,0.627512
1.555412,2.422806
2.155825,4.679199
2.571390,2.450892
3.364142,3.850429
2.907294,3.008950
3.010227,1.932484
2.583703,2.809492
3.484210,2.735398
0.124348,2.726828
2.045027,1.127765
2.302136,2.333725
1.851082,2.754140
1.357736,2.265589
1.609566,2.935066
2.629776,1.658586
1.026874,-0.798104
2.953280,2.326253
-1.075686,0.731172
0.871550,0.540891
-0.285308,0.083044
1.063817,1.243513
2.168729,1.916950
1.877308,2.485799
1.697731,1.666260
2.176090,-0.790663
1.199555,1.917294
1.039137,0.974265
1.326962,2.312910
0.858880,0.558344
0.929505,2.608079
4.184468,3.494455
0.184280,1.276818
1.771848,1.323251
3.059285,2.468069
0.973607,0.345164
2.289019,1.535311
1.539499,1.000773
2.926210,1.242828
3.393381,3.401054
2.095076,4.200163
4.185419,3.385244
2.168103,1.802970
3.435182,2.477254
3.001292,2.714571
0.270611,0.348548
0.722090,1.229066
2.435349,-0.364615
1.610101,2.917236
1.613901,3.376374
0.949479,0.480348
2.942555,1.928949
3.161539,1.928950
2.356662,0.900615
1.163113,1.791191
2.663736,4.213555
1.180352,1.930050
2.345834,2.968213
1.073819,0.975210
0.244252,0.288317
0.865546,1.158555
2.328590,0.657257
2.046146,1.311170
1.860951,3.605054
2.686781,1.683480
2.961242,1.660792
1.106060,0.410379
0.863559,2.219666
2.167134,2.699156
1.669196,4.114965
1.285374,1.092768
2.726292,2.612295
1.317962,3.270907
2.993943,3.128745
2.074586,1.957176
2.152100,2.036029
0.939410,1.548395
3.154207,0.120217
2.568190,0.912550
0.703022,2.177519
2.933037,2.671256
1.901341,3.136773
1.053539,2.781868
1.520453,1.762903
1.531935,2.349927
3.462208,3.547552
1.697953,2.423371
2.681922,1.643187
2.535054,1.452214
3.303765,4.030887
1.264972,1.732063
1.204147,0.539115
3.274396,3.204366
2.722092,1.879796
2.374954,1.763349
3.810616,3.369439
2.868306,3.099954
2.012327,3.123959
0.271321,0.950702
2.590630,4.095826
0.625991,0.644781
1.130150,0.578475
3.996359,3.236074
1.247921,-0.243158
1.983343,2.017487
2.666010,2.222488
2.218512,1.656349
3.124023,3.339055
0.635651,1.505224
3.326865,2.075638
1.462218,3.030010
1.088913,1.792878
1.018978,1.439745
1.564396,2.226703
3.180225,1.765762
0.754997,1.992735
2.557457,3.379378
0.545537,0.543291
2.646901,2.769920
2.785141,2.168411
2.426716,0.822987
3.240834,3.260125
1.847542,2.191097
0.323750,0.428264
1.969734,0.994201
1.598142,1.071751
1.992572,1.883723
1.760406,0.450430
4.084059,3.870626
1.518105,1.670375
0.714193,1.151566
3.651017,1.325597
1.691539,2.719498
2.325363,2.353683
2.142738,1.127445
0.641701,2.278823
2.714193,1.585129
3.169870,0.945486
1.482096,1.934370
0.645854,0.451859
2.076885,1.215597
3.071268,1.546082
2.321347,2.016038
2.052684,1.429087
2.094511,1.761131
2.246906,2.327268
1.584319,2.345493
2.279423,1.929537
2.513916,1.799252
1.296113,3.327272
2.929731,2.651075
2.459161,2.211989
2.147242,2.426482
2.962469,3.999641
2.073603,0.830731
4.453615,3.476542
0.920009,3.500301
2.433320,0.625731
2.623865,2.570653
2.437678,1.122929
2.475725,1.758085
2.826085,3.085681
0.909282,1.750323
1.751252,1.253882
1.226655,1.535709
2.189849,1.578156
2.393364,2.467251
-0.263615,0.037628
2.945499,2.113110
1.337236,3.514529
1.892331,2.799202
2.194971,2.456156
1.600280,1.028377
1.725784,3.384654
0.751981,1.542654
1.088411,1.547986
0.230601,0.274509
2.225533,0.774620
3.314846,2.114027
2.172899,-0.379642
3.845264,0.851557
2.965391,2.474442
0.602352,0.998980
2.188540,3.254504
1.965773,2.003340
3.536551,2.546537
2.691325,2.737786
1.160503,2.704595
3.020315,0.312750
2.497554,1.047537
3.242640,2.430471
3.262043,1.886893
2.529181,1.118378
0.572631,2.809602
3.293514,3.009004
4.335846,4.034911
1.083071,1.803710
1.488369,2.377633
-1.061100,0.651204
3.178068,1.726964
2.825229,1.878246
2.199718,1.018525
1.644059,2.482073
2.560362,1.614048
1.922072,0.043091
2.304709,2.263049
1.895975,2.076471
1.489047,1.453640
2.522542,2.114953
2.135817,2.923360
2.136525,2.983296
2.244174,1.722919
1.828171,1.100717
1.340953,1.553679
2.252115,2.780750
0.947880,2.105399
0.917655,1.408929
1.752229,4.200816
2.740936,3.690199
2.213568,1.039426
2.147024,2.068271
1.225988,0.512677
3.394886,1.058816
1.032885,-0.037583
1.767591,1.666183
1.679940,2.489802
0.426897,0.678391
1.268240,1.597132
1.350250,0.887334
0.513435,1.623934
1.392569,0.732422
2.026051,2.265518
2.389724,3.984644
1.868668,2.152596
3.163139,1.836262
2.413503,2.632707
1.335898,1.497689
1.868241,1.531215
0.828820,2.311653
0.984863,1.794405
2.496952,0.993797
2.677270,3.132146
1.789552,2.229395
0.185157,0.911193
0.862432,0.957113
2.728002,2.670136
1.917788,3.476083
1.055245,1.575757
1.939670,-0.080386
2.145980,0.835335
2.162137,1.850430
1.312826,1.541013
1.136043,0.534146
1.304777,1.467001
3.875511,2.956895
1.573652,2.685944
2.182154,1.014654
1.112614,3.130421
2.067341,1.740015
1.192444,1.955838
2.143766,2.646341
1.925163,2.644490
1.612058,2.094025
3.068115,2.246829
1.220874,1.141477
1.906350,1.599955
1.525585,0.917775
1.724438,2.510431
1.246060,0.722301
0.146243,0.459485
2.718676,3.087728
2.114653,2.548721
1.999978,2.074251
2.294432,3.284494
3.555618,2.446853
0.880434,2.483279
1.954868,2.655841
0.663118,1.477802
2.815038,1.723991
4.043213,3.780372
1.541829,0.417663
1.868677,0.918524
1.554243,2.262034
2.485897,2.656382
2.006905,2.712054
1.767956,1.824463
0.319276,0.981582
2.640794,2.554930
2.025570,2.105890
-0.371715,-0.000863
4.034543,3.491744
3.838382,3.508584
4.156856,3.285266
3.124903,3.509064
1.848052,2.151014
2.787693,1.393395
0.594165,2.516390
1.858574,1.432649
3.690776,2.782709
1.071097,2.144215
1.374140,2.174027
1.133865,1.640400
2.483293,2.657217
2.726002,2.743431
0.874072,2.552856
2.893507,3.375015
0.337788,1.096635
0.984801,1.572496
1.419348,0.331870
3.203415,3.197081
3.256298,4.486944
1.159505,0.726154
2.357270,2.284923
1.891362,2.018536
1.602870,1.430244
0.960197,1.406145
1.858089,3.193202
3.222368,3.130202
1.524162,0.801088
1.460247,2.003587
2.781474,2.708997
2.411405,1.859667
0.388244,-0.374862
1.326105,0.933304
2.889647,2.992462
0.977614,1.898123
-0.825584,2.119662
2.114594,1.451502
1.740906,1.474693
1.846672,0.549508
-0.479062,0.376986
3.812905,3.103876
0.705081,1.881425
2.745277,3.458303
3.731114,3.641778
1.312697,0.761181
3.231926,3.378140
2.208923,2.838481
3.153034,2.380397
3.665267,3.835212
2.733540,1.545155
1.318630,2.345701
2.052604,2.320771
2.365470,1.161141
0.454369,-0.016480
1.047179,1.816394
1.817495,2.424290
2.495934,1.078294
2.594032,1.981481
3.051885,1.747881
0.223483,1.825476
0.517760,1.788289
2.616591,1.980334
2.352244,2.996309
1.841968,1.764747
0.675898,1.080839
3.066753,2.385844
0.888510,1.930243
0.573787,2.470675
0.363524,0.804560
3.381226,2.071238
1.958876,2.712089
0.209354,0.626801
1.110510,0.865203
1.048988,1.872345
3.921098,3.507660
1.040301,1.314770
4.251274,1.821151
2.352568,2.280983
2.693957,2.837042
1.226113,1.896800
4.697428,3.383143
1.977724,2.549898
1.340376,1.812246
2.495866,2.168233
2.246655,3.014849
2.372148,3.222185
1.842516,1.797472
3.246499,1.890957
2.725887,2.395880
4.150313,3.952958
0.915874,1.483092
2.406259,2.453195
2.407272,2.556033
0.181978,1.150477
1.795421,1.302536
2.193973,0.507096
1.926689,2.510400
1.023834,1.693719
1.842532,1.646807
2.010530,1.057669
2.700645,2.762379
2.762814,0.937199
1.219467,1.992196
0.879698,3.254164
2.771983,2.410896
2.380232,2.304044
2.988089,1.581279
2.522135,2.424514
-0.165096,2.037147
1.231135,0.455756
2.682253,2.522925
0.537239,0.371815
3.400244,2.899067
0.999400,1.689340
1.831685,2.515100
3.916710,4.020539
1.671056,0.838193
3.657514,1.791066
0.983187,0.263033
1.489292,2.093209
0.767460,0.613562
2.380626,2.553694
0.973040,0.802868
3.597320,2.056562
2.625479,3.489870
2.581429,1.973908
2.577523,2.662569
2.343940,2.070808
0.062443,1.600459
3.230523,3.558116
2.796908,2.548657
1.838517,1.625797
1.463931,2.136901
2.068307,1.421471
3.264755,1.825050
1.758482,3.720551
3.282585,2.089206
1.778117,1.667752
1.464866,2.873912
1.789439,1.259446
2.618900,2.116314
1.396527,1.088379
3.577076,3.528757
2.238988,4.423219
2.917225,2.755361
1.920719,1.632061
2.040260,2.462087
0.294504,1.062013
1.242879,0.196260
1.647533,1.802779
1.007830,2.384062
2.393961,1.988457
2.426660,0.648458
2.272219,2.138021
2.268524,3.325583
2.987864,2.851991
1.069393,2.422844
1.541065,2.477219
1.331538,1.454995
3.660837,2.226256
2.179112,1.636415
0.830968,1.576825
2.738734,1.581021
2.066665,1.048715
3.146557,2.167141
1.534849,2.705042
2.225975,1.782756
3.045159,3.597284
2.617091,2.734609
1.887674,2.725851
2.165634,2.106708
0.525861,2.632801
1.274885,1.186279
2.259660,1.734801
3.099096,2.546345
2.342016,2.995385
2.261077,3.594287
1.338458,1.358960
2.278365,1.721083
1.222054,2.310146
3.375647,1.842255
1.228812,1.553178
3.336816,2.603425
3.106272,2.381740
2.413591,2.147044
2.942686,2.184522
2.114287,2.281979
1.694587,2.853254
2.355406,0.764560
1.243666,1.849210
3.124090,1.628893
1.996868,1.989160
3.696984,2.245765
2.192362,1.959285
2.403068,2.319657
3.172443,2.737622
1.713112,1.363142
3.684317,3.211624
2.793216,3.060353
2.553266,0.894491
1.898769,0.786582
0.674097,0.625320
3.650401,2.508415
1.894191,1.502891
1.277315,2.890095
2.575582,2.635545
0.635122,0.905635
3.138664,3.644053
2.303786,3.710594
1.227869,4.197379
1.127521,0.330909
1.605845,2.359490
1.100162,1.542498
0.977083,0.854114
2.491019,2.144155
1.074036,1.439217
1.350124,2.145358
3.621229,3.931298
0.976310,2.645118
2.545203,4.102389
1.690199,2.179189
0.268231,0.828992
1.532125,1.774416
2.432949,2.404460
2.641936,2.597369
3.808456,4.237495
2.273529,1.937326
2.526466,1.092902
0.380587,0.277819
2.609003,1.643607
1.285782,2.672742
0.675651,1.530089
1.706076,1.347533
3.356398,3.155359
1.679873,2.728668
0.925904,2.538216
1.191192,0.734697
2.861840,4.247415
1.505844,0.139632
0.501901,0.884018
1.053451,2.668234
0.509803,1.161134
1.281985,1.898379
2.374011,2.318909
2.947949,2.614910
2.635167,1.999862
2.043564,1.719584
2.376212,0.753892
2.032392,2.163944
2.355209,2.182816
3.194625,3.551102
1.192388,1.685925
0.999671,1.201201
1.507405,1.663495
2.193178,0.615949
1.980414,3.567314
4.200889,4.060711
1.031410,0.938150
2.286039,2.415461
2.290386,2.321236
2.037488,3.146163
0.834112,0.700721
3.462657,2.938813
1.906569,2.412108
3.257546,2.488384
1.088287,2.027196
3.204925,1.871708
-1.235782,-0.452478
1.796716,2.665748
1.674204,2.541361
1.816325,1.907597
2.822055,1.374674
0.792328,-0.149206
3.284245,3.071385
2.858515,2.806803
0.906728,1.902030
1.447239,1.141606
1.753113,2.160992
3.236996,3.807581
2.241885,4.282232
2.442758,2.257883
2.981571,2.351601
-0.439608,0.500762
2.589542,4.093755
1.107228,0.826016
1.741865,1.726921
0.689841,-0.106449
2.087624,1.659478
2.145230,4.336869
2.913202,3.133331
3.707026,3.307956
2.046931,1.222197
1.626335,1.357294
0.314459,1.676220
2.469769,2.546502
1.531449,2.150799
1.892439,2.082650
2.153176,2.268416
0.552909,1.198992
1.031160,1.754230
1.973789,2.292616
2.305384,3.574192
4.453689,4.366540
1.693889,0.330021
1.994164,1.313397
1.846423,2.792363
2.845656,0.811300
2.357941,3.333277
0.737136,2.485272
0.713907,0.371662
-0.180107,-0.155628
3.150515,2.516875
3.150872,4.757891
1.126649,0.111142
2.149550,2.245157
3.709241,1.954139
2.342715,2.021635
2.225016,2.447732
0.913546,0.610453
1.488957,2.215827
1.827310,1.212886
1.642765,2.190305
2.345411,3.608950
1.121598,0.398818
1.511138,2.153416
2.231709,2.713323
2.592576,1.124657
2.152426,1.052283
1.522232,0.851021
1.453538,2.825817
2.109858,1.030384
3.178595,2.579292
1.479078,1.837378
3.313753,2.146543
1.847072,1.665212
0.113494,0.150098
1.014003,-0.156381
3.922485,2.802400
0.092133,1.848234
2.907670,2.447104
3.918187,2.106547
1.266327,1.489347
2.690945,1.290889
0.831434,0.328077
2.265147,0.810585
2.019312,2.310687
1.639420,1.794069
2.136991,1.006471
1.772191,1.885949
1.763193,1.835538
3.761534,2.443735
3.508845,4.326380
0.861452,1.705003
2.800872,0.667752
2.803950,2.974365
1.994012,1.771264
1.674682,1.686334
2.214942,1.575877
1.364939,0.934168
3.537875,2.766876
1.804779,2.798782
2.129679,1.943531
2.688633,3.474116
2.614621,2.514593
0.463742,0.972506
4.294864,2.525354
2.662065,1.449324
1.417211,1.459474
2.210144,1.503401
-0.929379,1.913214
2.064742,2.417781
2.045478,1.785791
3.263078,2.178110
2.780836,3.186076
3.739198,1.160905
1.633872,1.595611
0.647186,1.020308
4.395407,2.165731
2.935635,2.310528
1.187636,1.178765
1.680613,0.355780
0.803562,1.524551
3.086533,4.409151
1.723040,2.115085
2.111398,3.386646
2.610932,3.443024
1.776417,0.802249
0.166584,0.398112
2.197273,0.670152
0.778270,-0.446286
1.609808,0.615036
2.141683,2.930437
1.745755,0.474471
0.533133,1.578114
2.012968,3.611615
3.574062,2.949289
2.011955,1.158388
1.650988,1.892064
1.745811,2.578211
2.081996,2.313537
0.611783,1.402469
1.893879,0.744699
1.984766,1.106267
3.145591,3.073885
2.387834,3.178451
2.245905,0.343278
3.447224,1.987438
2.173061,2.628237
2.504707,1.914948
2.026443,-0.278414
1.200982,0.656693
2.331326,1.803963
1.279309,0.048330
1.726117,2.253555
3.855118,2.935220
2.571659,1.684994
2.881255,2.531392
1.608805,1.266087
1.564934,0.567177
2.121024,4.047369
3.225264,1.914352
2.971111,4.046215
2.422433,2.168724
1.631401,2.644344
0.983451,3.327504
1.353268,2.415052
1.320865,1.284418
2.342350,2.674314
1.844535,1.271949
1.237844,2.474049
-0.219812,0.634557
0.701490,0.072116
0.722892,2.061412
3.019042,2.533452
0.982480,0.007381
2.397462,3.925443
0.747513,1.179633
2.258849,1.820324
0.965922,2.545729
0.709916,2.876875
2.787481,2.767800
2.865649,1.780508
1.923910,2.341239
0.460777,2.631229
1.022691,2.172828
1.103733,2.781789
-0.342661,0.188425
3.134070,2.585265
1.527589,1.984087
1.165047,1.625245
2.312050,1.675852
0.725110,2.580098
0.849364,1.384068
1.293901,0.922837
2.814063,2.066278
2.319504,1.897498
1.191265,0.715942
1.723889,3.666466
2.314138,2.467667
2.177490,1.040796
0.611480,1.248599
0.990011,0.310789
1.894477,1.933832
2.498773,1.044158
2.617245,1.190781
2.753998,0.625349
3.194247,4.012796
2.967505,1.979647
0.735602,1.063229
1.327869,1.161627
-0.018370,-0.622883
0.519906,0.458540
3.191424,3.674272
2.253069,1.201747
2.811014,2.786317
2.932441,0.461778
1.335219,0.840721
2.682794,3.623860
1.412371,2.628537
1.621479,1.619965
1.890912,2.373624
2.784415,1.931842
1.544047,1.399559
1.426240,2.515619
2.091103,2.106137
2.303942,2.734682
1.246653,2.147428
2.730449,2.272632
1.187882,1.440095
2.131531,3.438085
3.078759,3.863044
2.152812,4.038600
2.761537,3.913788
2.253999,1.887396
1.523492,2.155392
3.191128,2.375340
2.291097,0.583754
0.985614,4.026301
2.264422,3.412225
2.252926,2.761971
0.868833,1.997790
1.178983,3.167867
2.393270,2.627491
2.348568,1.226600
2.166816,2.328329
1.153766,3.594690
2.136557,3.315982
1.265215,1.251353
3.133421,2.365165
3.341443,1.555702
3.610265,2.127788
0.525207,1.143669
1.024910,1.613742
1.125062,2.585742
2.475601,2.582271
2.013633,0.692423
-0.696008,-0.667442
1.248595,2.505473
1.188586,1.226664
2.639379,1.135230
2.223308,2.740519
1.004995,2.226160
2.798000,1.410714
0.366800,1.802889
1.303914,1.140281
-0.618920,2.809990
2.556144,1.244407
2.195000,2.820476
3.305100,3.474503
0.903058,2.438180
0.433046,1.297630
3.412408,4.333462
1.261035,1.516980
3.886803,3.110029
4.018002,2.002994
2.401436,1.603614
-0.189195,-0.357967
1.664126,0.095027
2.410622,2.507520
2.997585,2.575384
2.305705,2.071797
0.204307,0.582533
1.314904,1.854559
1.510893,1.428007
2.194366,2.361183
0.435059,1.561297
1.824269,2.592113
2.151580,2.185451
2.500906,2.319261
0.792164,0.884585
2.606451,1.159233
2.388471,2.147156
2.707227,2.728892
2.331685,2.411681
2.372652,1.416898
2.306599,2.383973
0.846007,1.102726
2.373750,2.772755
0.062866,0.979573
1.163033,1.888623
0.215150,1.290777
0.974850,2.043492
3.687870,2.185605
1.829608,1.898289
2.058114,2.883966
3.880673,3.345901
3.238135,1.601833
1.385126,0.025924
2.055528,2.963507
1.994596,0.886421
1.264055,1.553839
-0.222438,0.181502
2.550570,1.694068
3.057418,2.231649
0.803609,0.821579
0.753358,2.267605
3.403053,4.681927
1.734501,2.169549
3.094980,2.339856
0.384348,2.768946
0.498344,1.763867
2.466380,1.866176
2.920334,2.432060
4.140221,3.415302
2.572959,2.397601
1.704676,2.067126
2.303647,1.722204
3.987973,3.412664
2.609134,3.075200
0.743248,1.681820
1.411223,1.277697
2.825578,2.078475
2.809606,3.801459
2.774474,1.528134
3.149249,2.282276
1.429006,2.496474
3.427635,1.175101
2.241932,2.085738
2.508517,1.881056
1.778622,1.844763
1.815183,2.227824
2.615539,2.128953
0.525100,1.084456
0.670791,1.896896
1.080325,2.008713
3.265676,3.469830
1.319397,2.997081
1.511858,0.881413
1.593310,1.760991
2.115959,1.097116
1.802292,1.574141
2.117584,1.393199
1.919759,3.093601
3.399544,2.421790
2.430616,1.658725
2.713919,2.818995
3.807406,2.799444
-0.008636,0.450839
2.437435,2.855650
1.011470,2.005885
1.621872,2.598369
4.293501,3.237192
1.693266,2.022900
2.659917,2.919337
2.678741,2.401782
0.658051,1.566989
3.392105,2.334854
2.369460,2.342713
2.049436,3.090078
1.496109,1.902194
2.513209,3.680500
4.025310,4.859366
1.407063,0.974662
0.929176,0.866079
1.776168,2.115697
-1.431872,-0.087438
1.849205,0.936400
2.282210,1.469086
1.217798,1.358265
2.933302,3.014427
2.660009,2.811225
2.730239,2.757727
1.376600,1.323548
2.236881,2.440157
1.949814,0.842631
1.115495,2.433036
1.474321,1.532076
1.219723,1.672219
2.359328,0.335396
2.842918,3.847747
3.102841,3.504379
2.802979,1.806789
1.596678,1.797711
0.484795,-0.140016
0.576617,0.929040
2.172839,2.972085
1.492134,1.527978
2.067875,1.470888
2.335432,3.094874
2.233979,2.153896
1.625023,1.890312
2.594707,3.880959
1.996380,1.793727
1.508605,1.745148
1.066712,1.604696
0.702830,2.053824
1.315002,1.154516
2.138562,3.806360
2.442428,1.969321
3.334813,3.673286
2.628618,1.113503
1.856549,1.358357
-0.045201,-0.614562
2.814277,1.939500
1.079714,0.706939
2.274317,2.981272
2.882865,3.507976
0.173959,0.740567
1.012534,1.882594
-0.085598,1.124296
1.167289,2.071181
2.379095,3.155389
3.054348,2.687326
4.468862,4.870292
2.002037,3.113182
1.100035,2.224131
2.419229,3.457615
-0.205804,0.558354
1.230739,1.400337
2.073780,2.834973
3.513184,3.095428
3.885608,3.181952
1.191276,1.696669
1.870707,2.041108
3.819488,3.446926
2.919598,2.260538
1.911003,1.050496
3.567204,1.480134
2.798637,1.710799
2.406962,1.455854
1.981807,1.837121
0.303360,0.800578
4.225618,2.960729
2.417112,1.487264
3.895909,5.245456
1.115779,1.636756
2.312119,2.739796
2.507565,2.712423
2.039104,3.555393
2.743723,3.976007
2.211031,1.721564
1.488697,2.222045
0.659791,0.972934
2.743550,2.799180
-0.247228,1.100450
0.815144,1.610831
0.814881,1.973636
3.072995,1.717909
2.349032,1.531450
3.273814,2.553535
-0.220407,-0.084283
2.297760,1.075397
4.006263,3.187211
0.587348,0.921624
1.112318,1.850884
1.818141,3.206106
1.844911,3.251144
2.511478,0.722433
3.540264,1.755326
1.004936,0.980200
3.741928,4.117675
3.207101,1.723295
0.493196,0.600482
2.453831,2.054407
3.962813,2.658264
1.124171,0.650288
3.003054,0.958724
2.836595,3.446407
0.796204,2.549580
0.952321,0.721610
1.748712,1.432108
-0.354025,0.794990
1.752851,1.953246
0.458934,1.038512
1.747013,-0.446635
1.858282,1.342847
-0.294267,1.252131
1.203748,2.739379
0.418574,0.492981
-0.125087,-0.156428
1.752844,2.618717
2.263722,2.349062
0.769785,0.789003
3.284269,3.651588
2.170372,3.035644
0.661382,2.132782
0.668932,1.759176
2.177462,2.981448
0.639596,-0.049054
0.716056,0.166706
2.589729,2.885929
0.924128,1.835878
2.615641,3.050181
3.338169,1.849247
3.179759,2.428859
0.972179,2.124392
3.099854,3.451815
2.704508,3.333593
3.064965,2.013636
1.600932,1.014009
3.383627,1.163638
0.769808,1.590717
2.759064,1.231483
1.285787,0.619524
1.236594,3.548638
2.238262,2.980472
1.318128,1.708300
1.567586,1.943975
1.790452,1.738533
1.347521,0.034860
0.704220,1.526562
0.836679,1.953658
3.014680,1.145706
2.558204,1.567010
3.255019,2.012599
2.711705,2.115081
3.708925,4.409147
-0.225974,0.380263
2.203110,2.148364
2.319564,2.409605
2.452574,1.611526
1.286153,-0.201001
1.428505,1.327308
0.183399,0.524264
2.435541,2.187834
2.536835,1.394044
3.556600,1.771657
2.752368,2.846275
2.729706,0.750376
1.837124,2.400534
2.457980,1.824192
2.627324,2.086560
2.464513,2.638337
0.373333,-0.370367
2.301369,2.249671
2.046148,3.144384
4.318777,3.787717
1.438367,1.144272
2.490489,2.931246
1.109766,1.320401
2.465776,2.921979
1.975591,2.720778
2.018249,-0.587328
2.771680,1.035946
0.119411,-0.348713
1.371280,1.335963
3.156518,2.234465
0.148793,1.104731
0.289080,0.344533
1.884250,1.617059
2.769564,1.727677
2.321868,1.532622
1.532291,1.702301
0.913295,2.588425
1.654301,2.411028
-0.429968,0.876649
1.154670,0.847982
2.460261,1.141985
1.430697,1.705158
1.466150,2.493345
2.228532,3.863395
1.254366,1.183732
1.888498,2.369109
0.632100,0.733708
1.866206,1.884325
0.641163,0.272280
1.293837,2.757272
1.304155,2.441214
2.891838,2.686545
1.052612,0.376273
2.002686,2.259371
3.063538,2.649728
1.879113,1.925795
0.120454,1.661911
2.685757,2.797026
0.657910,2.174258
1.232312,1.523226
1.085873,1.759642
2.707025,2.899824
0.840008,0.632651
2.009154,1.766638
3.993566,4.014156
1.994887,1.482394
3.440248,2.559642
0.351932,2.324456
1.474951,0.130605
1.591452,0.928290
2.735246,2.273270
0.908901,1.868155
2.125433,2.044362
1.313939,1.881933
1.623545,0.339173
2.516668,1.448644
2.157205,1.931030
2.440358,1.640615
4.335250,2.240812
2.329106,1.898105
1.924105,3.246653
2.035878,3.452712
1.569160,-0.381740
2.119844,1.720147
5.244017,3.799376
0.319286,2.338485
1.056442,1.380074
1.177143,2.859806
0.432992,-0.153851
4.781133,2.682945
0.878747,0.831688
2.736633,0.945982
2.800021,2.504540
2.019303,1.620711
3.290634,2.506067
0.831169,1.075954
1.919294,1.020420
4.819638,4.296534
2.575966,2.924978
-1.193103,-0.497937
-0.653796,-0.085026
2.371539,2.719456
-0.456860,1.372703
2.371665,2.624849
2.825447,3.650116
0.634856,0.674655
2.397906,2.758037
1.597898,1.679042
1.932136,1.758321
0.769364,1.505591
3.356688,2.346097
1.851876,2.588713
2.193354,1.550203
1.938924,1.608113
1.070947,1.404006
2.157280,2.388798
1.145950,0.576320
1.686519,1.616059
1.957504,1.302939
1.350535,2.458358
3.476174,2.146769
3.703765,2.533102
2.187365,0.781505
1.948840,2.567130
1.831942,1.446383
1.781083,1.888228
2.299616,2.088781
-0.340592,0.468719
0.100175,-0.396788
2.739646,1.407520
1.750149,3.652062
1.492454,3.411736
3.603518,2.550049
2.327390,2.263640
0.975198,1.425968
2.427197,2.293882
2.733643,1.818990
2.255057,3.282940
2.774558,4.391917
2.683296,1.910787
0.616741,2.101958
0.781176,1.283028
1.916997,0.200500
2.907504,1.996333
1.131171,0.747693
0.999928,1.535785
3.040259,2.453301
1.267262,0.491780
2.283132,1.500591
2.294972,2.248810
3.158206,2.197759
2.174449,1.329711
3.171577,2.232523
1.595620,2.539321
1.058267,0.332349
0.640129,-0.364576
1.422468,0.700771
3.126620,2.381864
1.755435,2.335407
1.891870,0.947885
3.315389,2.398751
2.201514,1.991358
2.688074,2.957678
0.292916,-0.211800
2.095601,2.655263
2.149467,2.818431
1.706216,3.538336
2.011428,1.391405
2.766722,2.252922
1.445539,0.176788
2.859285,2.297624
2.149141,1.878031
3.491353,3.091530
2.400262,1.772165
0.945531,1.864939
1.952614,2.183156
4.082081,3.660978
1.341517,0.918081
1.499643,3.777332
0.190845,0.658420
2.126642,-0.099293
2.917018,2.447061
2.449337,1.959393
4.015375,4.401400
0.728232,2.330131
3.117777,2.247614
4.467718,4.174151
1.525498,0.913730
0.272020,0.015425
2.554252,1.191149
2.740920,0.761600
1.037026,1.761454
1.332803,0.312835
1.579041,2.142857
2.049623,1.184323
3.898037,4.244997
2.415404,1.848733
1.360864,1.315944
4.108183,2.176730
1.781205,4.174217
1.279751,1.468363
2.281019,2.033627
1.234476,0.743881
1.674586,1.326158
-0.051369,0.690919
1.213521,0.629111
1.239916,0.927339
1.087183,2.722231
2.801446,3.004694
1.360674,1.880679
1.347259,3.433523
2.392001,3.850887
-0.002722,1.898167
3.809861,2.941029
1.646459,-0.230580
3.635388,3.147080
1.037616,2.629841
2.464565,1.856325
1.495530,1.965127
1.706868,1.528882
4.151962,3.234346
0.676475,0.863544
1.720228,2.838397
3.091384,2.866036
2.101386,1.660009
2.006584,1.818890
3.121128,3.302606
3.067579,3.233194
0.950475,0.669452
3.078028,2.951040
2.423254,3.017763
1.273280,2.983044
1.069362,0.916281
1.576883,1.183646
2.151310,1.789875
0.619736,2.052724
0.847382,1.769319
0.925002,1.476258
2.136165,3.837137
0.554274,0.320395
2.014828,2.627240
1.623955,1.422009
2.929703,3.235405
1.159531,1.885353
1.833061,1.561946
1.106245,1.172093
2.492962,2.312308
3.603174,3.420933
1.233905,1.573688
0.814554,0.551579
1.181604,1.974345
-0.101356,0.043409
2.480328,3.328257
0.545507,0.222958
0.657238,1.885966
1.056416,1.181975
2.645536,2.564256
1.148729,2.056952
1.900749,1.520841
1.088985,1.949070
2.089342,1.253154
1.683192,2.631013
4.244318,2.151140
0.438254,0.949670
2.012965,0.936148
1.223658,1.498906
2.659926,4.084210
2.060618,1.664534
3.334960,1.319738
1.355227,1.617084
1.528836,2.807321
3.496843,2.900071
2.875526,2.596731
1.726562,2.156576
2.739166,1.861810
-0.665945,1.745695
2.254300,1.497520
1.445598,-0.001159
2.637981,1.941864
3.144199,2.864175
2.742068,2.754722
2.287130,1.665798
2.436298,2.205449
1.372867,1.224438
0.992881,1.578694
0.811117,2.198963
3.206012,2.732829
0.601597,0.344280
4.539453,4.336484
3.191695,0.574582
1.201634,0.487922
1.828447,1.602465
3.650999,2.580491
2.266970,3.352641
2.388705,1.866839
2.211320,3.407470
0.139593,1.324336
1.428622,1.718452
3.175943,2.930123
3.504996,1.679484
1.432489,0.736659
0.523411,1.405157
1.211426,1.824310
1.603952,3.461803
1.811686,2.113618
3.027699,2.096534
1.477893,1.695406
3.402813,1.964386
2.501719,3.697853
2.700548,2.361639
1.305044,0.182893
3.013979,2.245213
-0.397980,1.595403
0.957435,1.740820
1.528938,3.476266
1.341613,2.194723
2.225404,1.957371
0.289901,0.829625
0.615408,0.870736
3.026378,2.443036
2.224080,1.597579
2.358381,3.559798
2.402775,2.540968
2.037617,1.449464
1.302142,0.185000
1.650367,1.896485
2.695442,1.398530
0.874095,1.617605
2.231316,2.938803
2.315626,1.035014
2.170383,3.308665
2.014189,1.449886
3.001159,2.485765
2.807912,1.961949
2.938405,4.078419
1.796034,0.522779
2.333070,1.430832
2.398907,2.054141
1.369042,3.371989
2.785465,1.977201
2.138526,3.182303
3.812074,3.049451
0.625022,0.869008
0.767717,2.899864
2.140749,1.432563
2.812002,1.676570
0.625046,1.199607
0.419737,1.632721
2.831093,1.886341
2.481165,1.608404
1.291095,2.423192
2.070616,2.220611
1.679909,2.482636
3.676540,1.480093
1.098298,2.086133
1.933544,1.293313
2.735701,3.230198
1.940372,1.814579
0.895100,-0.051700
0.446881,0.478665
3.679252,3.500049
1.351580,0.986525
3.359453,3.194938
2.496426,2.988240
1.858351,0.802081
2.232923,2.989565
3.284860,2.202702
2.844757,3.196796
2.074285,1.390239
1.232030,2.759162
3.819432,1.867690
1.661094,1.550692
2.288860,2.940940
2.377349,0.169071
1.406408,3.723924
1.156705,1.832808
0.975709,0.992778
0.951020,1.669082
1.694182,1.372170
2.145173,1.556812
2.573148,1.404657
2.825856,2.543544
3.069782,2.564764
1.940833,2.343095
1.409811,0.946027
0.374460,1.313071
1.486617,1.640267
1.130108,2.317159
0.272876,1.607822
1.686726,2.241693
1.148313,0.524597
2.267739,2.283775
0.763339,1.678511
2.954239,1.445629
2.245957,1.327640
3.922258,2.658387
1.036827,2.397864
1.860626,2.072007
1.747810,0.203355
1.555309,1.543719
1.751522,1.268038
2.638100,2.778609
0.141303,1.002213
3.110161,1.769189
2.798663,4.114763
2.989882,2.664369
1.662748,0.048847
0.834481,0.580841
3.118378,2.871027
2.405377,2.846197
3.517120,1.605478
2.869285,1.512740
2.416619,1.229489
2.331338,2.513925
2.058780,2.309210
1.989821,0.831887
3.720522,0.391018
1.936210,1.635396
2.693833,3.009552
1.222423,0.746405
2.735721,2.900746
3.486860,2.826479
0.910279,0.972458
4.526162,2.729170
1.428434,2.290825
3.176045,3.625758
-0.096041,1.791818
1.459751,1.966554
2.797516,4.897268
2.965125,2.031654
1.465178,2.976852
0.025072,0.150480
1.114032,1.157236
2.160385,3.637129
1.771013,3.306544
0.568412,1.182448
-0.700112,1.532234
2.556162,1.747368
2.492164,4.736846
1.813257,2.948294
1.872813,3.411079
3.202179,2.010460
2.446460,1.914684
1.509287,1.457892
1.601905,1.310883
2.867780,2.284220
0.116446,0.341617
3.978093,3.457884
0.993412,2.838811
1.569980,0.648262
-0.078777,-0.109938
1.498151,0.343142
4.781086,3.372654
3.758827,5.870916
2.276531,1.351887
1.513349,1.702683
0.857490,2.067022
2.690999,1.811159
0.881959,1.684292
0.823983,3.001537
2.829094,1.929236
1.975391,1.300453
1.987374,1.154366
1.401200,3.292040
2.750675,1.951823
1.511683,0.460641
2.311826,2.888387
0.577074,1.797550
2.349109,2.945117
2.706489,2.100834
1.232764,0.683210
1.681278,1.836857
2.444254,3.410347
2.507928,0.521637
2.146233,1.373260
1.772605,0.327205
2.127706,2.489730
1.571461,2.334419
2.489035,4.140949
0.865352,2.225070
1.248691,1.237081
3.393925,2.830372
-0.069321,1.316117
3.945741,1.127437
2.328046,2.040343
1.952040,2.480579
0.746028,1.736327
2.514390,0.713619
1.143443,3.447533
1.492009,1.859829
1.480986,1.896366
4.183598,3.944074
1.392068,2.673564
2.781970,1.135458
2.029444,1.225620
3.470847,2.636688
0.900797,2.159558
1.265759,1.897782
1.539667,1.640994
2.605828,0.187053
2.426257,1.381332
1.066474,0.919319
2.725734,1.220662
0.805735,1.433063
1.924180,1.111158
2.558192,2.781791
2.384007,2.818900
4.115177,3.627633
0.224223,0.663709
0.862939,2.848166
4.430651,3.615340
1.918251,2.776602
1.674663,0.808656
1.337404,0.934089
1.467011,0.434368
2.351875,1.861707
1.346841,0.824060
1.783356,2.290167
1.084316,1.971269
2.026285,1.608036
2.290012,2.315684
1.857432,1.710261
2.741996,1.224742
1.331497,1.512610
1.132275,1.132435
3.684720,3.326273
1.801693,2.544596
3.772320,3.813499
1.885888,1.224400
2.248889,1.621852
2.836039,2.427619
2.273668,2.957286
3.087942,2.185032
-0.011441,0.949299
3.994502,3.229734
1.628143,1.951898
2.711522,3.870087
1.044384,1.526286
0.598894,1.051184
0.832678,2.390357
1.467070,0.625562
1.783771,1.119503
1.325083,1.801696
3.259041,3.137195
1.988426,1.552136
1.324504,2.130402
1.914195,2.138794
0.565321,1.038518
2.305121,1.347041
1.253799,1.583949
0.864810,0.911688
4.422993,2.722872
1.647979,1.077785
1.564632,1.678864
2.192668,2.096307
2.757338,2.741560
2.692314,2.320058
2.393635,2.166942
1.266270,1.136479
0.344520,1.882375
0.992362,1.526830
1.284276,2.149634
1.430326,2.414896
1.648089,1.288249
1.178430,1.269910
2.330013,1.853813
1.357992,2.354455
1.053458,1.406852
0.844845,2.116542
2.687585,1.572165
1.138078,0.608299
3.495949,1.699751
2.315981,0.694528
2.355625,2.943862
1.700650,1.048946
2.552477,1.679883
2.341818,2.608033
2.556546,2.312331
2.701995,3.834951
1.161817,1.954722
1.295065,0.469852
3.257796,1.362962
-0.644893,-0.794479
1.719516,0.481355
0.208307,2.065898
2.557645,1.546764
3.233582,1.006820
1.622327,2.443294
2.173037,1.888897
1.241100,1.845125
3.393109,3.481932
0.557883,-0.777133
1.103102,3.044848
1.300455,0.787058
1.822537,1.820426
2.684975,2.610723
2.186083,2.298832
3.286428,2.009810
1.178191,2.893309
2.094607,1.763013
1.426102,1.267783
0.384192,0.380280
1.770654,1.016050
1.426765,1.701859
2.299815,1.798057
2.411374,2.693727
1.518904,1.391741
1.770176,1.732261
2.014896,1.814451
0.635415,3.333456
1.407468,2.052765
1.752069,1.489252
1.024954,0.733791
1.253399,0.919192
2.648662,3.014059
2.688851,3.224491
3.193676,2.874668
1.827831,4.651998
3.427464,3.437278
0.491676,1.528062
1.421330,1.104102
0.373227,1.286618
1.695853,1.936434
2.718031,1.808379
0.272492,1.584700
2.842554,2.688768
2.140536,2.107880
1.470888,2.417750
3.070283,2.223936
1.160378,0.697734
3.336386,2.851256
1.508353,3.063315
0.625317,1.772837
0.816760,1.763004
2.695198,2.496596
2.962536,2.752048
1.340256,1.474839
1.434932,0.293516
2.190932,0.942629
1.548274,2.288607
1.910201,2.461328
3.662998,1.999308
0.645593,2.389603
2.251503,3.473697
2.630240,1.294548
2.972020,2.987805
3.006731,1.693818
3.890441,3.043721
1.835357,1.828956
2.333141,2.535028
0.902247,1.296374
1.641020,2.569092
2.943715,2.718795
2.792624,1.555671
3.401102,1.326142
0.812712,-0.124702
0.607343,0.645427
1.755213,1.266413
1.494683,2.145172
1.037094,1.811867
2.559165,2.078806
3.118988,3.642207
0.254642,1.870623
2.118953,1.352473
2.948895,3.990562
3.725923,3.385319
2.228983,2.159528
1.899920,2.038068
4.084438,4.099094
3.564760,4.296978
3.559271,1.402234
2.990160,2.420084
0.870505,1.067143
1.111091,2.292313
1.706169,2.460357
2.050994,0.764524
1.434510,0.014208
1.964074,0.447001
0.548356,2.410271
2.312623,2.056267
1.636042,1.306645
0.329228,0.521421
2.547418,2.007132
3.121835,2.494080
2.547512,2.059873
1.520576,3.619417
2.818772,2.965405
1.171808,1.801916
2.171107,1.930404
1.475688,1.742209
3.005204,1.443326
2.978509,1.831959
2.561165,2.594389
0.799099,2.579552
2.078095,2.852720
1.087032,2.383030
2.005212,0.996731
3.336571,3.647832
2.947809,1.967495
3.017267,3.178242
0.898623,0.489951
1.539944,1.437678
2.749232,3.484043
2.937218,2.958844
1.849227,2.742304
2.720951,3.111821
2.982838,2.471733
4.102126,6.194225
1.906877,1.139530
3.221805,2.726156
2.325207,0.433122
1.237295,3.007937
2.941834,3.022219
-0.224198,0.407954
1.637629,2.144265
1.697344,2.996975
3.325421,1.366239
2.822246,1.855511
2.373063,2.113979
0.615355,1.310647
1.773478,1.770533
4.007586,1.826410
1.504680,2.299321
2.361247,1.826393
1.639395,1.556063
-0.076261,1.156467
0.790175,1.547909
2.785821,3.448815
1.370880,1.977305
1.347006,1.799769
-0.300926,-0.377112
1.424603,0.953613
0.845624,1.784944
0.849774,2.519021
3.009416,2.522195
1.375670,2.256477
1.201730,2.487489
3.143329,2.002751
1.771743,1.694563
1.543567,1.516165
2.331935,2.256997
2.127507,1.822525
2.377714,1.974121
1.161096,1.355117
-0.034757,0.125947
1.141719,3.812394
1.146727,2.136851
1.175718,1.798729
2.087152,0.985068
2.344141,1.019280
2.513811,1.788194
1.523359,1.857485
1.439667,1.726964
2.656028,2.395024
0.668985,1.736842
3.758607,2.227679
2.106901,3.152108
1.410236,0.485524
0.816647,2.651078
0.929578,2.351081
1.590177,0.679978
2.147151,2.181906
1.451653,2.367982
3.114169,0.177968
4.230643,2.043263
1.727885,1.968373
2.234184,1.275256
1.058043,1.774305
3.820010,2.353972
1.104223,2.896005
0.246277,0.809682
2.188774,3.075617
2.775564,2.008057
3.805539,3.907921
2.497266,2.593696
3.906389,4.076216
3.561443,4.649383
1.687361,1.408697
2.001707,1.023633
1.539934,2.334708
4.903345,4.456121
2.117757,1.921464
1.300063,0.176162
3.495874,1.580005
0.815198,0.568908
2.405915,2.353432
1.275322,1.622685
-0.520103,-0.066167
2.683593,2.122236
3.091058,1.589221
1.573743,2.357211
2.934878,2.127498
1.400395,-0.026089
4.367234,3.214332
3.140941,3.527167
2.422223,2.202536
1.347197,0.655862
0.573091,2.084414
2.026104,2.763127
1.747371,2.671470
4.183706,2.538193
2.783310,1.894385
2.557247,2.337720
1.580280,1.172620
2.889242,2.537728
3.133102,2.199097
3.362174,3.431653
2.009374,2.975653
3.524524,2.982440
0.899781,-0.039828
2.812766,1.596922
2.394117,3.941428
1.785036,1.918715
3.289682,3.648424
0.422905,1.572382
1.985949,0.856464
1.395035,2.062620
4.114674,2.993394
0.792810,1.668856
2.943602,3.738623
1.526960,2.307969
2.226920,2.872103
1.444890,1.093555
2.308887,1.660365
0.629775,0.509503
3.156409,2.440584
1.513548,2.266879
2.233030,4.080690
1.499451,1.965907
2.074539,2.093798
1.619519,2.637315
1.623341,2.390391
2.277903,2.473543
2.087951,3.304480
2.884536,2.559557
2.449739,2.095788
1.532629,1.215971
1.202063,0.383588
2.241208,1.465422
1.643402,1.627452
1.540050,2.728525
2.273419,2.859934
2.609596,2.722281
3.366657,2.704140
1.163813,2.978463
1.085367,2.740035
2.002737,1.615652
0.448369,0.885387
2.321327,2.791899
3.247912,1.258877
0.641956,1.736890
0.197224,0.619367
1.797906,2.632896
0.444893,2.083175
2.121438,1.955859
2.350949,2.888411
2.952790,3.728878
1.198385,1.783455
1.113804,2.646783
1.548370,0.941293
2.950081,2.070407
2.022644,1.022505
0.400268,1.723242
2.854025,2.668476
1.543614,2.427597
1.449014,-0.236478
2.408561,2.142544
3.455571,2.970461
1.768881,1.490202
1.900640,4.774723
1.713636,1.825330
2.820479,3.081185
3.086475,1.197952
2.529405,3.324331
0.132849,0.500014
1.122580,0.966824
1.529462,2.620441
-0.090556,1.210541
2.956977,2.890018
1.889496,1.629818
1.253817,2.074394
0.288606,1.974476
2.967321,1.603288
0.747854,2.631665
2.069650,2.756497
1.301745,1.493187
2.455718,1.532288
4.531903,3.420052
1.789302,2.886725
2.348824,1.829799
2.443213,3.100019
0.291910,1.355346
2.212865,0.737253
1.330907,3.278211
1.797114,0.259611
1.866594,2.229692
3.814651,1.505447
2.308295,1.520537
2.856167,2.501487
2.120308,2.111225
2.875662,2.655453
3.366454,3.677493
4.618352,4.328862
1.733632,0.674291
0.801687,1.957420
4.940407,4.789044
4.549597,4.431389
3.247482,0.764938
0.190033,0.476049
2.002586,3.467966
4.169632,2.940461
3.090864,4.891909
1.382479,2.041880
1.452441,2.026209
1.796922,2.067843
2.211109,1.602517
1.903581,2.177176
2.643148,1.165376
2.623372,3.706213
1.973502,2.558227
3.682377,2.209231
2.841859,2.619294
1.929062,3.222995
0.920059,2.768998
2.856048,0.443497
1.840217,0.330665
2.187694,1.413010
-0.575441,0.864157
2.706114,2.578757
1.356465,2.219879
2.487201,1.462306
2.623665,2.619183
0.717010,1.144848
2.345611,2.993983
1.889935,2.780343
-0.009042,-0.367868
1.678486,0.933093
2.082442,2.112004
0.936228,3.399242
1.972092,2.558943
3.455506,3.887503
1.274750,0.747153
4.193242,4.154590
1.623081,2.347156
0.448534,0.068480
3.325026,2.158108
1.588782,2.068136
2.083210,2.861893
1.575350,1.618581
3.022446,2.540582
3.986336,4.222123
1.882948,2.071427
1.370336,1.756158
2.071261,2.119929
3.508034,2.924313
2.324218,1.588364
1.584404,0.925772
1.754391,1.870957
0.903309,1.804100
2.451953,0.345947
0.202183,1.729491
2.299208,2.535855
3.745672,1.797294
2.909816,2.369677
2.786767,1.827853
2.640668,2.629662
2.395274,2.938798
0.219471,2.599858
0.903581,1.146684
2.390291,2.684038
1.973816,1.460503
2.020318,0.622220
1.933727,2.489586
2.352432,2.145678
2.537127,1.701525
1.492391,0.474353
1.517642,1.931290
2.784979,2.858083
2.092243,3.483286
3.313163,2.659266
3.739059,2.381361
0.350580,0.893354
2.206791,1.550214
1.626096,0.801874
1.748944,0.876433
2.179019,2.937301
0.953167,1.550640
3.132408,2.685681
2.288762,1.439481
2.013685,-0.388262
2.929191,2.419625
5.161042,3.764813
1.443342,1.473625
-0.134989,1.410237
1.468352,1.781590
3.270443,0.615361
3.157386,3.258062
1.321671,1.611341
2.304194,3.241600
0.247171,1.185161
1.422595,0.863369
0.995334,1.141093
1.374264,1.739696
2.535212,1.675210
1.577752,2.564513
1.935656,2.829003
1.511147,1.212209
0.975037,0.619490
0.475631,0.909758
2.457641,1.569840
2.178315,1.974556
3.198524,2.980909
2.403118,2.989110
1.482186,0.255270
0.581374,0.452822
2.465516,3.223271
2.427509,2.345773
2.758484,1.941746
1.516151,1.229849
2.968647,3.519707
3.620695,2.467435
1.565343,0.369003
3.694669,4.317531
2.371981,2.154326
2.156530,2.388200
1.913817,3.389931
3.056016,3.500891
1.823733,1.064081
2.377993,3.395167
3.161443,2.554779
1.214197,1.248939
2.682842,4.429902
2.660381,2.257624
1.465946,2.091023
1.131668,-0.528400
0.913200,1.656209
1.725151,2.512425
1.881876,0.499914
1.264039,-0.294723
3.114107,2.852319
0.487081,0.178824
1.311616,2.743695
2.849301,1.670865
1.675940,3.046732
0.973300,2.903958
1.683334,1.038525
2.382376,1.529158
0.339338,4.818422
0.687296,1.548394
1.754898,3.324482
0.107068,1.988689
1.152021,-0.327068
3.463043,2.459255
2.655750,2.979203
1.454567,3.527165
0.353730,0.347268
-0.437429,1.050705
3.394931,1.385716
2.511077,1.866455
1.776547,1.865775
1.683583,2.207267
2.844395,3.255755
2.280728,2.480710
1.783059,0.558659
2.302875,2.184340
1.995455,2.895285
2.901575,2.346174
2.068780,3.160836
2.196446,2.656492
0.326398,0.251580
0.201250,1.872604
1.118827,1.102025
2.087608,0.800229
2.977875,2.373200
0.465865,-0.346719
3.238576,2.194655
1.443878,1.586499
0.723209,1.394469
3.599092,2.791814
0.919240,0.715941
1.046356,0.896675
2.989645,2.686385
3.121132,2.555579
1.570191,2.081796
3.385830,3.368462
2.832232,2.183817
2.160318,1.609866
0.209002,1.397064
1.223962,0.729052
2.792533,2.874563
2.434617,1.825794
3.038975,2.997457
2.005761,2.694108
0.873601,1.974401
2.890053,3.291111
3.240211,2.019797
1.836828,2.905533
1.539710,3.105164
1.721703,1.327612
0.772670,1.218067
1.878219,3.737021
1.765887,1.784683
2.151144,3.330682
1.237407,1.866645
2.022485,2.856585
1.544735,0.875957
2.936463,3.517836
3.286551,3.438566
1.777993,2.996658
1.786576,2.893849
1.945323,2.945314
0.749715,-0.318332
0.372698,3.121481
1.911438,1.973227
1.296599,1.337680
2.912357,4.044645
3.943000,3.526208
1.132610,0.776067
2.161127,3.040391
3.348200,2.125974
1.853726,1.670802
2.758576,3.395529
1.777619,1.417864
2.017105,2.487497
1.110513,0.827720
1.150423,1.715623
1.218843,1.258152
3.021347,2.558847
0.793848,2.612312
2.016780,2.821567
2.228871,2.339340
0.305482,1.069774
3.361234,2.788759
0.841141,0.983019
3.404401,2.585449
0.893552,1.887962
0.746880,3.222194
1.408004,1.164523
3.193864,2.218980
1.953905,1.465128
-0.182661,1.283651
2.041246,0.862250
1.954320,3.209997
1.926559,3.048700
1.563122,1.614840
2.655793,2.561549
1.319491,2.352030
2.898478,2.635661
1.629843,2.292521
3.445038,2.128468
2.175304,0.657354
0.965138,0.809212
3.580411,3.099991
1.938020,1.405319
1.612615,2.352693
2.643631,1.706573
1.551508,2.966348
1.550655,-0.469272
0.930068,1.180216
1.475052,0.924563
3.239117,3.823606
3.509056,2.120764
2.841312,3.442226
1.487998,2.270464
1.631031,1.210097
2.316751,1.805313
2.665777,1.698522
1.124270,2.199391
2.066573,3.347842
1.781148,2.022227
4.375380,2.568118
1.480326,2.270058
1.746386,3.416479
1.817697,0.909356
0.734820,3.211749
2.811957,3.340227
1.926057,2.632953
1.095627,0.709390
-0.079608,2.141595
1.550160,2.335049
2.501707,2.520966
1.754537,2.551473
1.011547,0.901893
-0.093180,1.436867
1.524616,1.008590
2.936050,2.123669
1.783882,0.572114
1.954396,0.873287
1.278178,1.295398
0.274308,1.415762
0.026788,1.487606
2.455009,1.296216
3.954936,1.868087
2.904070,2.972894
2.574743,2.394607
1.725329,1.421263
2.998149,2.944915
2.913509,2.642722
0.972374,0.701868
-0.249512,1.182124
3.057255,1.946131
1.468849,2.622177
1.970473,2.878563
1.340473,0.566447
2.229146,2.941808
2.211527,1.525465
2.340257,2.269737
2.972382,3.738025
3.806418,1.022701
2.391458,1.649887
0.830160,0.244715
2.696621,3.204553
2.961692,2.182236
2.078993,1.038525
2.399037,4.125035
1.630244,1.366035
1.750079,2.255944
1.535053,0.779077
1.936260,1.429556
2.083316,2.244009
1.638000,2.373567
2.332255,0.824086
3.360768,2.991051
0.842160,-0.009432
2.448499,1.912153
2.390697,2.568936
0.558907,1.014875
1.319263,4.072493
2.220564,1.643343
1.011624,0.542553
0.995196,0.124553
0.661034,0.862081
-0.068967,1.832799
2.342981,3.618753
3.743739,2.696554
2.443955,2.947591
2.054975,1.887839
1.577712,2.169001
0.874197,1.968364
0.434485,0.413122
2.144508,2.758044
3.330306,2.651602
1.196575,1.072447
3.791227,2.301424
1.386862,2.528758
0.967210,1.078091
0.312644,0.207823
3.403721,0.836285
1.961420,2.813435
1.060687,0.230452
1.076238,2.123117
3.131934,0.848653
1.405125,2.166556
2.947570,2.693415
4.285763,1.715615
1.112462,1.108714
0.187712,1.045034
2.348345,2.265164
1.026234,1.993118
1.167762,2.273356
2.755494,1.758351
1.953534,2.158719
3.708921,2.372199
1.815731,1.409374
2.323469,1.963776
0.052240,1.314002
3.337976,2.805183
0.962907,1.564843
2.604704,1.467104
2.849481,2.332713
0.908252,2.611979
3.107873,2.081838
1.578169,2.609908
2.526220,3.979854
2.516144,1.781824
3.032544,3.739065
2.062886,2.233591
2.939674,2.620578
2.471688,2.371095
3.346940,1.812759
0.318752,-1.044652
2.728866,0.956838
3.680581,3.778407
1.218244,2.479743
1.728888,1.579077
2.072872,3.571884
1.818756,0.572426
1.895096,2.039149
1.913420,2.685270
1.374941,1.184455
1.493761,2.992719
1.155958,1.228318
3.238936,3.582936
2.772703,0.018181
1.990221,1.573529
2.644956,1.737575
1.432340,2.824331
1.903806,2.869379
2.318925,3.077681
1.822554,2.174578
1.672992,2.314618
4.933507,3.513681
2.660567,0.617029
2.486666,2.432326
3.062971,2.371410
1.260155,2.269450
3.117571,2.542512
3.843980,1.422601
1.409915,2.344633
1.554944,0.684178
3.073200,3.094805
1.204403,1.359253
1.178539,2.320370
2.750096,2.530126
0.682796,0.485985
3.432224,2.762868
2.633906,2.991069
2.640396,2.911430
3.699140,1.575762
1.660228,1.808691
1.888102,1.215115
2.474372,2.875839
0.678906,0.690074
1.793092,1.471505
2.853109,3.820538
0.857903,1.568677
1.859041,2.456097
0.415900,2.036059
1.112001,1.175822
3.055151,3.210810
1.423283,2.132312
0.875071,0.779920
1.060135,-0.699152
2.036099,1.237579
3.752590,3.550816
3.342663,3.181235
1.410618,2.529160
2.851384,3.759830
1.400635,2.429484
3.040030,1.707785
3.700289,2.408482
0.847740,2.324662
2.174695,2.803830
3.229179,3.409500
2.145070,0.696945
1.818610,2.534527
3.872993,5.208446
1.335341,2.052068
3.218787,1.496064
1.578783,1.496193
1.428384,2.515991
0.379415,2.300652
2.212365,1.521152
1.955342,2.371005
1.853759,0.386725
1.187835,2.797377
1.742521,2.673533
1.095017,2.050878
3.103974,2.298572
2.748555,1.216333
2.107164,2.360041
0.253101,0.655819
0.876298,2.040774
2.917959,2.752877
-0.060908,-0.140030
0.551274,1.515012
3.124844,3.435324
1.707934,2.037892
3.211540,2.094621
2.461134,2.363339
0.065118,1.882429
0.360418,1.220603
3.074232,2.665336
2.134418,1.501979
1.139882,1.860368
1.022992,2.048126
2.316985,3.249813
3.072915,2.131979
0.931237,2.147111
1.566966,1.587770
1.663185,1.799612
3.596412,2.353792
2.028337,2.108194
1.652135,2.328237
1.905119,2.468098
1.213536,3.036895
0.759739,3.100461
1.801988,1.588310
3.500389,2.057501
3.298417,2.418811
1.921159,1.394993
1.197127,2.479106
1.036466,3.115623
3.093574,2.942990
1.998805,2.935312
4.661274,3.218159
1.317276,2.868654
2.480189,1.128642
2.200282,3.873272
3.009400,2.066437
0.215009,1.226106
1.371653,0.421611
3.254197,3.387363
1.527471,1.892073
1.586739,-0.147028
1.803795,0.707170
1.496390,1.021433
3.009872,2.399969
3.231721,3.272150
2.276006,3.062304
0.601617,2.289774
1.422412,1.943090
1.101309,0.473647
3.188822,3.388916
2.005067,4.459006
-0.342487,1.821490
1.670633,2.221206
1.956455,2.839380
4.324238,1.781145
3.412512,1.957039
-0.187761,1.627917
2.569114,3.860830
1.960965,0.391188
2.628063,2.047900
1.966607,0.737827
2.428593,1.742659
1.698471,1.481678
2.570185,2.356888
0.445185,0.028285
2.609820,3.193254
2.831913,1.416679
0.243707,-0.108772
2.247327,2.407162
1.341548,-0.338198
0.717353,2.804625
2.506185,1.270851
2.432106,2.638989
1.017158,0.677822
2.001783,0.566414
3.491697,3.008896
0.720193,0.789068
1.609976,1.888056
1.344508,0.734287
1.819369,0.988486
0.682631,-0.117760
2.489337,3.039006
1.767475,2.094327
2.348337,1.257944
0.156019,1.049561
1.087280,0.558949
1.540596,1.737964
0.442997,1.603245
2.591789,1.073838
0.180774,0.736761
2.323651,2.730193
2.780969,3.836322
3.384524,3.163689
1.268876,2.307716
1.590248,2.225211
2.040486,2.008300
2.020503,1.831446
3.844774,3.076451
1.912579,1.663458
2.296611,1.973258
2.994448,2.501348
2.263153,2.268296
1.749600,1.569049
3.590749,2.192667
0.315461,-0.814354
2.190642,2.707643
1.427053,1.947918
2.264125,2.502683
2.102941,1.790809
1.259786,2.315152
2.027000,2.011452
0.594265,1.555626
1.506386,-0.249844
0.915354,1.516934
2.641204,2.892791
1.504281,0.675122
1.181053,2.052407
2.998673,2.856387
2.137419,1.341288
2.828891,2.693847
0.983893,1.627627
2.419921,3.072089
3.529030,1.918860
1.756471,2.879440
1.432707,1.431136
2.555759,2.165996
2.440008,1.371571
2.409255,2.193685
3.589289,2.750841
1.639735,1.649247
2.723109,1.811682
1.053398,0.215418
2.026049,1.538180
1.739776,2.197386
3.189985,3.183369
0.088048,1.849550
2.091755,2.133436
-0.482533,0.652392
2.844076,2.225092
1.677122,0.666085
0.890851,1.225151
1.680008,1.423274
1.814448,3.276441
2.419148,2.008213
1.972890,2.165912
3.175156,2.610285
2.112591,2.957872
3.645150,1.889382
4.438744,2.968364
0.812770,0.828977
1.297662,1.834149
1.988734,1.913953
1.022416,1.168412
0.477931,1.098761
2.783594,2.286460
2.021229,3.238777
2.750021,1.951548
1.771648,1.674481
0.799989,2.689803
1.195752,1.222763
3.469712,2.969749
1.969737,0.798695
0.138657,0.153074
2.291019,1.624373
2.148813,0.990812
-0.533528,0.783824
1.842789,0.452360
1.217564,2.426650
1.987410,0.985301
2.788966,2.337030
1.758203,3.286982
3.335687,3.991606
3.599793,2.638542
4.015007,3.465953
0.559256,0.824080
2.529238,3.546385
0.881636,0.985682
-0.172927,0.648638
1.810495,1.007116
1.348261,1.565053
1.892108,1.207522
2.297494,1.480632
3.360319,4.358623
3.247514,3.354700
1.548330,1.874893
2.109548,2.380759
1.224648,1.959613
0.381699,0.615893
2.397897,1.491168
1.288768,1.956151
1.894233,2.438846
1.917830,2.588823
0.760349,1.658977
2.417928,1.377960
2.232354,2.827511
0.049627,-0.291094
1.883259,1.327207
3.181638,2.505322
3.126756,4.480191
4.063264,3.799435
3.462479,2.578099
0.707363,0.908430
3.130816,2.541299
2.684699,2.641153
0.902484,2.798059
3.676971,3.642159
1.800015,2.746564
1.397537,1.987900
2.167142,1.235151
0.551761,1.350266
0.575103,1.839153
0.897787,2.378779
1.782484,1.563425
2.017641,1.993797
1.633862,3.265751
1.696031,1.790770
0.173817,3.153672
3.402621,2.557583
3.311909,3.079310
2.020036,1.554714
2.396215,2.538620
2.279750,2.589926
0.696530,1.373560
0.694061,1.779979
1.834384,1.675743
2.864380,2.473202
2.087689,2.819361
1.351299,2.048056
2.289006,3.720756
2.919784,1.819768
1.138491,3.622257
2.498321,2.173224
2.240678,2.092057
2.605172,2.748385
0.911363,1.225652
3.134470,2.790124
2.451167,2.504106
0.922236,0.773354
1.187522,2.965167
0.954143,1.528224
0.059303,0.549114
3.304050,4.136716
3.152717,3.604722
3.717573,3.250718
2.700106,1.929987
1.785834,2.818396
2.345731,2.890872
2.931027,2.741527
2.217811,1.221283
2.890044,3.381922
1.066916,0.987851
2.318207,2.473882
1.830502,2.073404
4.724077,3.654972
2.656557,2.807425
1.520935,2.157115
2.427295,1.126560
0.110898,1.382816
2.923278,3.255983
2.446221,2.585085
0.022754,2.152859
1.201907,1.496842
2.203226,2.385361
0.844757,0.800049
3.577241,1.957551
1.432043,1.679332
2.046366,3.072380
2.432592,2.297947
2.189908,1.838955
1.219977,2.371492
2.745158,3.233678
1.774024,1.927788
1.220312,1.269609
1.226177,1.942042
2.287201,2.586385
2.283529,2.150848
2.043373,2.514454
1.732022,2.126566
2.817231,1.213110
1.941065,2.004603
2.086770,1.493041
2.723004,3.347610
2.151328,2.322572
2.246782,2.240721
2.873134,1.905051
1.891296,1.288176
1.652784,2.063244
3.110138,1.906252
0.162834,-0.364938
0.490373,2.429837
1.466141,1.165698
2.474428,1.641821
0.953293,1.519564
2.966593,1.924418
2.650965,3.637479
1.788262,2.003246
3.444446,1.980943
1.145333,1.187372
1.407278,1.021345
1.848441,2.561739
0.966985,1.764551
1.948378,2.562925
1.091878,0.987106
1.773320,3.116068
2.252028,2.881505
2.971378,1.129812
2.401536,-0.356318
3.454640,3.981970
1.862333,1.224753
3.137697,0.606267
1.262879,1.512604
2.029107,2.049949
1.587280,1.558379
2.524814,4.721146
1.602548,0.317604
2.416915,2.180881
2.145323,-0.013946
3.312472,1.551836
2.483150,2.010650
2.233420,1.628546
2.340577,2.960234
1.330543,1.881941
2.439069,1.867331
1.852348,2.353510
3.688091,4.082202
1.701203,1.763354
3.412369,0.846250
1.486205,3.275643
2.142472,1.835182
1.807972,2.162745
1.543885,1.315005
0.793683,2.470334
-0.041589,2.298711
1.730685,3.406875
2.507960,2.861527
1.621045,1.110268
1.468590,2.379051
1.780421,3.449804
2.229250,4.168942
1.177689,1.087963
2.602235,2.095207
2.141850,2.093355
-0.071385,1.897269
2.250146,1.404518
2.564158,2.381067
3.481583,2.302641
0.032528,0.335141
2.313213,3.129816
3.568484,2.472472
1.868198,3.522712
3.439854,0.998147
1.105243,0.798861
3.759976,3.443293
1.346773,1.750822
0.868911,0.016143
2.309324,1.609755
2.892815,3.778342
1.456958,1.740636
1.973125,1.287652
2.852134,2.889781
0.190323,1.798400
1.296548,1.325722
1.760563,1.772157
2.876169,2.900817
3.218033,3.093955
0.171662,0.994521
2.835659,2.763230
2.753848,2.691334
0.771870,1.424878
-0.747571,0.444907
1.484756,2.161905
2.739073,1.611569
0.364669,1.373660
2.071791,2.345727
0.502139,1.348491
3.145273,3.388893
1.588673,2.701674
0.447787,1.766395
3.360181,2.576069
1.330999,0.739353
3.051301,3.583898
1.579010,3.368800
1.663367,1.823626
1.524357,3.115192
1.893732,1.485233
2.724433,2.650960
2.332228,3.361106
3.635827,3.496313
1.300549,1.642669
2.291056,2.951315
2.778525,2.756140
1.204032,1.666945
1.985854,3.183348
1.553423,2.296418
0.116999,1.234520
0.933600,1.126279
1.205634,1.419230
2.895934,3.198678
1.486120,2.069850
2.491576,1.730121
2.088085,0.774813
0.852335,0.620917
1.508087,2.066645
2.192941,0.783957
1.134743,1.437897
2.924986,2.175319
2.938669,1.639928
-0.234603,1.251548
1.720515,1.497117
1.791668,2.549733
0.762876,0.192479
2.194038,3.741678
4.051973,3.043442
2.994002,1.433568
0.608398,1.465303
1.857978,3.137593
0.801461,0.688291
1.260489,3.520091
1.247293,1.503618
0.668169,0.970100
2.397800,2.477960
2.096592,0.104406
1.557913,2.940971
1.670237,3.216345
0.807560,0.742031
2.636049,2.348690
-1.244836,0.629588
2.195485,1.587331
1.776726,2.020553
3.036760,3.116801
1.754443,-0.044914
0.596758,1.971556
1.638369,3.332545
2.377308,2.818391
2.419171,2.112175
2.185309,2.883884
1.297124,1.232702
2.976182,3.379352
1.742882,1.526167
1.164895,-0.399034
4.285641,3.554807
1.912677,0.856832
2.374035,3.325056
1.410891,1.787952
1.535859,1.110666
1.923320,2.733099
4.236066,2.093346
1.909798,2.840672
1.350033,2.207325
3.588414,3.903910
2.109135,0.758338
1.309196,1.197677
0.428762,-1.748474
1.011391,0.617233
3.663972,3.137017
1.240963,2.278429
-0.202211,1.219682
2.270963,3.401128
1.988439,1.333836
2.538441,1.828599
2.332706,1.603048
2.650709,3.129829
1.549302,1.361705
0.945795,0.685364
1.931966,2.592455
2.072285,2.157083
4.174410,4.191117
4.192873,2.971923
3.677715,2.635132
2.718568,2.232075
1.313527,1.535915
3.604731,3.688026
1.888666,1.560100
1.957574,2.147884
2.125277,0.550397
1.457417,2.965753
0.347667,1.198604
0.707779,2.362414
0.403635,0.274555
2.974699,2.704407
0.102861,-1.466495
3.113844,1.701153
2.493297,1.290606
3.069229,1.119134
0.853952,2.076297
2.400070,2.264940
2.051059,2.231970
1.648997,2.417114
1.339192,0.525121
1.817077,2.718696
4.216562,2.245841
1.555831,2.052178
2.914856,2.336205
3.091808,2.224883
1.989664,0.809166
2.682618,1.777281
2.825228,3.695406
2.355962,2.544402
3.677002,2.935062
0.051573,2.638844
3.812007,3.610899
1.951005,1.334904
1.697659,0.830926
2.127800,1.605728
1.282124,0.605759
1.831887,2.777576
2.855933,2.924683
4.122328,3.034394
2.164413,1.173716
2.225071,2.718157
2.090169,2.913011
1.595389,2.031072
0.765381,1.085204
0.211688,1.122950
1.806749,3.099897
1.968825,1.574145
1.202748,2.315074
0.694723,2.517116
0.797457,1.320617
2.978467,2.798735
1.589621,2.286253
1.363283,1.532824
1.535545,2.256002
1.895800,3.591315
3.045194,4.500603
1.537842,2.540422
1.511888,1.857922
1.115474,1.924529
1.767376,2.802175
2.941844,2.936514
0.778520,1.773538
1.797641,1.404249
1.558111,0.888745
0.525571,0.440900
3.930697,2.736013
1.892291,2.032116
0.813477,-0.225022
2.495535,1.436114
1.584666,3.268638
2.690575,3.277617
1.671818,1.647647
2.130165,0.970144
-0.396840,1.528005
0.747653,3.170759
2.145352,2.545784
0.989450,0.530445
4.002315,2.390598
0.479784,-0.049240
2.717235,1.604471
1.569494,0.787934
2.275686,2.575206
3.010782,2.832200
0.571524,0.999778
1.779515,1.994379
1.338925,3.335077
2.597886,2.808812
1.396004,2.404766
1.060633,1.028614
1.584008,1.912543
4.762227,3.173238
2.804800,2.243201
2.663818,3.413400
2.105513,1.890818
3.110135,3.065590
4.356254,4.193298
1.824324,2.066239
3.242143,3.466960
3.308141,2.495671
0.371196,2.385310
2.364070,1.546974
1.367092,2.306121
0.090644,2.833757
2.493385,2.745616
-0.084482,1.401677
3.690496,3.687138
-0.730954,2.159689
1.574427,1.206563
1.764624,3.983367
1.792925,0.944858
2.020845,2.331032
1.978859,1.079240
3.358372,1.705437
1.270349,0.928730
0.885024,2.307283
1.866072,1.753102
1.800462,1.863656
0.765370,1.076209
1.947541,2.995390
1.603535,0.265204
0.490214,0.854926
1.251369,2.257993
2.013934,2.968098
3.063772,1.588822
2.580571,3.147593
2.013762,3.623838
0.303331,1.636770
1.763008,2.020869
2.535893,3.531677
1.387402,1.954707
0.840861,0.234898
1.945906,2.272577
2.903910,2.716311
1.735804,1.410382
1.621844,0.110920
0.697059,1.358244
2.954824,2.030416
4.199165,3.403990
1.121161,1.065076
1.302765,0.682893
1.746377,1.028879
2.889776,2.782649
3.347289,1.804467
2.104671,2.211107
0.433166,1.369972
0.583319,1.303677
2.326421,1.097476
1.571810,2.168604
0.394677,1.080966
1.441795,0.409797
2.068011,2.497361
1.067200,0.921971
1.727830,2.414970
2.171330,3.778735
3.720649,1.802059
1.142052,2.840511
1.116571,1.867662
2.040348,1.887970
4.467624,2.208238
1.173749,2.486298
1.390172,2.013771
0.464077,0.792844
2.515485,1.696960
-0.014561,0.511986
3.402767,2.231599
1.433536,0.396094
1.772764,-0.983699
0.524549,1.011444
1.985023,1.809565
0.009050,0.716109
3.641652,1.922742
1.846992,1.845921
3.343941,3.288548
2.492397,2.501687
0.625027,2.117637
1.573599,0.852159
1.648957,1.712064
2.954541,3.352774
0.375861,0.408288
3.365468,3.395737
2.619303,3.482908
1.630909,1.459999
2.392914,2.180680
2.378952,1.606717
2.632480,3.771179
2.250245,2.417289
1.591928,1.913949
3.854476,2.178636
2.311967,2.707678
2.807884,2.452962
1.080418,-0.765006
1.705577,3.602181
2.391616,1.685631
0.960201,1.015432
2.205459,2.397828
3.078684,2.061193
2.603876,1.592879
1.813536,2.167943
0.697265,1.825190
2.101671,2.601085
1.409553,1.737372
2.929258,1.901190
2.418685,0.711822
3.508771,0.955140
3.595925,2.718791
0.706155,1.394263
2.115037,2.844406
1.311628,1.150964
3.302863,3.094950
2.701005,1.468550
1.542222,1.822034
1.475120,1.754043
1.457601,1.278273
2.024119,1.626379
1.837066,3.175316
3.331576,4.208336
2.912423,2.162385
2.518272,1.028662
3.131267,2.282127
2.593805,1.789668
-0.285118,1.511899
3.478936,4.023259
0.984883,1.527868
2.691991,2.447895
2.858157,2.437893
3.105255,2.990466
3.401532,3.201397
2.977895,3.184712
2.443104,2.733685
0.268600,1.858047
4.606413,3.772219
2.032316,2.492644
3.920295,2.938203
1.844663,1.929551
1.451135,1.894811
1.609941,1.803596
1.619346,2.284109
3.167144,4.711477
4.448718,3.369557
1.860074,2.532687
4.608039,4.579915
0.816507,1.811025
2.754323,2.453488
2.729937,2.337263
3.338214,2.448962
1.558011,1.689626
1.467266,1.681281
0.950918,1.829132
3.935526,3.081216
2.211716,2.189039
2.124304,3.036327
0.192233,0.378395
1.502230,2.351687
3.601630,3.630099
1.473707,0.830553
3.155135,2.969330
2.506881,1.598229
0.424019,-0.054677
3.045909,2.952288
1.205063,1.222477
2.015219,1.143708
0.430768,0.992480
0.910084,1.275244
1.722156,0.849103
1.752334,3.098814
1.222757,0.075691
1.999194,1.568250
2.461227,2.746067
0.786066,1.237728
2.019275,2.534136
2.105691,2.517806
1.829205,-0.247955
2.079087,0.540032
1.254750,0.617724
2.706900,3.402169
2.184213,1.185026
3.178870,2.991389
3.573506,2.512033
2.382805,1.416934
0.885534,2.375678
2.063577,2.193728
0.846078,-0.341524
0.432931,1.503789
0.614266,1.906013
2.048480,1.465550
0.485651,1.618493
1.020519,1.065021
2.524562,2.715924
0.671829,1.696181
2.214424,2.529797
2.640960,3.625910
2.285738,3.070993
2.479619,3.511035
2.111961,1.330604
1.696449,1.106087
1.487922,1.213811
3.981679,2.999262
1.688656,3.056845
0.407656,2.031517
0.835285,0.300534
2.368874,1.957594
3.502293,1.660798
2.655555,1.369989
0.971708,3.087479
2.343719,2.538493
1.074674,1.354965
1.927902,1.565500
2.680817,1.720807
2.138049,0.396558
1.860862,0.457164
1.343266,0.989449
2.777180,3.356479
1.414703,0.976624
2.518475,0.233391
2.497465,3.789874
3.124810,1.262597
3.066936,2.143536
2.329103,1.958352
1.879774,1.810308
0.610157,1.034706
1.021066,2.186223
2.967622,1.705745
0.886812,1.022654
2.195983,1.562653
2.110851,2.957574
0.755351,1.539175
1.028760,1.597790
1.973788,1.798408
1.138689,0.764968
2.081595,1.277582
2.689047,2.452892
2.297305,3.095157
3.117817,3.217047
2.790644,0.979845
2.254088,2.509788
1.730864,1.526557
1.468456,1.359139
1.862349,2.114003
1.535054,0.859336
2.756048,2.087152
1.574575,3.000809
2.069550,0.938460
2.333619,2.706386
3.147729,2.422389
1.141919,0.528543
0.545573,1.800896
3.080178,2.190216
2.783451,1.694824
1.998008,1.792356
0.989257,2.386200
1.047417,1.536657
3.480960,3.924336
2.013422,-0.997101
1.482656,1.323298
2.335380,3.136508
0.131736,0.906967
2.793197,1.849727
1.438164,2.311333
2.480389,2.190006
-0.983250,0.095402
1.734102,0.273816
2.575103,2.649784
2.066812,3.667209
1.045406,0.511861
0.457207,0.452955
-0.314820,-0.170134
0.801051,2.200954
0.638171,1.148903
1.865165,2.379297
2.630769,2.782903
3.851129,2.070248
1.325190,2.587468
1.239186,1.157274
0.771593,0.202532
4.751942,2.569841
2.614629,3.431254
2.319276,2.780235
1.124325,0.024228
1.316126,1.855089
2.068316,3.422526
2.441038,2.057285
-0.090094,0.432673
0.521228,1.876121
1.938416,3.188238
2.706965,2.162341
2.546591,1.924526
1.154386,1.421597
2.088160,2.762665
2.402350,2.074280
1.726108,2.189569
1.844007,1.480757
1.377577,1.155183
3.301244,1.833222
1.142347,1.154737
1.294478,2.340281
3.100646,1.726246
1.785587,2.093549
1.490765,2.964503
3.593055,4.713112
1.086455,1.543226
4.247031,5.530920
3.142764,2.635072
1.944029,2.351447
0.999819,1.892659
1.166987,1.419914
2.185177,1.094424
2.202678,3.098138
0.913056,1.636855
1.990252,2.900744
2.466987,3.544347
1.383836,3.068006
2.435905,4.199310
2.502777,2.123298
2.179804,1.482725
2.431452,1.693826
2.363696,2.850582
3.164876,2.396682
3.440837,2.936907
1.287086,0.441153
2.536652,2.730574
1.207042,3.435196
1.973144,2.308363
0.720383,1.644961
1.878531,1.717403
0.297020,0.197260
2.705439,2.059590
3.084648,3.906263
4.036348,4.030625
1.057432,3.297397
4.036808,3.135705
2.216628,2.019098
2.516414,2.435426
2.912217,3.269410
4.023350,3.997581
2.011780,3.028068
0.645382,0.314330
0.953654,0.637538
1.963738,3.709642
1.546775,1.551214
1.267779,1.541994
2.723163,1.396728
1.922664,2.545919
1.655160,2.557486
2.106813,1.228677
3.221026,3.063847
2.285834,2.622156
2.929622,2.314229
1.013913,1.162116
2.599759,2.617400
0.658934,0.952721
1.862607,1.110372
-0.047956,2.270146
3.276378,2.094484
1.410223,2.285728
2.605749,1.552543
1.794991,2.393083
2.048872,2.656127
0.871216,1.111446
1.609532,2.438875
3.218760,2.264050
2.476798,1.984919
1.780480,3.610949
0.295851,-0.057854
2.014490,1.826648
0.388055,1.693700
3.301150,3.777161
2.252604,4.010877
2.030409,1.207059
2.353479,2.064502
1.024283,2.066195
2.074999,3.913754
1.047093,0.171770
1.081548,2.792356
1.100633,0.763890
-0.203838,2.793360
2.225253,1.592605
1.727404,1.973956
2.233450,2.675075
3.419110,2.753576
2.220776,0.465905
2.223825,0.211843
3.748860,3.249882
1.088937,2.414200
2.073374,1.826820
1.933517,1.062619
2.478986,1.279540
1.993393,1.863556
2.613996,2.779037
1.274965,2.450419
3.428544,3.352495
2.223526,3.093288
1.093153,1.601033
2.166802,3.052273
4.192788,2.457477
3.121674,3.088199
2.903307,-0.072726
0.788915,0.920027
3.307257,3.408204
0.754125,1.353566
1.731298,0.365051
2.820885,1.896193
0.192850,0.832213
-0.231778,-0.699387
2.699000,2.556173
0.989367,0.623248
1.843889,1.940579
2.291994,1.639596
2.208949,2.028846
1.534793,2.478310
0.895469,0.055034
2.751982,1.926970
2.107140,1.568791
1.240516,2.344143
3.941544,4.433324
2.168323,2.628745
2.178235,3.374496
0.924900,1.493252
1.685857,0.940236
2.160392,2.912828
1.942055,3.387690
2.029291,2.531185
0.535108,-0.171115
1.413359,2.467542
1.340077,1.012262
2.564070,2.330934
0.885671,0.606565
2.145743,1.718957
1.311215,1.466740
3.353411,2.384587
4.146504,3.315182
0.650542,1.974303
1.128973,1.683605
1.722117,2.497032
0.849851,2.654300
1.413752,2.756760
0.875273,1.610717
3.277408,4.206597
2.332388,1.888462
3.287034,3.281447
2.622444,1.319443
3.032588,3.519208
1.149940,1.340223
1.046540,0.960155
2.505584,1.588556
2.423878,4.278540
1.716523,0.324010
1.915138,1.815092
2.441793,2.032776
1.260723,2.078899
1.711778,1.591260
1.667755,2.604569
1.562300,1.634990
1.858456,2.203727
1.994832,2.816371
3.137449,2.725993
2.037208,0.904325
3.330727,3.393804
4.118578,2.819774
1.447163,1.242378
1.489143,0.284328
1.881573,2.281157
2.497815,3.529577
2.362383,0.753096
1.839707,2.225664
3.250937,1.771072
0.653226,2.864469
1.550517,3.119759
2.543728,2.759274
1.336049,1.327635
1.894783,2.620910
0.211658,0.512245
2.541797,2.352045
-0.249584,-0.114677
3.087311,1.942243
3.399485,3.763069
1.631411,1.234715
2.598196,1.427734
1.644133,2.125628
1.618240,3.308692
2.583217,2.866694
1.303980,1.226691
2.877659,1.448793
0.909454,0.739561
1.198268,1.870988
2.642887,2.445358
1.402903,0.285706
0.529605,-0.215268
2.955338,3.087647
1.042997,-0.867969
1.883991,2.360256
1.779897,2.161819
2.921696,2.321974
2.693482,1.563594
2.233072,1.844327
2.246818,2.567324
3.691282,3.462192
0.536168,-0.549942
0.859396,0.914052
3.182498,1.861856
1.152333,2.605730
2.377547,2.296586
0.954558,1.295429
3.312187,3.411074
0.708837,0.671896
4.180092,4.568307
3.086416,1.257321
2.966683,3.941790
3.088010,2.180514
2.352965,1.708762
2.014715,1.811995
3.294826,2.783628
1.595605,1.637523
1.102272,3.039656
0.940682,1.793124
2.033660,2.253805
1.984569,2.762118
1.984420,2.206798
1.869990,1.851823
-0.211236,-0.877855
2.238135,2.932232
2.661135,2.369728
2.695081,3.186638
1.720896,1.405704
2.310013,0.451888
2.697143,2.527163
3.889583,2.140870
1.919636,2.613656
1.163306,0.616018
1.046745,1.683287
1.119750,0.769559
3.522454,3.592640
3.239724,2.516219
2.430327,2.091400
1.525828,2.228984
2.120620,2.516317
1.519422,2.454916
2.202789,2.123862
2.405365,2.243116
3.119819,2.237222
1.869768,0.786567
1.768693,2.784036
1.891078,2.719818
3.037442,1.986279
2.724798,4.037522
2.610966,3.358153
2.207288,3.524671
0.932135,-0.754395
2.552861,3.325993
1.167231,1.944153
1.503120,3.490654
2.506247,1.289285
2.821016,1.617450
0.952370,0.292039
1.808833,1.338160
3.488068,1.577814
0.832375,2.131556
3.565866,2.020637
2.127429,0.481187
1.396051,0.491656
2.831248,3.079711
3.252611,2.545499
2.907999,0.478886
0.555803,0.599443
3.628364,2.611119
0.840683,1.441736
1.140384,0.457641
1.529867,1.956435
0.834240,1.961521
2.678254,2.564084
2.554711,2.502099
2.222157,0.568122
1.608847,0.469665
1.644220,2.888161
1.546170,1.885700
3.544495,2.500409
1.479420,0.890276
1.946631,2.910582
2.774634,3.043869
1.964184,1.961498
2.738906,2.159051
2.692558,3.175223
2.094262,3.063006
2.723696,1.665245
2.411381,2.000524
1.310591,0.941591
1.533432,2.944979
0.728475,2.391181
1.353216,0.466054
0.380026,1.905329
0.178497,1.166593
1.313431,1.010770
2.901303,2.549085
2.770352,4.113147
1.599674,2.891004
2.525197,3.607822
3.070764,1.786395
0.037219,1.144530
1.799613,1.833551
1.522059,1.716687
2.892157,2.480105
-1.034110,1.638047
0.407577,0.885801
2.691592,1.893406
2.910809,2.357541
-0.766104,1.040178
1.834011,0.873397
1.345899,1.107282
3.721011,4.008111
3.133145,2.325091
2.466021,1.967698
2.070833,1.988502
2.864359,4.384637
3.327828,2.375430
2.338703,2.230368
0.601775,0.871198
1.372158,1.646695
1.644684,1.954413
3.798756,3.548838
-0.977713,2.964618
2.831422,3.254502
1.470715,3.518367
2.859941,3.484880
3.377964,3.059397
1.494870,2.564562
2.601162,3.264545
1.847341,2.120135
1.811338,0.528781
1.582457,1.013552
0.883667,1.218225
2.476470,1.886444
0.656530,1.917481
3.027966,1.894960
2.123061,0.674530
3.661957,2.599257
3.027957,1.691625
4.246772,3.111328
2.079373,0.807829
1.321333,3.268031
1.871321,2.213852
1.737557,3.901032
2.582827,2.354722
0.950261,0.768527
2.099371,1.817683
2.052761,2.423263
1.842761,1.199513
2.968013,2.358877
4.008737,2.418306
1.273348,2.211944
2.436648,0.054657
2.763279,1.661187
2.084431,1.666608
1.496966,1.477813
4.125529,3.158443
1.949935,2.040045
3.985582,2.449122
2.653124,1.249456
3.667646,3.222505
2.862207,1.983806
2.602536,2.616372
2.588331,2.659028
2.245670,2.413320
0.819828,1.659076
0.465304,1.303450
2.010119,1.576687
2.774699,1.896922
1.647384,2.344771
2.647056,2.609838
2.481936,2.691290
2.845535,2.106025
2.337204,2.840533
2.297998,1.869577
1.980875,1.566359
1.511340,0.537474
2.864305,1.459539
3.140220,1.460584
0.970419,1.736923
1.306452,1.335325
3.162160,2.361820
-0.043006,1.392671
2.151681,1.636047
1.161989,0.467486
1.125832,2.477789
2.309679,3.138902
1.568939,1.529423
3.222559,2.498119
2.460996,1.037660
1.616247,2.157298
1.845953,0.447596
0.012415,1.707778
2.163823,1.125774
2.307950,2.260352
1.754781,1.776763
1.801877,1.711130
2.000672,1.540149
2.580891,2.004866
-0.392346,1.071555
0.856447,2.181756
1.217877,1.399148
3.434945,3.172781
2.856689,1.723614
3.040695,3.533414
2.302670,1.135273
2.065339,3.226561
2.674708,2.845507
1.911171,2.417535
2.696369,2.786453
1.738792,1.968972
1.759215,2.103825
-1.178778,1.382520
3.712699,1.394456
1.391160,1.577412
0.938668,1.223554
1.384794,2.513701
1.594484,0.207924
2.759998,2.654405
2.027742,1.801759
1.125913,2.122018
0.218633,0.797546
2.811831,2.664455
1.807937,2.322577
0.638638,2.689035
2.207307,2.592057
0.253364,-0.331843
2.346738,1.401857
2.319019,1.538802
1.019784,1.167103
2.389794,3.230362
1.367995,2.320814
2.809493,3.178317
1.541955,1.118578
3.111132,3.069525
0.373456,1.499386
3.012573,1.729487
2.607651,2.139174
1.665866,1.560865
2.100214,3.204477
1.660680,2.096095
4.706014,2.281749
3.485223,3.004679
2.671984,0.329738
0.535267,0.705833
1.264935,0.378965
1.521047,1.606242
1.408759,1.174967
1.039086,2.141281
2.442813,2.685057
3.283685,3.986188
0.929431,-0.315005
1.638898,2.519379
1.890242,2.055341
2.552692,2.124539
2.054244,2.095915
3.056169,2.990147
0.851177,0.432043
3.147202,2.995786
3.288044,1.949702
2.234618,1.524336
2.464305,2.617732
4.198553,2.456983
2.384424,0.453591
3.745747,1.945908
2.206977,2.635036
0.706776,3.098649
1.524282,0.593125
1.683336,4.390024
0.785101,1.374470
1.798416,2.071937
3.204994,3.362033
2.390381,1.486242
1.708789,3.223966
1.072819,3.143990
3.768538,3.246408
3.944694,2.735271
2.559592,2.874902
2.108567,1.429277
3.190485,4.668177
2.805625,1.689334
1.659680,1.864126
2.205181,2.353712
2.620329,3.380242
3.166097,2.560527
0.836142,2.040101
0.098780,1.154578
3.051171,1.510138
0.097838,1.468534
2.121354,3.042543
1.537036,3.038313
1.456560,3.435212
0.420427,2.217972
2.199145,2.604175
2.417426,3.261415
0.022895,2.419919
1.220494,1.944588
2.137061,2.678441
2.271065,2.386926
2.025017,1.672713
2.133136,1.757840
1.790524,2.867189
1.674554,2.021620
3.050334,3.473792
1.739809,1.341470
1.338925,-0.950302
0.964316,1.677121
1.442869,1.619082
1.089010,1.957185
2.479039,2.778235
2.705641,1.611873
1.661093,1.096732
3.566739,3.027628
2.177627,3.206106
1.176139,2.558522
2.140170,3.014340
-0.637202,-0.281169
0.907031,1.600549
2.938645,3.524462
1.864475,1.604727
2.418606,3.112590
1.775304,3.908949
2.512780,1.289473
2.584201,2.306067
0.353115,-0.531474
2.369561,1.831733
1.828571,1.306688
3.084099,2.888805
2.555405,1.963160
1.874276,3.058971
2.843967,1.709839
2.373036,2.427372
2.344254,3.970232
0.533568,1.963741
2.707256,0.613558
1.102146,0.238578
2.599231,2.755556
0.279774,1.333062
1.371051,1.059224
2.110745,2.456688
1.667986,2.557304
0.985426,1.576768
4.123552,4.251541
2.010257,2.178283
3.315657,1.990871
1.777061,1.420760
1.837758,1.166844
0.273253,1.274318
1.849584,1.636296
1.065518,1.458066
1.271947,2.314813
1.390789,0.138378
3.299790,2.519529
3.332512,3.269764
1.490993,1.469575
1.899334,3.025792
1.706783,2.049766
1.062024,0.938782
0.439710,-0.008105
0.757094,-0.217641
1.873111,1.230579
1.269544,0.791311
2.073369,1.422827
1.516215,0.860464
1.040119,0.044121
2.689572,3.641124
2.515997,2.508760
2.935373,1.622765
1.434221,2.699136
1.015361,1.247154
1.566507,0.506988
2.083949,2.479754
2.236354,1.989531
4.080459,1.999117
1.170096,1.413318
1.437464,1.000229
2.614010,2.620558
1.375968,1.144515
1.808788,0.802480
2.174874,2.104760
0.834101,1.041729
1.161695,-0.185990
1.797788,1.977186
1.869664,1.056304
0.534745,0.547709
2.949441,2.933416
0.879588,3.662823
1.065891,1.115553
1.621394,2.572451
2.590735,-0.320815
1.429168,1.457135
2.695377,3.575591
-0.223654,0.333142
0.144941,1.949061
3.647814,1.790242
1.554943,1.307332
3.229154,3.150984
1.444411,1.295440
2.793166,2.569659
2.981608,1.052126
2.795817,1.451477
2.209788,0.648745
1.327565,0.918400
2.323003,2.617458
2.610635,2.889381
2.912392,2.355658
2.218243,1.079663
2.970835,3.219061
1.938950,2.107642
1.687568,1.744944
1.424658,1.522094
4.612318,2.864434
0.330311,0.330383
1.349919,1.004215
2.276925,1.823560
-0.262177,-0.008935
3.288970,1.637431
0.372336,0.209058
0.927480,1.783477
2.064597,2.737049
3.018412,2.027986
1.070639,0.912449
1.345494,1.756415
2.225803,0.669266
2.669114,2.344639
2.505578,2.934585
0.299528,1.644713
2.147777,2.439743
1.303433,1.924689
1.850197,3.670777
0.721285,1.673935
0.690705,1.224841
2.959166,2.820193
3.222318,3.637390
2.166805,2.126282
1.185801,0.728807
2.207358,2.229332
3.726512,3.460448
4.445522,3.860001
1.035751,1.483018
2.494730,2.535529
2.932140,2.929797
-1.460632,0.385169
1.874356,2.034500
3.249223,2.447434
1.948785,1.423893
0.432141,2.001826
1.661073,1.762811
3.081793,3.829403
3.199453,2.781444
0.654104,1.683862
2.608465,2.199550
3.204555,2.006701
3.356314,1.743184
1.211189,1.605712
1.991769,1.037365
3.008204,3.061719
2.018120,1.870851
1.395312,3.106088
0.645712,2.616391
0.049409,1.752680
2.633927,3.227098
3.205613,1.542227
0.851270,0.557577
3.121027,2.706463
3.036399,2.342701
1.326507,3.057322
1.747412,3.406683
1.066750,1.463022
1.345281,1.358937
0.602758,1.169738
3.293517,3.589769
1.465560,1.176559
2.197088,1.584230
3.968247,2.417870
2.996618,3.665662
4.489887,3.823407
2.804155,2.521995
3.405773,3.809661
2.536387,3.668793
2.586271,2.490658
1.874611,2.118852
2.181500,1.754389
1.469838,1.935985
2.449442,2.875810
0.614993,1.320887
1.106579,1.278500
3.215552,2.405908
1.251587,2.194351
-0.903581,0.078240
3.397263,2.629991
0.133941,-0.080448
2.439060,1.478643
0.394414,0.894747
3.167737,2.173912
1.711850,1.756057
1.005887,1.552856
2.500947,1.957146
2.413854,1.863174
2.104532,2.120973
2.462291,3.092971
2.741742,1.899858
2.183372,2.425630
1.717028,2.139146
0.569539,1.874480
2.287463,1.218061
2.735216,1.730898
-0.463219,1.524182
1.007585,1.866043
1.599649,1.965705
3.420402,3.346470
2.622423,2.903779
1.078213,3.025035
1.063921,1.348433
1.393166,3.069187
1.860105,2.191778
2.165488,1.761334
2.949368,0.987401
3.165538,3.515168
0.467789,0.816010
3.345285,1.902431
1.604177,1.036982
1.248009,1.637874
1.568979,1.602581
1.727481,1.608027
3.031941,2.068442
4.156033,3.974923
0.319140,1.049220
2.169801,1.435796
1.195934,1.076624
1.126611,0.145523
3.073128,2.225858
3.752075,2.815030
2.266713,1.554512
4.802582,5.876856
3.163854,3.753082
0.914281,3.031654
1.388912,0.884307
1.856641,3.359369
3.182702,3.373582
2.285167,1.941941
1.599068,1.788628
1.534392,1.673367
1.591595,1.684960
2.569080,2.573081
3.008865,2.228489
2.350826,2.231403
1.511305,2.427683
2.333257,2.530109
2.202099,1.593471
1.434778,2.437499
1.725189,1.951773
1.626403,3.595262
3.395385,1.727601
1.312467,1.197650
2.535219,1.989665
0.201752,0.556343
1.442594,1.605209
1.066818,2.465442
2.945715,1.488778
0.999892,1.496593
1.671110,2.141863
2.310728,2.331420
2.409800,1.818312
1.676275,0.264017
-0.483265,0.394097
3.651855,3.427689
1.950022,2.341908
2.840814,2.872839
2.473702,1.736083
2.299887,3.218692
3.230344,3.708223
1.418615,1.200057
1.372896,2.536391
2.911246,2.309593
1.846439,3.011764
1.578786,0.182896
0.719116,1.538024
0.461993,0.847101
1.465722,2.610939
0.272282,2.517181
1.092961,1.246509
3.307263,2.726346
3.351105,3.136042
1.199837,1.196166
0.946373,1.283947
2.305276,2.392901
1.521541,1.660764
2.254029,1.484979
1.245738,3.504199
1.673037,0.199196
4.011759,4.087951
1.486201,0.966259
1.085390,1.145045
1.763158,2.519273
2.603971,2.317265
1.435316,1.403920
0.000039,0.693864
1.480184,1.430679
1.403744,1.081136
2.213600,1.297307
0.954515,1.245120
-0.913056,1.479243
1.304733,1.373159
2.366941,3.271691
1.548871,2.086906
0.914172,0.089749
2.918684,2.682258
1.011385,1.566253
2.397413,3.153965
3.459152,2.621410
2.376705,1.823273
1.086170,1.372548
0.594572,0.347386
1.500639,2.711021
1.331737,2.825742
2.708022,0.355236
0.523831,1.436558
2.131611,0.220633
2.868519,2.279814
1.857471,3.599394
2.028472,1.991911
1.237296,1.806598
5.211281,4.564923
3.023358,3.423664
2.242494,2.257882
3.954977,3.645125
0.329544,1.738994
2.045179,0.709713
0.547325,1.271327
3.114007,1.088971
1.470246,0.878079
1.666015,1.734409
0.730394,0.605027
1.223781,2.802396
2.162876,2.977199
2.673277,1.670735
1.653142,2.344847
0.090306,1.565000
2.748898,1.761649
2.866801,1.685271
2.359095,2.017429
2.472943,0.267007
2.998082,2.272564
1.528840,0.414995
1.867773,1.739645
0.798783,1.394615
2.172333,1.617666
3.480633,3.727718
2.328016,0.753149
2.942246,3.194575
2.201618,1.210971
3.415399,1.578910
1.457192,0.157317
1.547870,1.512909
1.279306,0.487052
2.796167,1.097740
3.380647,3.976980
3.659986,3.431769
0.750850,1.497535
3.369799,1.781296
0.887636,2.229893
2.975171,2.171859
2.168774,2.740383
1.555876,0.316269
2.127552,4.467548
2.027120,2.280012
2.354249,2.844211
1.018665,1.318461
0.655745,0.329000
2.111960,2.343366
1.483358,1.711305
2.956078,3.268594
2.614532,2.033555
2.452631,1.491108
4.291012,1.675543
0.208982,0.764714
2.434732,1.767509
4.854981,4.126453
0.908954,1.851129
1.364563,1.522955
1.035080,0.706543
1.252490,0.867908
3.265947,2.260234
2.592347,3.251415
3.159751,2.126722
1.217902,1.545872
0.910071,1.422671
2.614163,2.690265
2.351211,1.432052
3.296994,2.616272
0.442640,0.029896
1.166636,0.697976
0.778997,1.681489
0.981119,1.368946
0.617989,0.996343
1.326000,-0.293920
1.556713,1.840037
2.521258,3.100842
3.617542,2.963357
2.951948,4.510574
1.117086,3.283970
1.080576,1.528674
3.030863,1.984513
1.582850,1.511336
3.918271,2.401413
1.919778,3.740745
-0.019249,0.185740
2.039172,1.702852
2.121699,3.496878
0.824145,-0.069274
2.296673,1.846807
1.770984,2.956892
2.902957,3.369427
1.440403,1.298252
1.152755,1.300406
1.707037,0.184832
2.337955,2.266142
4.857176,3.771223
2.230495,3.178701
3.021184,2.203105
2.100992,0.483081
3.974546,3.612954
3.958590,2.548911
1.065405,1.941379
0.762435,1.871212
1.989441,-0.139149
1.874736,1.345128
2.367081,2.927496
4.374034,2.622926
1.207417,1.695203
2.321543,1.441629
1.015673,1.695976
2.514785,1.337464
1.949359,2.787193
1.013887,0.687350
2.297068,2.135379
2.052469,1.471402
3.910053,5.102822
0.751954,0.139554
2.992299,2.855199
1.664624,2.660142
2.348992,1.556369
2.708959,3.574593
0.950528,2.011088
1.919256,3.757693
3.155283,3.864884
4.048913,3.258581
0.232432,1.063797
2.732459,2.213622
1.655788,2.169929
1.144217,0.687983
3.317362,3.474331
3.046464,1.745830
1.848768,1.635654
2.181775,1.287331
2.237045,0.919947
2.838294,2.595379
0.099128,0.883954
0.358585,1.775662
-1.140939,-1.099350
0.263579,1.276214
0.250291,2.024530
2.612478,2.113793
1.814425,1.631725
0.942796,2.505545
2.566427,2.261748
1.963201,1.734883
3.947641,3.367514
0.685944,2.123491
3.579570,2.420288
3.011614,0.936019
3.253377,1.517334
1.199024,0.429693
0.011843,1.125364
3.095707,2.023747
2.219939,2.115292
2.088500,1.311956
1.220939,1.486267
2.650811,1.938771
2.568566,1.751664
1.906671,1.992110
0.890234,2.656476
1.612402,2.616999
1.920294,1.682049
2.132608,2.073782
2.237374,1.278054
2.941873,3.596171
0.849384,1.595020
1.482178,2.249403
0.988338,1.775967
3.292860,2.195908
2.345203,2.327819
3.147855,1.271165
0.645993,0.371947
1.228159,2.472708
4.286652,3.774959
2.503408,2.167098
1.426676,2.873811
0.937750,1.895785
2.658879,1.259506
4.565774,3.036367
1.672549,1.704319
2.366296,1.997719
0.669250,-0.153654
1.195528,1.197441
1.464456,2.641094
0.853186,0.613637
1.125924,1.489816
1.891432,2.095687
2.748883,2.442783
2.052157,2.953533
2.731304,1.433590
4.226147,1.026883
2.409421,2.447066
1.127820,3.107974
1.236891,1.767343
3.605434,3.240792
2.814503,2.028422
3.596778,1.788655
2.667875,3.541968
2.376969,1.870567
1.420991,2.588382
1.726167,2.266541
3.042496,2.423866
0.747120,2.639774
0.470365,1.053193
1.168320,2.569389
2.458619,0.164957
2.743661,3.081801
3.996354,3.098765
2.734140,2.477975
2.393482,2.104362
1.417875,1.152651
3.007686,1.658513
1.448639,0.777141
2.834851,3.047941
2.927167,2.401214
1.939408,1.612926
0.035502,-0.039327
2.435783,0.494089
3.288801,2.201887
2.618748,3.034286
0.930859,1.275490
2.511708,1.880852
-0.000033,2.071222
1.413357,2.352720
1.324880,2.080385
3.252595,2.764459
1.051268,2.263759
3.725175,1.691875
1.926444,2.936575
3.960154,2.783234
1.922956,1.806985
2.099540,0.870814
1.683847,2.879032
2.294622,3.771535
2.499719,3.349101
2.895446,1.750537
2.157863,2.702792
1.446701,2.565170
1.348128,0.165097
3.740358,2.435564
2.226619,3.330834
1.787226,1.242199
1.307462,2.711768
0.217922,0.477306
4.154362,4.451649
1.078168,1.302801
1.192287,1.549352
3.512354,2.626115
1.745419,2.810833
2.435324,2.891226
0.943896,2.530093
2.913475,1.158717
0.370766,2.508821
1.776889,0.989227
3.413477,2.460508
0.428745,0.101417
2.653084,2.494648
1.490624,3.058275
2.288242,3.468885
1.290752,2.497778
0.587013,0.671811
2.239764,2.305943
2.910557,1.253591
0.532620,0.778405
4.041035,1.973512
3.630520,4.401000
2.763501,2.308600
1.835270,1.319222
1.479064,1.574328
2.859234,1.286483
2.408640,3.011176
1.987963,3.193333
-0.360236,0.296149
0.346806,1.067533
2.362609,2.562760
0.518190,-0.005364
3.467181,2.332987
2.690122,1.686650
0.442078,0.658435
1.307793,1.009128
3.642137,2.332743
2.612581,2.960107
1.248170,1.851366
3.289433,3.289024
2.687863,3.089329
2.171194,0.999021
-0.007750,2.331073
1.358428,1.195594
2.378669,2.169605
2.532616,2.785014
3.930786,2.041089
1.799203,1.820436
3.135996,1.853299
2.244162,1.253987
1.237843,3.002815
2.120619,0.751487
3.028144,3.179963
4.191925,2.190200
1.378484,1.699420
1.478253,1.741288
2.387655,1.725466
0.788072,2.317956
2.944447,1.923707
3.416407,2.549677
2.894358,0.754731
1.297711,1.941624
4.046772,3.067591
2.002729,1.859259
1.620549,1.479412
1.065262,0.744093
3.383052,2.319611
1.348255,1.377876
1.144625,1.757747
4.319283,3.179200
3.291919,2.475855
1.864464,2.863613
1.108529,0.815638
2.570332,1.864899
1.821501,2.024022
0.902352,1.700791
4.069965,3.917420
1.020392,0.582277
1.166614,0.860162
2.416957,1.280066
2.589231,3.314723
1.223109,1.249537
3.041165,3.084969
0.039769,1.782636
3.104211,1.444343
1.410205,1.134242
1.042767,1.323839
2.735963,2.794207
0.941523,0.792369
3.690490,2.101845
2.873782,2.463646
1.850285,0.729435
1.322988,-0.014165
-0.881885,0.843633
2.701593,1.053900
2.241419,1.854578
2.958060,3.249070
3.070749,2.355843
2.463845,1.888936
0.468121,-0.067594
1.545425,1.690947
1.479965,1.909054
1.103496,1.369942
1.775996,1.834473
2.575772,1.663974
1.932080,2.173347
1.561573,1.741858
2.230285,2.173205
2.322860,2.636084
2.101222,2.281783
1.487959,0.778600
1.466642,1.499852
0.357745,0.141445
1.390293,1.405647
3.462652,2.941962
1.453837,1.021142
3.938500,3.907097
2.880082,3.011900
0.271939,1.041396
0.949973,0.388461
2.646204,1.601768
3.055841,2.128957
2.448727,3.814584
3.126621,4.496760
0.670985,1.170778
3.756279,2.174104
2.162371,2.787492
2.519097,1.475597
0.163434,1.847817
2.141572,2.250909
3.513895,3.099508
1.380518,1.735374
2.576775,2.302531
2.526528,2.248064
2.617236,0.649699
1.889401,2.239376
2.733721,2.254388
2.629578,2.150528
1.930403,2.059406
3.492659,4.145539
1.284665,3.217628
3.465655,2.598341
1.969112,2.382337
4.103964,3.274864
1.961964,1.013840
1.040464,0.586581
2.473758,3.084002
0.399564,0.815961
0.070118,1.746754
2.329157,3.267549
3.106913,3.531815
1.440288,2.683238
0.699909,1.269692
1.487370,1.995738
1.977103,1.915907
-0.030754,1.532136
2.003862,2.241499
2.735134,1.123435
1.491510,3.091214
1.592053,3.706597
0.784160,1.185658
1.972899,1.055692
1.508995,2.950394
2.001632,3.062764
3.791631,2.593473
0.359271,0.347434
1.784984,3.147725
0.460710,1.381464
2.637005,2.350087
1.382922,2.077321
2.354991,2.525728
1.125047,2.411817
2.100014,0.593213
2.649401,1.720618
1.046445,1.969599
2.046113,1.777986
1.835638,2.044557
3.163698,1.944987
3.141881,4.409064
1.388879,1.751390
1.532040,0.276572
3.310984,3.695216
2.611673,0.880366
1.888757,1.488534
2.865671,2.532247
4.410113,3.818739
2.331386,2.888488
1.817597,2.456466
4.627515,3.788417
1.672925,1.364060
2.170111,0.365508
1.686409,1.047270
2.142042,3.133089
0.476414,1.511114
-0.398918,0.867886
2.618049,2.759687
1.297396,3.326485
1.137595,0.948714
1.855807,0.623609
2.252228,1.314306
3.070096,3.854632
0.984531,1.441743
2.791633,1.525275
3.490396,2.521116
1.664278,2.740456
1.905947,0.257379
2.960438,2.240277
3.909355,4.475476
2.269752,2.156609
0.790287,0.878596
2.086985,2.659062
0.934756,1.231224
1.475928,1.330360
2.014381,2.127401
2.936253,2.368191
-0.197257,1.810699
1.282745,-0.040513
3.824987,2.634278
3.287979,0.479255
1.806367,3.213467
1.403730,0.894636
2.091676,2.658918
1.456602,0.923465
2.485972,1.919962
3.262854,3.043111
2.886603,1.625959
1.198817,1.682138
1.781524,1.013454
3.484161,3.951492
3.020473,2.129804
3.226301,2.950979
0.886719,0.381270
2.617830,3.269764
2.909991,0.790689
0.362157,2.490625
4.869983,3.634277
4.504549,4.429245
1.089550,1.195051
0.379221,1.209772
-0.054208,1.106003
2.315596,2.382322
2.867624,2.636968
1.988906,1.903999
1.002658,0.672490
3.242016,2.372405
2.134236,0.731097
1.510482,2.837982
1.783905,1.709300
2.545882,1.516317
2.839891,2.644710
1.290996,2.239146
1.243453,2.596227
0.212224,1.007491
1.434492,0.443778
2.736249,3.254222
3.306708,3.016336
0.625442,2.038815
2.545129,1.895185
2.259244,1.185700
2.154064,2.146064
1.979983,2.068487
3.086208,2.359215
3.457069,1.836974
1.256638,2.151295
1.441624,1.179127
2.330194,3.074508
1.337966,1.555387
0.502595,0.476169
2.422382,2.022565
3.021090,3.682430
1.836387,2.346319
0.600263,0.209511
3.784240,4.265310
2.221722,1.489269
1.262909,2.049005
2.970454,2.669122
1.081905,0.360283
3.254468,0.630057
3.204557,3.362075
1.617546,0.255517
2.123285,1.747567
1.783503,0.565700
1.954387,1.300696
1.772378,1.841309
1.979141,2.456953
2.028599,1.895792
2.269867,2.347465
2.302276,1.313134
2.830244,1.775058
2.330673,1.738341
0.996119,1.668846
2.800277,2.797970
1.534683,1.359374
3.176857,2.084453
0.808826,1.711539
1.797019,2.563157
3.904170,5.231725
2.065030,2.206806
1.579723,2.975430
2.181390,3.655851
1.345487,1.968151
2.939209,1.630990
1.038450,1.349858
0.917688,0.723911
1.669021,3.057109
0.339577,0.348925
2.246642,3.057172
1.920357,2.519620
1.442533,3.006547
2.365511,2.846041
2.563982,2.282475
1.987547,2.726155
0.925805,1.483544
2.023426,2.163606
0.757895,1.687206
4.465958,4.193736
1.859588,2.528840
1.698234,2.417417
2.804120,3.064175
1.957590,0.483208
-0.772322,0.418564
2.413032,1.584624
2.109727,2.193529
0.868045,2.368705
2.130958,2.693668
3.326077,2.912476
1.328122,2.019385
2.872714,2.431923
0.154167,1.316075
2.937793,0.701148
-0.164739,-0.184670
2.531871,2.009511
1.480765,1.867348
1.639763,0.713701
1.255356,3.285901
1.891761,1.719237
2.562498,3.068432
0.669818,1.544406
2.043502,2.404754
0.016859,1.087742
3.952107,1.406102
1.343703,2.142272
2.947691,2.938901
2.176227,2.280513
1.826465,3.116976
2.311364,1.432347
1.837548,0.573361
0.392066,1.383125
0.875542,0.717296
2.387636,2.471658
2.399493,1.746756
2.662638,2.296265
2.674271,3.352235
2.199480,1.891101
3.541781,2.381408
0.637078,0.009821
1.389950,1.552584
3.507158,5.299609
1.791401,1.023731
2.599158,1.449974
0.872276,-0.035382
2.817785,2.088223
1.245231,2.615548
0.649854,0.250858
1.631465,1.713371
1.638821,4.061376
0.725258,0.914374
0.024002,1.236108
1.766124,2.092088
1.163537,0.217384
0.663098,0.437985
0.682205,0.676978
1.724779,1.690470
2.595618,2.325563
1.962736,-0.351428
3.435712,2.710240
2.178884,3.688864
0.614804,1.206836
1.884829,3.219880
2.304370,4.446352
2.723924,2.461889
2.908376,1.835269
-0.061644,0.727250
1.559206,0.335537
1.582789,2.103818
2.345705,1.185331
1.007815,1.129365
3.754648,1.899398
0.249384,2.699839
2.794012,2.964460
1.673107,0.403455
2.845734,1.985575
0.484484,1.810006
2.283138,1.441404
2.698717,2.068219
2.897359,2.795321
1.257057,1.747314
1.978603,2.035656
2.719231,1.422019
2.153132,1.569506
2.981481,3.352186
2.415897,2.643651
1.741043,0.790805
2.825432,1.015009
1.352321,-0.006746
1.776657,3.115037
2.801802,1.604404
1.037194,1.727727
2.810819,2.285892
2.480587,2.273563
3.730073,3.548649
0.903070,0.007100
3.097129,1.913511
0.868254,2.071451
1.601820,0.353809
0.850293,2.284043
1.319414,1.797824
2.298400,2.518509
0.765213,1.093422
3.309058,2.853017
0.790362,1.115105
2.173897,1.619881
0.139437,1.801849
0.184750,1.627342
2.560733,2.060564
2.116112,2.154686
0.177757,1.343644
2.249265,0.818078
3.341638,3.582101
1.277453,1.197886
0.882865,-0.199576
3.378604,2.714323
2.345064,2.871350
3.139133,1.591293
2.107846,0.347894
3.739055,2.116349
1.727604,1.913652
-0.116611,0.797215
0.607193,0.895803
2.781994,2.910102
1.135045,1.838852
2.164728,2.653514
3.329665,2.286387
2.953985,2.978611
3.232408,2.807664
1.732616,0.703486
2.400931,2.472563
2.035835,1.536544
1.023333,1.613785
1.053656,0.972054
2.785430,2.102798
1.922684,1.545528
2.717059,2.268772
2.492583,2.691604
3.071825,3.374841
1.704531,1.123652
0.326657,0.344278
3.492784,3.211541
1.721254,2.170222
2.728727,1.717156
3.275081,2.621481
3.050535,1.915561
2.304906,2.964364
0.194702,0.950164
0.382032,1.356150
1.447386,1.109590
2.088277,1.667658
2.155669,2.223836
1.170372,1.593695
2.112379,2.167918
1.290912,1.958307
3.854183,2.776794
1.071476,1.010606
2.499011,2.235511
1.949407,2.507344
2.947181,2.971959
1.588722,1.984990
1.549041,2.064947
2.966871,2.025068
0.022804,-0.278461
1.820822,2.498662
0.890010,0.345482
3.486076,2.243923
1.139383,0.101276
2.512507,1.535222
3.400501,3.108125
3.157961,2.466333
0.050214,0.475110
0.780994,1.605654
2.307207,1.867489
1.700191,1.868642
2.427676,2.557524
2.697428,2.525971
2.924800,1.655928
4.505694,3.566631
0.592440,0.282759
2.390214,0.265769
3.550446,2.195957
0.964219,3.386175
0.753615,2.449228
1.537914,2.902783
0.259192,0.149822
3.125922,1.808111
2.226706,2.308602
0.888630,-0.406344
2.855485,1.041177
2.213890,2.525285
1.261578,1.850602
1.365627,1.946049
2.484322,1.436456
3.876926,3.330238
1.489614,2.743546
2.185408,1.988839
1.801130,1.531118
0.308383,2.287717
0.054204,0.151244
0.918815,2.497671
1.790275,2.469467
3.138497,2.827658
1.357873,0.639678
2.898000,1.323791
-0.368560,0.894468
1.583345,2.090857
0.964986,2.349298
2.083160,2.815428
0.459267,1.674593
4.256310,3.657035
2.807834,2.957422
4.768745,2.723122
-0.188202,0.429487
1.713367,2.077039
1.374590,2.371940
2.454405,2.641020
2.326476,1.279618
1.116939,0.671262
1.061431,1.176343
1.105964,0.064584
3.392276,2.486581
1.113828,2.655297
1.775325,-0.534644
3.390224,0.177270
0.752398,1.870567
1.992862,2.076843
2.328448,1.544006
1.741836,1.510428
1.251157,1.137530
3.513600,1.977736
2.958073,4.270582
2.227170,2.565744
0.737080,0.174275
2.609492,2.477331
1.030735,2.918286
0.333522,0.954397
0.833880,0.655661
1.891673,1.590159
2.515554,3.719429
1.530499,1.548572
2.755245,1.249030
2.678442,3.014595
2.567082,2.349368
2.431869,1.749400
3.644421,2.032063
1.817584,2.436193
3.435453,3.411405
2.251313,1.261733
0.961247,0.575531
2.168328,2.007059
3.029160,4.037912
2.945764,2.709243
0.751959,2.212862
3.158491,2.712007
0.570933,1.034647
1.944314,0.893183
2.412323,2.244487
3.580243,1.905674
1.764961,3.119249
1.261609,2.635900
2.227317,1.462609
0.787386,0.999713
1.701187,0.632859
0.565966,1.634855
2.152515,1.345593
1.734199,2.345490
1.496315,2.097398
1.447593,0.799146
3.019094,2.981555
1.892643,2.678489
2.420352,3.440734
0.827585,0.827890
2.331174,1.563628
2.674126,2.265790
0.786313,0.714442
3.017358,3.272713
1.297117,1.271706
0.338870,1.116378
3.184289,2.632856
2.637177,0.970988
2.589498,0.827915
0.660044,1.567317
1.900786,1.224907
2.109289,1.595911
3.062084,2.723341
1.373377,1.417191
0.360758,1.126539
2.234020,0.625094
2.779141,1.714768
2.505123,1.811847
1.796434,2.857597
1.084864,2.091979
3.357245,3.415220
0.409661,1.915957
3.516426,3.164942
1.200473,1.008194
3.563444,2.013445
3.666050,1.977149
1.501217,2.397527
2.963171,3.220901
1.269328,1.266620
3.201796,3.588008
2.125578,1.969073
2.430181,2.516969
0.363161,2.753809
1.147147,2.658288
1.739939,1.640411
2.482222,1.260486
2.731150,0.739085
2.692169,2.802013
0.250669,1.681293
2.126997,2.282714
1.812264,0.482770
2.063425,1.235532
2.378316,1.919293
1.347817,1.898121
1.054204,1.402403
0.924332,2.778355
2.472329,4.167939
1.965547,2.536439
2.633300,1.930759
1.059280,2.101408
1.861421,1.319305
-1.726808,-0.528234
1.368184,1.015220
2.681329,2.401490
1.558777,0.568172
2.655318,3.194865
2.108725,1.338411
2.226062,3.663959
2.372593,1.009057
3.301069,2.939557
1.067836,1.662845
1.765113,0.274763
1.093188,2.519098
0.666305,1.025215
-0.338086,0.271199
1.074731,1.119179
3.113949,2.238740
1.948468,1.736966
4.044537,3.018743
1.912106,2.639385
2.049952,1.977888
2.843108,2.866274
0.779837,0.935413
3.931133,2.679610
1.602252,1.377936
2.370955,1.758221
1.714491,1.413573
2.587223,1.736000
1.312358,1.091226
2.070356,0.876764
-0.140274,1.137100
4.054902,3.252965
2.246221,0.926492
1.900648,2.327280
1.890558,2.429397
3.722532,1.478351
0.661556,1.637371
0.935380,-1.271806
2.334101,0.365419
0.234899,0.722766
2.434283,3.214506
2.328743,2.629159
0.949549,2.693717
0.726861,0.129595
0.906234,1.261074
3.571533,2.875304
-0.202089,0.155765
1.240188,1.028143
2.453971,2.481236
2.977079,1.483826
2.514963,3.222848
2.316835,2.342540
1.640026,1.953076
1.556381,0.457685
1.128633,1.883661
1.852686,0.439769
0.921282,2.637358
1.844094,2.327588
1.836893,0.811423
0.162111,0.661612
2.381111,0.719084
1.058699,1.565109
0.749042,0.437776
3.196457,2.514218
2.996747,1.877901
0.218840,1.546538
2.365941,1.973181
3.224273,3.920234
0.886676,0.249482
1.883993,2.318284
0.406722,0.606498
1.741093,1.920412
3.957510,2.510719
2.193299,3.206190
2.555230,2.025626
2.542696,2.405039
0.601530,0.450333
2.668331,2.693576
0.731465,0.228641
3.273276,2.772285
1.544367,2.232608
1.650872,0.605155
2.985087,2.661825
2.037216,0.777208
2.822332,2.229589
0.920291,1.448552
0.548018,1.886696
2.858404,1.670998
3.941798,2.103691
2.589415,2.205192
1.309502,1.326416
2.482636,2.366638
2.387074,3.412481
3.250588,2.110657
1.004611,1.578776
3.065255,3.920256
2.829290,2.455186
1.544723,2.131348
1.639113,1.589295
2.161642,2.573862
1.199850,3.005204
1.953863,1.030447
2.389518,2.437710
0.169107,1.580212
2.809880,1.876246
2.793070,3.045498
-0.264683,0.274411
3.743371,3.017367
2.951327,2.129324
2.151228,2.520623
0.863505,1.955269
2.523102,0.568952
2.994700,2.836606
1.441743,2.303161
1.937248,1.987955
1.921572,1.666551
1.361839,2.487671
2.087775,2.057563
1.380199,2.677973
2.071679,3.847526
3.345887,2.691666
0.839879,1.870196
3.761817,2.669115
0.587171,2.931591
1.044753,0.796656
4.054206,4.135849
1.877589,1.494894
2.657166,2.816331
1.879798,3.752246
0.357504,1.015417
2.252390,1.592226
1.198354,2.837651
1.145877,1.349570
0.927009,1.472620
1.166532,2.147095
1.122965,1.981517
1.987298,1.733172
2.808378,2.141068
3.846088,2.934148
3.068476,2.561130
0.725838,0.568276
1.653964,1.927284
0.912907,0.337322
2.245809,2.139610
0.343679,1.687785
0.972544,2.205453
1.932443,1.759839
0.735386,1.223004
2.138278,3.135699
2.345972,2.015148
1.271052,1.182219
1.332182,1.994122
2.485623,2.870474
1.309556,0.353088
2.025101,1.195634
0.609491,1.621396
1.202038,3.411666
0.688170,1.395099
0.944591,1.928518
2.764948,2.959555
1.868215,1.468079
0.981628,2.213323
2.392475,2.338051
3.604142,1.817153
1.338292,1.312558
2.452182,1.465408
1.612354,2.708948
1.984697,2.013881
2.438466,1.202084
2.086402,0.831204
3.338338,2.289124
2.327976,1.975523
2.453689,1.548433
0.712202,1.546229
2.389710,1.911344
2.656811,2.346666
3.692452,2.732844
1.104208,1.406020
0.734274,0.435079
2.517029,2.109130
2.606382,1.946428
1.750765,1.779869
1.816024,3.067173
-0.225778,0.940800
1.135766,1.897535
0.012137,0.772457
2.310650,2.702922
1.955015,0.960298
1.696561,2.796953
4.204405,2.953977
1.975933,2.329613
3.239139,3.112350
0.966481,1.035133
1.482782,0.890668
2.276972,3.125845
2.273005,1.087409
1.911258,3.475839
2.333524,3.267853
2.415710,2.412534
2.795366,0.694385
3.223584,3.309917
2.128978,3.125559
3.108314,3.673569
3.367895,3.015790
1.970563,3.872993
3.221064,3.099004
2.695699,4.295269
1.583993,1.720966
0.649496,0.796919
1.743983,1.875708
1.758099,1.265658
1.780411,2.590746
1.816910,1.702666
2.463863,3.961913
2.079217,3.066455
2.494518,1.201068
0.788227,1.042768
0.934761,0.752353
2.271537,0.509010
3.069696,1.796703
2.088666,2.560478
2.091661,2.955503
2.299230,3.184467
0.358954,1.372480
3.360803,1.235350
1.558446,1.433211
3.125453,2.569174
1.326421,0.189081
1.485453,1.703411
1.987240,2.631773
0.734420,0.438448
1.899568,2.521633
1.268632,1.140925
3.373285,1.155638
3.243431,2.104120
1.529049,1.285146
2.249632,2.240576
1.976971,3.530219
0.066678,1.684784
1.422882,1.393404
0.942087,0.261120
3.055245,2.453733
1.928233,1.166128
2.935485,1.333629
2.341909,0.824806
2.198692,3.415859
0.790658,1.164971
2.026748,1.495789
2.850475,2.488233
3.184639,3.437087
2.424422,1.491000
0.338025,0.944938
1.644517,1.157177
1.687466,2.314838
1.066736,2.668637
2.428765,1.924205
2.083045,0.818397
1.849891,0.549179
1.771106,1.122833
1.133595,2.040937
2.466944,1.267323
3.140960,2.412301
3.077385,4.204863
2.472403,1.336885
1.090013,0.388685
2.195633,1.370363
4.430085,3.065644
1.939256,2.837553
1.629791,1.769996
3.105692,4.375778
1.865997,1.746579
0.395544,1.643041
1.123639,0.876552
2.374575,3.363498
2.208543,4.155800
2.506194,1.445310
3.705632,2.428027
1.881638,1.875246
3.248568,2.892112
2.890016,3.479318
2.236480,1.858078
3.265614,2.965459
2.200302,2.518028
1.459328,2.251388
3.349861,1.489450
1.609705,0.673672
2.980177,2.937060
2.003644,1.472808
2.662035,2.271008
0.774579,0.771901
3.317172,2.359389
2.098343,2.336201
1.518782,1.642940
2.941054,2.517113
1.937463,0.791371
2.104623,2.702086
1.338442,1.145526
3.017175,1.695057
0.885393,2.204172
-0.414712,-0.028265
2.503968,1.584158
3.538658,3.715617
-0.670860,0.599953
0.910226,1.155828
2.900517,0.476770
1.629317,1.049976
2.769342,2.446085
2.667993,1.950357
2.267125,1.708848
2.656707,1.169529
2.733527,1.637232
2.483812,2.627211
3.800306,2.977899
2.213851,0.800673
-0.141882,1.062526
2.821878,2.034668
2.548846,1.101384
3.963574,3.504239
2.068876,2.163303
1.895408,3.169354
3.863960,2.725698
2.159385,0.997737
2.977831,3.101185
2.978920,2.845835
3.036925,2.175262
3.750868,3.890431
3.164219,2.995977
2.546750,2.340242
2.032809,2.226437
2.008910,3.251606
3.713191,3.486600
1.037416,1.514189
3.248355,2.440110
2.572294,3.171522
2.513231,2.768354
0.586912,2.955305
2.134288,1.323144
3.402454,3.126601
3.208481,0.997782
2.469540,2.766892
1.976722,2.945345
3.011135,3.688018
0.730300,1.686797
3.198795,3.513348
3.282229,1.876087
2.810909,1.905931
0.946075,1.459138
3.360157,2.635936
2.365896,2.293491
0.783060,1.473842
2.085818,1.825169
2.889771,4.181768
1.609777,3.164617
0.817522,2.842806
2.190920,0.758900
2.616667,2.447532
2.945249,2.568188
3.180943,3.186665
2.296450,1.292341
0.287934,0.351447
3.522088,1.892549
2.078332,1.817844
1.393552,1.250182
2.198432,3.869150
1.749792,1.495683
1.620398,2.094440
3.158579,3.316273
2.136168,2.643468
2.943367,2.338665
-0.055545,1.175367
4.275659,5.432421
2.417876,1.709693
3.346798,2.397680
3.152408,2.025276
3.693308,2.652928
1.694888,1.744978
1.551799,1.485429
2.884397,3.378838
2.546779,3.193394
3.353455,2.665978
1.975772,2.650177
1.837581,1.857583
1.285455,-0.551529
3.439856,2.358667
3.893190,3.173670
1.700198,1.108551
3.149666,1.427112
2.920661,2.458962
2.281123,0.606207
1.850640,2.937458
3.443234,1.327673
0.524753,1.259650
2.118972,0.375188
1.076813,0.303537
2.792576,2.089798
1.269828,1.090029
1.544850,1.620751
2.555701,1.608917
1.162337,-0.301057
1.454649,1.831306
0.306253,1.694343
1.853785,2.384179
0.504163,0.438986
3.115793,2.731324
2.943948,3.315765
1.138675,1.017633
2.892967,3.914618
4.311297,2.765343
2.028553,2.280338
1.667393,1.601253
0.443173,0.508342
0.710474,1.497428
3.204527,3.034796
0.413326,-0.091025
2.498951,2.669526
2.802602,2.008898
1.702531,3.134541
2.782353,1.454278
2.205808,4.412613
1.976124,2.410702
2.507539,2.828525
1.062315,0.410052
2.305725,0.899979
0.113879,0.382415
2.506427,2.208553
2.671159,2.212253
4.168576,4.070610
1.876808,2.365469
2.838574,2.067538
2.812917,1.200549
2.806702,0.944882
0.687208,1.371478
2.471531,3.132670
2.407931,1.398921
3.593644,3.910080
2.140383,3.235353
2.337638,1.638055
0.154803,0.731249
5.408594,4.922202
3.598555,2.798757
1.948318,2.302366
1.234714,2.312587
1.161316,1.736063
1.182103,2.468902
2.419055,2.128752
3.122193,4.178357
0.599817,3.533423
2.306913,2.395491
2.077663,0.975763
1.672158,1.706819
1.676700,2.849304
2.645218,2.920120
1.093535,0.386913
1.084459,3.429763
1.842264,1.336067
1.588953,1.020860
2.669075,4.041439
1.729421,4.181134
1.357142,3.490407
2.672557,3.698051
1.148351,1.986097
1.410540,0.912795
3.158951,3.108033
2.042772,1.570928
1.594818,1.924444
2.590620,2.985592
2.581403,1.881422
1.706609,0.929618
2.359460,2.431511
0.713419,0.906203
1.691310,1.393668
2.092413,2.043535
1.893973,1.598006
1.026109,0.652943
2.107116,4.849912
1.626925,2.940094
0.310808,1.256023
2.028154,2.314839
2.108684,4.098832
2.864636,2.610735
1.967995,1.860555
1.871699,3.266038
1.016010,1.338058
1.813885,2.878161
1.617046,3.187438
1.288789,2.518571
2.062805,2.134338
-0.158208,2.035717
0.210115,1.087250
1.743140,1.236191
2.200848,1.287799
1.454538,1.894588
3.678772,3.717511
1.682563,1.598853
2.360782,1.019059
2.154449,3.189387
1.829565,2.169444
2.463554,2.483048
3.570595,4.416607
0.966793,-0.098225
2.593912,3.034792
0.724632,0.722534
3.168929,2.960312
3.226370,2.557524
2.727970,1.798645
2.636419,2.710953
2.525764,1.101783
1.847690,1.465756
0.985986,1.766484
2.164513,2.778660
2.062944,3.386706
2.515697,2.868447
2.670922,1.654027
1.526850,0.912718
4.913312,2.031299
2.069857,3.445765
1.270066,0.551467
2.556744,2.091831
3.629202,2.680370
0.898356,1.402244
2.431071,1.095925
3.064711,0.760866
1.140824,1.399399
2.356793,3.973218
3.290371,3.820677
2.139042,0.899372
2.851194,1.214366
4.998971,3.931094
2.211885,2.856141
1.894850,1.988396
3.143521,2.613509
3.417827,2.192853
2.476903,2.551415
2.657671,2.334168
1.648563,1.147809
2.873522,3.436976
1.605438,1.934097
1.229687,1.686329
0.779394,3.170847
3.406024,2.819607
1.090971,1.233557
1.258741,1.428498
1.313788,0.306277
0.251897,1.422894
2.732808,3.363474
2.340565,1.733983
4.140999,3.130185
0.979836,1.793678
1.773988,2.590973
1.104061,1.258701
2.405032,2.846086
1.241287,1.915231
1.931621,0.569456
3.390922,1.492301
1.459238,1.246927
2.364743,0.889065
1.383885,0.189545
1.270233,1.388184
2.299142,2.028982
1.904981,3.200177
2.623688,1.354466
2.268350,2.396689
1.524788,0.920168
2.454012,2.477444
1.927969,0.559215
1.794381,1.330319
1.280179,3.281755
1.792800,2.547494
1.967414,0.787390
3.187667,4.008649
3.770470,2.106287
1.621031,0.601604
1.681833,3.656206
4.065516,2.809230
2.518239,2.277982
3.353334,2.194679
0.560813,0.823800
1.561842,1.424616
1.282874,2.215775
2.730402,2.995238
0.624811,2.169608
0.278147,0.348007
2.348994,-0.321174
1.018625,0.292742
1.988244,2.429349
2.034658,2.231112
0.817128,0.432908
2.034572,3.848036
0.582689,2.504928
1.913872,0.590277
1.933055,0.949106
2.031421,1.955707
3.807343,2.994533
-0.028937,0.209440
1.245626,3.058516
2.388860,2.297440
1.342307,0.941572
3.773384,1.519628
3.284045,2.338017
2.167906,1.557448
0.659915,-0.397714
0.677128,0.896881
0.928303,1.674323
3.926825,3.915272
2.793585,1.660607
0.743682,2.460222
4.582124,4.047654
3.042976,3.114754
2.584835,1.979158
0.584779,2.220960
0.065045,-0.674584
3.297326,3.856523
0.198434,1.012124
0.721606,0.496119
2.470189,2.585625
1.954720,2.617814
0.636115,1.684198
1.434903,1.680725
2.293502,0.330510
1.791401,1.843879
1.859279,1.771655
1.913304,1.338701
0.784979,1.258629
2.218261,1.520744
1.190585,1.397245
2.682599,2.625937
1.179412,1.730985
1.531972,1.624504
0.492716,1.730512
1.655186,1.067734
3.188278,2.644338
0.167236,0.448932
0.218547,0.098348
2.261167,2.187111
2.466651,1.693000
2.744263,3.245600
-0.136061,2.308920
2.551934,2.199279
2.105040,3.230768
1.732667,0.855733
2.305069,3.257584
1.288948,2.047337
3.703362,1.825637
2.413859,3.101625
0.386502,-0.042962
-0.385859,0.443961
3.099384,3.313418
2.464518,0.039035
0.855528,2.028250
1.685431,1.623709
2.265420,2.034098
3.362190,2.674666
2.304034,2.417528
2.916780,2.047651
1.156712,1.527326
2.213847,2.720126
2.360914,2.423979
1.457458,0.853717
3.087906,2.942771
3.319520,3.042071
3.474881,1.011197
1.631801,1.449112
0.868682,1.084214
0.767925,1.957964
2.114482,2.113659
2.742960,3.982497
2.629043,1.623312
2.449272,0.269491
1.917607,2.825918
2.738039,2.020117
3.365365,1.355436
1.441821,1.318934
2.370174,2.101506
1.661088,2.314525
2.725907,1.364270
1.252304,1.750873
1.284388,2.359629
1.418003,2.529379
0.490163,1.072476
2.713122,2.582337
1.675933,0.178305
2.510924,2.167959
2.312855,3.185734
2.029198,1.318139
1.554819,1.396402
3.127390,2.414472
1.152864,2.091874
2.149333,2.693774
1.259596,0.000725
1.276653,2.107309
1.463261,2.701544
-0.075926,0.267429
1.713803,2.690786
2.530162,0.011331
2.199669,1.805069
1.753272,1.559614
2.505371,1.642158
0.536358,2.191400
3.432633,2.035578
1.997005,1.968349
1.600540,0.371345
3.539734,1.392031
0.683957,0.934502
3.062480,1.740209
2.858490,3.272757
2.907056,3.011061
0.404552,0.056964
2.641632,3.023639
2.201575,3.921559
0.866516,0.702344
2.989964,2.564194
2.064270,2.447837
1.617908,0.581396
0.815684,1.433369
2.983115,1.896403
2.429134,1.369545
1.675408,0.551525
1.565981,1.485364
2.536931,2.434100
1.660836,0.468578
2.732810,1.981066
2.375784,1.691103
4.058772,3.003634
0.458298,0.705027
1.957395,1.674783
2.259615,1.829803
1.493262,1.594071
2.887486,3.141210
3.922403,4.336263
3.268566,3.172511
3.033166,3.035989
0.747783,2.250610
2.847118,3.822591
2.111752,1.661085
1.459907,1.223983
1.874735,0.882465
2.076391,3.019992
0.731121,0.696089
4.513388,4.314338
2.088305,1.855531
1.947177,1.470267
1.856873,0.690160
0.153818,1.703897
3.247533,2.333933
2.237938,1.050717
1.875343,2.977870
0.371116,2.351312
2.157516,1.546678
2.030916,1.880328
2.130164,2.106360
2.665825,2.948043
3.578351,2.861525
3.232729,0.973175
2.360611,0.307457
2.066525,0.773715
2.091105,2.610235
0.038129,0.154581
3.240157,4.193852
2.165894,2.235801
2.629565,0.404187
2.199186,1.789492
0.578303,1.305417
2.777712,4.040338
2.384321,0.837079
1.434303,2.469129
2.362604,3.740182
3.705589,2.914361
2.128083,3.505017
3.006641,1.843824
1.283846,1.945027
1.557566,1.286227
2.104683,1.454450
-0.022523,1.121682
0.665074,1.459190
2.172079,0.927717
1.394412,1.508678
0.502185,1.309604
2.365469,0.681244
2.356023,1.798131
1.989219,1.573671
2.009459,2.468493
2.313447,2.435038
3.732050,2.899649
2.046946,0.816754
0.433971,1.408370
0.732927,3.731661
1.398080,0.448801
1.320863,1.386726
3.207607,2.137698
1.437370,0.839424
2.548740,1.627715
2.711388,2.584459
2.958004,0.369645
2.358408,1.612287
-0.685858,2.256895
3.172259,1.450030
2.001496,1.796067
-0.540534,1.126055
1.543910,0.957216
1.280534,1.545540
2.570123,1.011893
1.026554,1.134362
2.387409,1.787253
2.528663,2.845921
3.120070,3.909569
3.942222,1.883542
0.851236,-0.006851
2.058139,3.192677
1.160517,-0.372485
3.269405,2.386726
0.370872,2.010004
2.228153,3.642899
2.445980,2.782103
3.162076,3.040146
2.253806,1.938647
2.170121,1.163090
2.546391,2.984263
0.849170,0.826356
1.184768,1.942848
1.757524,0.803999
3.017948,2.327873
0.075658,0.583851
1.415639,1.781875
2.174745,4.112936
1.223431,1.946591
3.139164,3.918808
2.969881,1.647098
3.458431,2.193536
3.079784,3.140332
2.167912,2.501981
0.613314,0.483810
4.065110,3.823152
1.009460,0.923520
0.449090,0.902032
3.537197,3.646779
1.202611,2.282967
-0.029714,0.878011
1.280439,1.956627
2.876937,1.414059
1.781418,2.146708
2.379087,3.705709
1.815169,0.443408
0.971312,0.662997
2.134555,3.213832
1.094622,2.993807
3.604451,1.872794
1.848255,2.637478
3.467980,2.137879
2.533587,1.069899
1.904708,1.564085
2.263694,0.879865
0.967275,0.784240
0.858832,1.818708
2.561248,3.443505
3.919213,2.549075
-0.256800,0.855053
0.389261,0.019047
1.647617,2.174972
2.383630,1.637494
2.669101,2.882963
3.471359,2.376496
1.706736,1.611577
1.400811,0.975900
2.291606,2.715159
3.032298,2.374170
2.640448,2.430746
1.153419,-0.223369
0.509164,1.246951
-0.925387,2.211300
0.297492,1.223159
3.729766,2.543544
2.537104,0.839028
2.534475,0.399553
1.162987,0.841286
2.264550,1.516178
3.026824,4.261520
1.018993,0.667505
1.622198,1.231306
1.370591,2.129730
0.848798,2.189767
1.536594,1.564678
2.898661,2.420155
2.049388,0.547562
1.182915,0.901771
3.258296,2.159571
1.423301,1.408660
1.255627,-0.007449
2.546815,2.454594
2.648068,2.654186
1.481062,1.965546
1.347357,0.043885
2.030962,1.384020
1.411931,1.843264
3.305273,2.404121
1.545202,1.568606
1.861205,2.519192
1.631128,1.101498
3.368859,2.106940
2.682608,1.259448
1.305474,2.522311
2.574207,2.038003
-0.485035,1.024667
2.592655,2.731668
1.613526,1.817187
0.384832,0.472062
1.450217,2.138880
0.501050,1.437949
2.313355,0.754655
2.013029,2.832450
1.370084,2.196213
0.954148,-0.222815
1.179723,0.849359
1.210574,1.169353
0.092917,0.223004
2.344764,2.764639
1.150409,2.288506
0.374443,2.849507
2.146289,2.046669
2.480146,2.565815
1.659292,1.940502
2.246724,1.636903
2.951131,2.575958
0.333000,1.689799
2.537445,1.595862
1.024466,3.116131
0.859497,1.410240
0.396007,1.936574
3.194431,2.802391
2.164329,2.751444
1.483184,2.239496
1.753001,3.124953
1.712772,2.407318
0.407185,1.522310
1.277840,2.097187
0.234877,0.748478
2.340367,2.923418
3.206287,0.858286
1.541573,1.658223
1.373560,0.623466
3.219642,3.388323
1.623840,1.717673
2.516429,1.447702
2.294509,1.946103
0.881344,1.260670
1.378810,3.102695
1.953988,2.511774
1.328982,2.960134
1.866570,1.982984
2.022875,2.219387
0.538248,1.384092
1.125023,2.826348
1.463063,1.024882
3.402924,2.987910
1.343429,1.940630
1.370225,0.275679
2.969141,1.791498
3.473344,2.845525
1.296807,2.068202
3.225937,2.416661
3.434196,3.648548
1.802535,3.465567
1.730818,1.559372
3.302555,1.807885
3.495682,2.873541
3.104854,2.105682
1.416294,1.930559
1.429611,3.364763
3.483630,3.541794
2.464646,1.913946
2.607674,2.600714
2.391251,1.999375
3.933780,2.315668
2.450911,2.048815
2.224950,2.116328
2.558704,2.346297
1.977204,3.501150
2.878086,2.507105
2.997110,2.256529
2.029777,1.927543
2.539642,2.256166
2.422514,2.824240
0.657572,-0.217270
1.636343,1.681292
1.072553,1.769346
1.842018,1.802197
2.758725,1.993765
2.726165,1.441576
1.960868,3.067721
1.468354,2.361018
0.815766,0.638736
1.971374,1.669528
3.180221,2.227253
1.165497,1.374124
-0.085231,0.886821
2.213078,3.053420
1.655773,2.872633
2.947390,1.894965
3.061477,2.316812
3.013984,2.441375
0.360061,2.156105
2.520221,3.783734
2.239762,2.587645
3.170515,3.694550
3.579684,3.893619
1.681706,1.872714
2.361688,2.911214
1.766290,1.556337
1.465963,1.370358
1.605005,1.479126
1.524969,2.099692
2.961521,1.727684
1.166213,2.355604
1.581857,1.899999
1.666966,2.406085
2.387974,1.934075
1.308053,0.777514
0.676728,1.782663
2.133740,0.884504
2.077483,1.875483
2.358172,2.500924
1.563124,1.104571
2.268951,2.027892
1.120608,0.863508
3.855744,2.282309
2.066208,1.305526
2.086478,0.755258
3.131996,1.801427
1.299192,1.948040
2.249710,1.163774
2.528693,2.763007
3.582194,3.341059
0.776299,0.596344
3.592822,2.985413
1.476041,3.616350
0.192012,0.922947
1.696798,2.897427
2.443317,3.519892
1.272024,1.120678
1.237046,0.789825
2.606614,3.584579
1.772932,2.374713
0.784193,0.061939
1.339353,2.908988
1.770753,1.070970
3.091110,2.563029
2.520812,2.758160
1.792455,2.071693
2.763582,2.692748
3.707785,3.852791
1.694411,0.269666
1.886846,1.275832
1.225690,1.384337
1.617104,1.681928
0.675926,1.023336
2.561557,2.660272
2.238260,2.400660
2.701937,2.025126
1.799530,1.855320
1.286065,0.871109
3.897405,3.533534
3.200694,3.616366
3.943824,2.955453
1.541816,3.085766
2.922948,2.935353
0.755695,2.239756
0.779457,1.873363
1.856050,0.646927
1.264167,2.112828
3.118233,2.538474
2.309273,3.081896
2.220422,1.899576
3.143656,3.076262
2.369876,2.613216
2.900885,3.078792
3.004791,1.755494
3.737972,2.560952
2.118249,2.239245
1.612549,1.920102
2.127699,3.186102
2.157904,2.608053
1.954352,2.329973
1.988796,2.382431
1.599479,2.413319
3.593948,1.824056
2.308493,3.377411
2.087821,2.179883
2.879699,2.945253
3.323672,2.447891
2.126012,2.571110
1.232564,1.811608
3.378653,3.371989
2.936509,1.404327
2.111371,1.860944
1.516382,1.597629
2.012844,2.938607
3.955777,3.891512
3.983117,3.070923
2.182597,0.908399
2.042003,4.423948
2.351918,4.002439
2.411546,1.886717
0.840852,2.177446
3.247649,2.737399
1.122592,1.410586
0.788155,1.303267
0.344738,0.523326
1.647045,1.968767
1.699355,2.547443
1.400626,2.188806
0.967812,1.396266
2.070666,1.060336
2.054928,2.898312
1.737314,-0.203116
2.479974,2.503594
3.172734,2.350214
0.798019,2.379395
3.844849,3.674373
1.208680,1.988894
0.842926,2.604329
1.318970,2.630963
2.530779,2.588762
2.599810,3.500674
1.925396,2.283217
1.978171,2.564599
2.153138,1.158486
2.825149,2.797380
0.497344,2.360240
1.233837,2.241368
2.390292,4.403248
1.500263,1.450658
2.696231,1.589031
1.756037,3.666473
3.360637,2.352369
3.207231,2.009050
1.442289,2.531199
3.215364,1.842040
1.775128,1.719354
1.358869,0.904361
2.300068,2.150537
2.119201,1.726639
3.405525,1.555147
2.132028,2.847251
1.499222,1.028109
0.888964,0.860260
3.984801,2.332417
1.131460,0.758456
4.181049,1.921773
2.140325,2.545076
3.130841,2.077596
1.854177,3.097369
3.527208,2.885507
0.704365,1.198541
2.169094,1.520648
2.242497,1.704668
3.284279,2.204221
1.351156,1.290750
1.651787,1.803460
1.745512,1.490794
2.824768,2.009487
3.785550,2.663517
3.117981,1.514941
2.676025,3.718165
2.031773,1.579937
0.856884,-0.791366
1.210829,1.099363
1.265652,1.374606
3.573682,3.669142
2.805393,0.613407
0.160801,0.472009
2.000806,0.835277
0.857155,1.946660
1.785089,1.775718
2.881973,2.665767
2.157433,2.729428
2.453689,3.018340
2.857759,2.595407
1.818388,1.114592
1.160122,1.713116
1.653759,2.815542
1.381499,2.483775
0.567464,0.326163
1.760237,1.122669
2.992173,2.796714
3.648850,2.711243
1.744629,1.230980
1.234971,1.534383
0.134685,0.659022
0.834117,1.236001
1.147959,2.312692
1.315773,1.525836
1.552783,2.091012
2.938326,2.224527
-0.166645,1.697769
3.138933,2.469939
0.743786,1.277306
0.965895,1.862497
2.043495,2.373465
2.210841,1.352349
1.108268,2.345979
2.213083,2.365652
1.963317,1.678653
1.753819,1.073754
0.532792,1.158998
1.962261,3.660270
2.215894,1.492946
0.796092,1.290763
3.797392,3.271732
2.838078,0.678511
1.847337,2.005317
2.889612,3.160256
2.589183,1.397889
0.784710,1.622564
2.350210,2.151629
1.471369,1.270705
3.428747,3.915684
2.899225,2.509382
0.804436,0.670458
1.743664,2.253331
2.021967,1.102769
2.034144,2.070296
1.619807,1.909029
0.347140,-0.828720
0.559528,1.742904
1.898394,1.248079
1.654347,-0.537636
2.005885,3.177567
1.522294,3.118758
3.865312,2.753210
2.251713,2.669112
2.437475,1.947075
0.013178,1.526623
3.213747,1.503980
3.748791,3.988081
1.400427,1.463425
2.463680,1.659137
0.593678,2.271864
3.958623,3.881122
3.585579,2.095113
2.788751,3.168424
0.919149,2.379436
2.871506,1.113284
2.899450,1.513071
2.754836,3.335395
1.538052,2.125617
1.914333,2.704863
1.799676,2.916359
1.805032,1.598035
1.825252,1.807392
0.495012,0.740450
2.120642,1.882151
0.915824,1.623738
2.814975,1.659333
2.873209,2.689046
0.956883,0.706706
3.394886,1.634166
0.404721,0.973749
0.829791,1.791479
2.100365,2.184956
0.621042,0.800623
1.055913,1.926464
1.507290,1.379121
1.640524,2.418164
0.743846,1.912078
1.224433,1.821039
2.677024,2.095875
1.611047,1.036861
1.328416,2.707439
0.792061,1.093850
2.318154,2.194775
1.266834,1.230335
1.875599,3.091374
2.131358,1.554102
1.099616,2.070835
2.972897,2.772444
1.987490,2.439778
1.728402,1.176928
2.776861,3.808660
2.834309,3.105493
2.033077,2.195521
-0.949151,2.089130
2.922645,3.906551
1.611387,2.659242
0.466113,1.875858
2.198001,1.308425
1.137633,1.255631
2.440626,1.964402
0.326803,1.930173
2.724230,3.346182
3.056133,1.588861
2.288652,1.455514
3.757245,2.975504
3.213422,2.566735
3.345819,2.950679
2.429885,2.805499
1.355906,1.616054
2.335115,2.072687
3.131426,2.318431
2.270512,0.510810
2.231674,1.908145
2.193642,0.768630
1.817699,2.160684
4.186710,3.112382
1.822419,2.336566
1.561724,2.122178
3.729139,2.140389
2.541492,1.312139
2.283252,3.215530
2.120307,1.552163
2.294052,2.914974
2.423706,1.209149
2.745964,4.627766
2.794850,3.322546
0.617903,0.765500
3.233018,1.806969
3.058738,3.435433
0.941147,0.545688
2.132527,2.830009
2.456806,2.731289
2.168533,1.759065
1.131880,2.895032
0.930209,2.022710
2.247645,3.343581
2.196390,0.696794
1.789165,1.275890
3.273817,3.403593
1.457371,1.608979
2.259809,1.929224
0.455157,-0.727413
1.236316,1.251739
2.764189,2.715790
3.504060,2.908570
2.816205,1.265088
2.043340,1.079579
3.797436,2.717018
1.104600,-0.873464
1.998124,1.246488
2.001254,2.605185
1.859861,1.179165
2.864840,3.486981
1.664112,1.379143
1.840180,1.394350
2.714254,2.718217
1.395879,1.705130
1.939342,1.178763
0.801241,0.458860
2.762312,1.443656
1.901765,2.434002
0.558676,2.120617
1.411007,1.687920
2.717373,2.055633
0.684205,1.635275
2.571172,3.294268
1.993656,0.879847
2.056724,1.007177
4.183881,4.023778
1.834261,1.719191
-0.672413,-0.293562
1.657776,2.087367
1.917454,2.846933
1.529777,1.844949
3.322669,1.758339
2.292896,2.575530
2.239257,2.530985
1.985942,2.416521
2.749510,2.942400
3.324224,1.785941
1.374869,2.911186
3.203468,3.322860
0.159263,2.459293
2.742893,2.110892
2.440127,3.580643
2.936501,2.565905
3.159241,4.043213
0.574031,1.419806
3.086677,3.693828
3.419555,3.477595
1.667306,1.977489
1.541008,1.532974
3.431953,3.967074
2.366779,1.464159
2.589127,4.129149
0.580684,1.286641
3.844191,1.327195
1.154425,1.521112
1.762064,2.886870
1.177565,1.353660
1.944155,1.995122
1.839893,0.982417
2.091383,1.170792
0.576445,1.108574
2.555725,2.636321
1.987344,3.491457
0.246436,0.942660
0.575998,0.727794
0.726416,1.951141
1.969422,2.040526
0.868181,1.514679
3.747663,1.560833
3.200469,1.103555
3.295390,2.421103
2.082240,2.902678
0.846973,1.355714
1.124173,1.780293
4.157219,4.167417
3.301209,3.810349
3.902904,3.722466
2.084496,0.966738
0.913818,1.420441
1.321195,2.019197
2.235117,2.387036
1.997570,1.985021
3.203262,1.960730
2.487702,2.095754
2.212001,3.064055
3.100915,2.929406
0.535356,1.444485
1.242049,0.651268
1.852272,0.789301
2.329792,2.148036
2.679599,2.317785
2.918473,1.936079
1.349549,1.167099
1.743662,1.907439
1.906203,1.999008
1.555301,2.973698
1.331985,1.350367
2.446571,2.327750
0.888359,2.388299
2.859207,3.518981
1.767588,0.280869
2.689140,1.624622
1.806326,1.447975
2.318232,1.907176
1.261804,1.490837
1.719701,1.880322
1.635194,1.373222
1.144483,-0.090312
4.399030,2.590349
3.464391,4.137561
0.918613,2.126390
2.542345,3.287806
1.867496,2.034082
1.836336,1.080054
-0.906564,0.425317
3.005840,1.915102
1.984998,2.167256
1.661511,0.492790
2.517269,0.988254
1.675855,1.568351
1.095787,-0.450215
1.664934,-0.038897
3.987945,2.310851
2.370038,1.196339
3.066306,3.269073
1.588826,1.628676
1.226031,3.054941
1.470856,2.276548
2.425164,1.327288
1.851682,1.195885
1.926095,2.231498
4.486068,2.876566
1.544258,0.880512
2.450531,2.616970
2.125208,2.542796
1.944971,2.143574
2.511030,2.704625
1.326839,0.759091
1.233091,1.181531
1.299535,1.428306
1.854070,2.203800
0.830945,1.067042
1.769823,1.401338
0.319404,0.959741
1.994029,1.871376
1.456209,0.850005
3.507815,3.580215
0.173771,1.765080
2.071125,2.114713
1.682248,1.417899
1.595480,1.510078
0.762639,1.485620
1.400981,1.195663
0.090142,0.574054
2.166309,1.405366
2.026877,2.141257
2.828307,2.535990
2.115627,2.171547
3.594184,3.458914
2.337233,2.316349
0.077226,2.129622
2.029719,0.795297
2.001150,2.597113
1.087795,2.075121
2.266059,1.902558
0.453021,0.511692
2.142899,3.618033
5.043179,1.548134
0.878341,1.789042
2.292682,0.990226
2.190067,1.911899
1.759271,3.171341
2.748387,3.064492
0.775204,1.156646
0.643303,1.207017
1.444755,1.811590
1.661512,1.275973
2.650434,3.604478
0.867912,1.119891
3.253766,1.696049
2.600164,1.251214
3.299867,3.279135
2.488789,2.834099
2.441271,1.834637
3.902944,3.050056
3.319449,2.094141
2.858587,1.711335
2.021600,2.262011
2.502780,2.928188
3.735059,2.622882
1.754529,2.441570
0.442615,2.055005
2.389886,2.262385
3.521206,2.267440
2.189987,1.414115
1.663921,0.201535
2.081675,1.075936
2.440973,2.980085
2.843222,2.327438
1.810835,3.595865
2.508983,2.560535
2.064154,2.285571
2.632786,2.431969
2.090331,1.227324
0.463880,1.649360
1.439824,1.509700
4.377791,4.802082
2.462039,2.215765
3.396383,3.889971
3.195296,3.313720
1.451208,0.981880
1.320364,0.573373
2.132403,0.827617
0.669020,1.545010
1.791032,1.397748
3.409488,3.018848
0.973465,1.103427
3.907333,2.782606
0.670783,1.158695
3.951591,2.185760
3.466982,1.615623
0.909144,3.360769
3.476017,3.289992
0.489294,1.238382
2.201988,2.055639
3.134875,2.867219
1.236617,2.341731
2.632005,2.442170
2.709380,2.934706
1.006403,1.636051
2.939980,3.086843
2.081045,3.092095
2.899458,1.379944
1.961118,2.419591
2.044583,1.532787
3.000614,2.013109
2.769703,1.914024
1.610450,0.709312
1.866947,1.921251
0.636344,1.725712
1.220808,1.573737
3.442589,2.373719
2.356429,3.108350
1.502166,2.370823
1.494523,0.768571
1.978720,1.965726
2.551294,2.016451
0.947986,0.999958
2.390005,1.587227
1.917803,0.912695
1.364926,1.847155
2.198422,2.516075
1.858886,1.819525
1.957899,2.019681
1.857372,1.917614
3.032080,2.879869
1.721903,1.819192
0.863985,1.484071
2.837110,2.670483
2.271800,2.267451
1.696821,2.308343
1.231157,2.461702
2.206580,1.375990
2.102782,2.706571
4.070851,2.724971
1.515275,2.466197
0.976627,0.759521
1.045161,1.117429
3.330283,3.322206
2.076875,2.995106
2.661192,1.383279
3.309281,3.288301
4.355052,3.836887
2.328430,1.271414
0.543679,1.734685
3.029511,2.731467
1.139224,1.137917
3.279314,3.135993
2.184559,3.292757
1.632126,1.318369
2.530957,1.222835
1.876151,3.429430
1.488612,2.418698
1.141930,2.456212
3.825153,3.636935
0.097491,1.053664
0.855576,0.848812
2.978730,1.951566
2.546437,3.353498
1.588833,1.522259
1.488668,1.631120
0.690352,1.643038
2.786251,3.059897
3.378771,3.511791
2.133517,0.819797
2.355904,2.365430
1.936726,1.658122
3.042235,2.988228
3.547206,3.314564
2.449374,2.315108
3.238227,1.730547
1.851853,2.782673
-0.312124,2.127210
1.133457,-0.063481
2.365110,2.342325
2.039330,2.108864
0.455990,-0.626061
1.796023,3.439849
2.336665,2.730246
0.860711,1.347210
1.364621,2.303231
3.021602,2.525238
2.570844,0.501405
0.621506,0.924899
2.682727,1.052214
3.313528,2.914944
2.339053,0.262437
1.497272,1.137240
2.066694,2.320287
2.122979,1.410550
2.618511,0.299113
2.313233,2.466915
3.212190,1.385280
1.967723,0.719335
1.981952,2.134986
1.398324,2.567335
1.832399,2.259854
1.741936,2.354892
0.724427,0.861969
0.595233,2.050562
1.017289,0.631999
0.978038,1.226809
0.748133,1.316768
1.544278,1.978250
1.631791,1.926124
2.263415,2.011691
0.234282,0.711810
2.635205,2.357788
1.453347,0.717160
3.987698,2.579249
4.146744,2.847929
2.330041,3.715279
2.221624,1.858361
3.321596,3.178469
3.689279,3.319862
-0.119806,0.543997
1.832629,2.530752
2.852009,2.051331
1.095318,-0.046957
2.153661,2.459695
2.485500,3.136105
1.933563,2.597474
1.614029,1.371017
0.851194,0.185858
0.244377,1.419311
0.379343,0.553399
1.644537,3.721334
2.696631,1.883089
2.655206,1.673515
1.847176,1.241508
1.765079,2.732858
1.452074,1.467658
1.845891,1.858147
2.374655,2.372128
1.638000,1.511838
2.054805,1.218136
2.890147,2.155827
1.845828,3.133009
1.909694,0.832770
1.816407,1.425824
3.333832,1.848093
1.840225,0.476362
2.518157,1.571846
1.495275,1.160924
2.166815,2.066081
1.731464,1.744469
2.296677,1.778275
3.923031,2.804480
1.530688,1.224869
3.277913,1.872185
3.840862,3.137655
1.509459,0.952389
1.954699,1.351639
1.622601,1.270850
3.201320,2.932367
-0.483233,1.306651
1.647179,1.510120
1.578387,1.895239
1.814071,2.255015
1.977656,1.661684
3.265152,2.805093
1.323327,1.291865
1.881452,1.598436
3.036953,2.798323
3.428617,2.342328
1.165931,0.745845
1.833165,3.451124
1.479957,1.108448
1.747550,1.511762
2.362533,2.837224
2.243105,2.318603
0.659867,1.571080
2.233379,2.719411
2.751545,3.201959
1.681910,2.060889
1.215559,3.299630
2.294773,3.266324
2.641305,3.145649
1.473863,1.528839
2.358396,2.499531
0.873794,2.663731
3.033426,2.477512
1.881439,1.625385
1.551462,2.621814
4.741397,4.143448
4.106844,2.911028
-0.381550,0.216618
1.216185,1.135656
2.226217,0.459652
1.510729,0.690885
2.207557,2.712709
1.683639,1.768259
3.130569,3.230383
1.434373,0.901886
1.297577,0.424885
1.226665,2.761993
2.063117,3.117102
0.204379,0.375423
2.842780,2.070041
0.231834,1.508528
0.761281,0.728442
1.125653,1.076813
2.202660,3.326837
1.095328,0.074726
2.880183,2.920165
1.738878,0.605059
2.098612,1.508185
1.792008,0.994121
1.410706,1.252492
2.779743,2.843432
3.957881,3.398787
2.593679,0.821925
5.396353,3.056986
0.889052,0.812293
1.988551,2.933706
2.216033,2.484495
2.213195,1.742196
1.358632,2.131893
2.390412,1.929856
3.445581,1.147668
2.359419,1.150308
1.499860,1.409436
1.558798,2.259127
2.617769,2.987017
1.860624,1.675843
2.506214,3.101452
1.333989,1.447592
3.190634,2.663185
1.708002,2.396497
3.653244,3.089440
2.390335,2.307114
3.235747,3.018214
2.787683,1.750091
2.372747,1.831578
2.013474,1.128146
2.326396,1.518007
2.370757,2.668048
2.005240,1.588217
2.960120,1.506513
0.441442,1.128899
2.233346,0.638313
2.682982,2.348436
3.227373,4.117323
-0.290068,1.771867
2.847100,2.964424
0.981215,0.727597
3.424035,1.558017
1.028751,1.009490
2.489700,2.773557
1.783364,1.951623
1.376833,2.999192
1.306092,2.925414
1.335875,1.687045
1.611120,2.585077
2.368212,1.436081
2.624898,3.047383
2.816929,2.754698
0.932466,1.236436
1.920393,3.330381
1.016630,2.034423
3.798337,4.129190
0.420526,2.120814
2.664647,3.870761
1.584569,-0.432720
1.276718,1.894338
2.528244,2.038150
1.729112,1.114131
1.781926,2.594361
0.211962,0.749946
2.142598,1.626200
2.320416,3.429994
1.557540,2.708243
2.610045,1.960756
1.673845,1.597310
2.135334,3.952703
2.079188,3.006780
1.900662,0.641199
3.018848,2.717338
1.886444,3.612900
1.728483,2.618232
1.423166,1.687188
1.346515,2.583646
1.851384,3.577719
2.724012,3.505524
3.374760,3.059055
2.162539,1.675844
2.850816,1.463845
2.606025,3.104290
2.319567,1.629039
1.463107,0.243176
2.565975,2.060318
1.443280,1.491444
3.015782,1.171565
1.359771,1.141945
2.274116,1.525553
2.034827,3.534115
4.062769,3.008570
0.397483,1.038229
1.658561,2.905157
1.496678,1.729338
1.572038,2.037277
0.464071,2.660044
2.250806,2.086759
3.097130,3.045232
-0.105550,0.878935
2.455809,2.485851
3.607308,2.638189
2.117807,1.623353
2.659730,3.149570
2.855006,1.287455
4.082136,3.512124
4.309934,2.441022
1.071139,0.973429
2.324086,2.135680
2.779903,3.190880
2.491894,1.734485
3.139951,1.912493
2.471631,2.232003
2.346791,2.401946
1.952609,2.183377
0.886742,1.479766
1.597168,0.749434
2.113675,2.767272
1.757794,1.079173
1.942119,0.998587
1.596542,1.570245
3.415993,2.981919
0.008710,0.211491
0.729715,-0.714211
2.617007,0.082670
1.684595,2.315813
1.674001,0.874731
1.366979,0.833264
2.358773,1.925451
2.199282,3.769002
1.414756,2.502075
1.579224,0.611283
0.695096,1.198510
2.677022,3.125873
2.082687,3.689145
1.330814,1.259666
1.695642,0.113654
2.775158,2.522739
0.599082,-0.471401
4.200763,2.756378
1.512290,0.918098
1.756357,2.519189
2.034832,2.238979
1.751828,1.321152
2.023057,2.265013
1.644319,0.851950
4.276104,4.955687
1.096557,1.296592
2.049806,1.485496
1.140245,1.993412
0.705449,3.196697
3.272759,3.435720
2.577097,3.456942
4.036559,2.702637
2.415440,2.681272
2.808414,2.222973
2.277776,2.035536
0.368875,1.054787
1.232586,3.329598
2.058690,1.089728
1.510096,2.045609
3.121755,2.069246
2.105235,1.745013
0.348460,1.089616
2.341959,2.767897
1.599537,0.205733
2.891336,2.880168
1.995267,1.943069
2.432171,2.106111
1.100251,2.234194
1.197318,3.635717
-0.362636,0.966619
0.456920,2.464908
2.667549,1.834945
2.956977,1.954034
1.744602,2.044432
1.832283,1.819852
1.016523,2.752847
1.001765,1.924274
2.642565,1.026977
2.529463,4.612273
2.768947,2.152196
1.512048,2.062451
0.526611,2.301029
1.105791,0.294858
1.353097,0.969006
2.666081,1.572091
3.482025,3.450463
2.363998,3.291811
2.089126,2.397716
1.558336,0.073040
2.537095,2.717979
1.177597,2.281094
1.200557,1.297490
1.571706,1.902782
3.350996,3.194621
1.555540,2.014091
3.434921,2.166123
1.219428,3.186794
2.122525,3.296453
0.604842,0.650308
2.332356,2.845175
2.260685,1.401581
2.343750,2.797330
1.353012,1.030222
1.725552,2.394191
2.299042,1.999715
3.040487,2.267802
-0.213219,-0.409421
-0.024172,1.659821
1.974772,2.343202
2.717342,1.105160
3.319624,3.368472
1.422196,3.313776
1.229414,3.180343
1.456467,3.368667
1.279778,1.843069
2.154742,2.731659
0.606481,0.461653
2.417308,2.170545
0.169267,1.024618
0.589461,0.903084
1.753976,2.177920
1.196775,0.949656
0.631776,0.997606
3.642151,4.525645
2.672262,3.531435
1.054316,1.384209
0.979723,2.078594
2.032511,2.825941
0.112751,1.872834
2.753376,3.161892
3.334635,2.330713
1.650345,1.727801
1.181488,0.835311
2.010340,2.221844
3.107901,2.384831
1.307908,0.758953
0.672289,1.279602
3.075012,3.605391
1.336055,1.758984
2.592903,1.652835
0.884935,0.783356
2.536318,2.993787
3.117809,2.168723
2.657868,1.992470
2.386819,3.193231
1.472438,2.724718
3.603807,1.876246
0.943172,2.799151
-0.067535,3.147839
1.594652,1.830204
3.652625,4.080573
2.057640,1.650219
2.152504,2.084404
1.110966,3.200681
2.236519,2.405833
1.958073,2.741504
1.986873,1.706963
3.546283,3.789591
2.298471,2.237731
2.307398,3.740680
0.542686,1.973392
0.710528,1.302845
2.067552,3.910939
2.937559,2.669152
1.009534,1.766075
1.704573,1.304284
1.258352,3.792884
2.114933,1.953161
2.495623,2.740293
1.836620,1.820394
0.787646,2.551184
2.493789,2.536873
2.413704,2.708402
2.755031,2.229588
3.215087,3.312882
0.697570,2.558047
1.818241,1.368557
3.788160,2.566873
2.183026,4.061068
2.042232,1.459266
3.259317,2.403209
1.869541,3.185796
2.749665,1.302199
0.569164,-0.570997
1.856606,3.166751
1.875431,1.405508
3.549740,2.583050
2.781533,2.788565
1.908863,1.760208
2.559322,1.508599
1.105877,2.386396
2.232125,2.049838
1.369017,2.487221
2.049429,3.500277
1.620870,1.649551
1.540335,0.358273
1.332741,1.763050
2.579809,3.040447
1.844020,1.665281
1.538655,0.966901
1.831732,1.700058
2.280901,2.783785
2.916408,1.443401
3.165240,3.954298
2.917378,3.196763
2.136676,1.768144
0.215638,0.395312
1.203194,1.488010
2.210063,2.190975
0.192812,1.280918
0.198709,0.420351
2.979708,2.539191
2.645124,3.412168
4.035077,0.979759
0.151608,-0.418993
1.663537,3.335148
2.478074,3.614679
3.170638,1.846842
0.061257,0.984354
1.019428,1.387084
2.097242,0.865084
2.367724,1.438961
2.997381,3.408334
1.188697,0.805329
2.752684,1.614533
1.613712,2.373788
1.041929,1.587105
2.860642,2.210513
0.905160,1.717159
2.362038,1.935866
1.169109,0.809160
1.422425,1.285582
2.101034,3.713346
2.251394,1.540650
3.849473,2.559473
1.360386,3.285515
1.782605,3.230059
2.703820,1.522669
3.050307,1.769319
3.184164,2.298416
2.892344,4.405141
2.160393,1.474115
2.225692,1.390212
2.834862,5.791553
2.130308,1.541295
4.421894,2.927744
-0.183801,1.318137
1.905235,0.790158
0.467433,0.917215
1.209733,1.655904
3.904170,2.706009
2.120042,2.763682
3.283162,3.107816
1.756578,2.549318
1.920830,0.910604
1.328753,0.165513
1.329165,0.779020
1.745042,1.971030
1.491531,2.166030
1.269162,2.052811
2.229855,0.965400
2.048282,1.484412
3.105569,2.815730
1.716476,1.966151
0.431801,1.739110
1.450219,1.967325
1.533847,2.301073
1.605500,1.551012
0.409420,-0.136763
1.417550,0.063257
0.577103,2.013672
3.582225,3.721175
1.254451,1.506415
1.604396,1.740619
1.763624,4.131669
2.218996,2.653157
3.698111,1.422248
3.524455,2.076848
1.358109,0.751241
2.977382,1.913051
2.276792,1.560334
0.989576,1.291615
2.070099,2.920332
1.982375,2.003872
3.302222,3.231136
1.054751,2.388318
1.512105,3.790213
2.277444,0.758032
2.021463,3.442463
0.914285,0.932379
2.452473,1.287862
1.349481,0.361713
0.592412,1.944454
1.474490,2.442102
0.265913,0.533881
2.185242,2.118389
3.026238,2.260655
1.698839,1.534890
2.461285,0.971349
1.565151,2.595269
2.960754,2.977280
4.258870,2.953408
1.455187,1.145903
0.205817,0.638260
2.078732,1.002250
2.699829,1.967193
2.590753,3.254646
1.051839,1.450776
2.551762,2.882492
2.994923,4.317933
3.684461,2.564002
1.798074,2.002234
2.618066,1.507938
1.861466,0.175517
3.338040,3.231057
2.483546,3.706171
2.241850,3.798877
0.486030,1.721086
0.325104,0.406332
2.928766,2.825758
2.845342,2.136151
2.025209,1.713505
2.774134,2.528731
1.046362,2.002779
3.539773,3.236572
2.713667,1.531147
2.029670,2.177666
1.512097,1.589255
1.756910,3.768940
1.005595,1.558315
1.007486,1.252095
0.857595,0.914467
1.680872,2.316101
-0.121190,1.390859
1.228273,1.744885
0.904399,1.890020
0.993557,0.756973
0.687028,1.030023
0.745302,2.127251
0.895027,1.811023
1.588091,3.086402
1.334485,1.460550
-0.247474,2.340357
3.414185,2.610452
-0.538890,-0.112195
1.892395,1.777009
-0.352160,2.259087
2.624509,2.527632
1.937306,2.670171
0.130910,1.751843
0.076336,2.595669
2.915021,2.080480
0.666094,0.788927
3.349631,3.033568
2.101717,1.455469
2.982536,2.774907
2.604347,3.239479
3.638172,3.728597
1.595362,1.504821
1.738522,0.367961
2.772179,2.442144
1.273509,1.492016
0.546684,-0.259102
2.313551,4.102640
2.897629,3.580691
3.882212,1.812894
1.874822,2.774322
2.770037,3.346132
1.975186,0.703496
1.408710,2.985784
1.567316,1.305824
1.982975,1.297712
0.478881,1.592141
1.779939,2.010645
3.541002,2.188965
2.369850,2.282448
0.618524,1.540951
1.244661,2.435200
2.278415,3.355751
2.064684,3.304379
3.010702,1.012415
0.962892,1.772438
2.581040,2.209780
3.100746,1.175594
3.397102,4.698727
1.786031,3.641296
0.029600,1.596795
3.367376,1.758975
3.164495,2.718040
4.292990,3.817564
2.821869,1.527448
3.011386,2.790787
2.136858,1.246035
1.678479,1.815325
2.285403,1.633389
2.306515,4.002967
0.951273,1.957005
2.154438,1.990413
2.492420,0.657732
3.364197,2.566422
2.833514,1.953818
1.671057,1.752504
-0.443136,2.030623
3.020008,3.167313
1.881070,1.866872
3.398084,2.480887
2.264478,1.319128
1.985041,1.739092
2.353971,1.400670
2.304104,1.423151
1.191135,2.530532
1.613046,1.934917
1.994058,0.590499
1.039165,-0.016425
0.864736,1.611646
2.276856,3.285742
0.623892,2.513871
1.886801,1.778257
3.317475,1.574120
2.413542,2.137644
2.484603,1.061499
1.918865,2.495116
2.344899,0.485084
1.511521,1.264947
3.342482,0.977966
0.618130,0.794929
3.138683,3.513884
1.090401,2.312945
2.262200,2.274196
2.257714,2.855662
3.125018,2.232027
2.671646,1.445783
-0.351120,1.576147
3.086118,1.699523
1.949554,1.467451
1.376270,0.589123
1.471441,1.585435
2.465635,2.705685
1.195744,1.282593
2.352141,1.479357
0.486816,1.531363
2.417699,2.293410
1.342034,0.208464
1.755978,1.197364
0.428416,0.491863
1.289144,0.527817
3.198387,2.964128
2.027875,1.517144
1.448263,1.238310
3.526171,4.078983
2.945098,2.583501
-0.231457,1.541355
2.209499,2.787285
2.621720,2.334847
3.386789,1.662445
1.773597,2.061762
2.037209,3.125000
2.696262,2.059051
2.315376,0.772694
1.415878,1.013708
0.499188,1.787318
1.851598,1.039624
3.800288,2.366216
1.112251,0.977451
2.584982,2.452900
0.674785,1.453524
1.301300,1.939186
1.692910,1.995023
1.808617,1.808556
1.166918,1.528200
2.498284,3.027159
1.480171,2.091584
1.684376,2.496116
1.691242,2.415121
2.588943,2.201689
1.644494,1.312721
-0.193486,0.372959
1.568465,2.388366
1.954774,2.877789
0.597937,1.851471
2.993119,1.770386
2.669225,2.387594
-0.541354,1.653658
1.696818,1.706209
1.890684,2.715374
-0.788293,0.997558
0.452832,1.576135
1.302844,1.255553
2.648277,2.627462
2.361060,0.907426
2.545425,1.719493
1.396842,0.847134
2.065763,1.365743
1.466730,-0.234027
2.226539,0.949281
2.338002,2.544188
1.664221,1.893488
2.189504,1.547659
2.126257,2.157891
1.863653,1.797973
1.321463,1.414850
2.016973,1.634320
2.834427,2.988456
0.732390,1.176252
2.300601,3.115341
1.932893,2.647547
2.142733,2.496040
2.695558,2.202506
3.100388,3.612463
1.466202,1.892645
2.142682,1.380432
0.667117,1.659896
2.416572,2.948696
1.477285,1.007186
1.989318,2.523431
3.852243,2.763725
3.755328,1.959012
2.054481,0.066349
1.297016,2.108699
2.588445,1.920078
1.797436,1.799269
2.445200,-0.183321
2.514836,3.076412
1.580294,2.332328
1.840453,1.705716
1.099262,3.424317
0.422945,0.918450
1.662982,2.201115
1.074527,1.493353
1.758459,3.542970
0.779812,2.793742
1.960752,1.715099
0.650706,0.951893
2.484635,1.284271
1.674890,1.181579
2.633073,2.142524
2.387474,0.852097
1.692458,2.672737
2.992341,3.165220
2.748654,2.344961
1.391841,-0.258648
1.575909,1.097981
3.012752,1.901189
1.442806,1.251401
2.220191,2.330028
3.147817,1.147129
1.977346,2.872787
3.849737,2.759799
2.732424,2.006800
2.570688,1.477611
2.359889,2.311895
0.815606,2.060396
1.282476,3.170537
1.744828,2.573704
0.257611,0.396919
3.144057,3.234961
2.666914,2.392482
0.892341,-0.330422
2.178649,1.300927
1.894018,2.638861
1.836978,1.611946
2.404704,2.720783
0.971776,0.070424
-0.255298,0.944199
0.659889,0.968321
1.490188,0.481356
2.195636,2.961450
1.817980,1.669601
4.385060,3.949586
2.769993,3.263528
2.479707,1.851407
-0.807915,0.230260
-0.015520,2.186695
1.690759,0.919805
2.286489,3.251392
3.822343,3.744563
3.830827,3.929671
1.120646,1.400061
0.205160,2.169987
0.720483,3.528133
1.341240,2.290405
1.719539,3.338853
0.362127,1.833578
2.580507,1.325089
2.449794,0.752774
2.195605,2.386686
-0.218011,0.100538
1.910673,1.847641
3.119372,3.205198
2.395205,1.426597
3.268537,2.786967
2.172543,1.714989
2.765449,3.054721
1.472679,1.593976
2.190137,2.784978
2.759552,1.570468
0.925832,1.279340
2.888835,1.317782
1.635785,3.654351
3.431937,3.180588
1.853909,2.174386
3.209500,3.383676
3.411496,3.508925
2.997928,2.132059
1.394830,1.159224
1.336341,1.843168
1.504317,0.296059
1.195878,1.212340
2.902091,1.752840
1.935789,1.013565
0.587651,2.515482
0.455598,1.847032
2.241310,3.004043
3.107661,2.874178
0.795935,0.188093
0.529714,1.545361
1.702748,0.435746
1.623462,1.466863
1.884834,0.229834
1.568299,1.794674
4.166202,3.280781
3.948136,3.221781
1.426681,1.622047
2.373169,1.333421
1.039071,1.020252
1.500612,2.441011
2.744257,2.972804
1.906055,1.360487
1.196466,1.673590
2.153697,2.021546
1.152359,1.940830
1.385432,2.505622
2.323932,0.535468
2.625559,3.807794
2.131624,2.295800
1.016551,1.010140
2.402090,1.533361
1.386319,1.972831
2.961471,2.039450
-0.227979,-0.320887
2.238802,2.945388
2.586872,1.501106
2.008224,1.155103
0.387495,0.882000
2.185112,2.294459
1.124749,1.310710
-0.405734,0.730133
2.046213,1.109227
1.887771,2.366646
2.065905,3.359332
3.162258,2.525032
2.115053,2.858878
3.597084,1.797107
1.279924,0.835538
3.302784,2.547925
0.841762,0.184718
2.330299,1.883381
3.438876,2.696158
2.648852,3.604734
0.671297,3.153975
3.043365,2.184505
0.142737,1.200714
2.223629,1.109938
0.524840,0.452737
1.801496,2.944455
2.602143,1.436473
2.355771,1.574423
5.047021,4.165311
3.034855,1.879210
1.890546,1.113098
2.202331,0.969011
1.850835,0.574352
3.409194,4.646456
1.862761,3.619690
1.115917,1.906181
1.038255,1.150934
1.251895,2.533235
2.267649,1.539472
2.549540,0.435896
0.187009,1.527448
0.382471,1.542243
2.126239,2.019557
2.190879,3.938920
2.250095,2.589981
2.450200,1.109781
3.508140,3.513726
2.437683,2.348246
0.964851,1.189795
1.120436,1.565764
2.774855,1.773052
1.728801,1.812694
1.282901,1.132001
2.372255,2.142756
2.072186,3.519096
1.619567,0.406538
2.226263,0.381258
1.494890,0.798539
2.653072,0.723562
2.803757,3.272460
3.026986,2.187023
-0.314331,1.896628
1.734462,0.642582
1.253464,-0.307969
2.236308,2.291086
-0.122595,0.790064
2.874104,1.929148
1.398755,0.865396
2.497186,1.127409
1.262661,1.751356
2.559463,3.591086
1.149564,1.889588
2.238467,2.417424
2.019197,1.871027
1.224118,2.480561
1.659996,0.478135
0.551045,1.742189
1.876700,2.385147
1.997165,1.147199
1.955379,2.706189
1.941645,2.917144
0.298025,1.441697
0.330805,0.240073
1.686208,2.006871
1.781217,2.323396
3.379493,3.584399
3.674207,2.711583
1.464857,1.265741
1.506236,1.285460
1.161364,0.922284
3.580313,3.805705
4.604648,3.151927
3.268509,2.260799
2.993062,1.950994
2.446673,3.988509
3.702674,1.471907
2.874930,1.750199
2.411233,3.121576
2.964414,1.811818
1.038563,2.188504
2.761833,0.308277
2.941885,2.989333
2.375207,2.047932
3.553884,2.148300
0.247655,0.274766
1.440781,1.447032
1.990913,1.928809
3.727579,2.213090
1.571598,1.759440
0.819744,1.555105
2.133896,3.266488
0.992046,1.682888
-0.969954,1.074005
1.119919,1.685116
1.355236,0.771282
2.156776,2.830197
2.445345,3.038115
2.292274,1.436084
1.325058,2.630140
1.885391,1.971939
1.485496,1.944685
2.111386,2.461647
3.308057,2.508986
2.346351,2.816114
1.928414,1.794055
1.212345,1.591207
2.768743,1.733512
3.443293,1.976484
2.309333,1.447194
2.492758,2.365167
0.631478,1.560269
1.414627,2.680131
2.804135,4.681355
1.348876,1.451679
2.990974,2.552906
1.156247,1.788326
1.785403,1.056906
2.707669,2.902874
1.331694,1.334879
0.700428,0.733566
1.665334,2.335894
1.618743,0.269488
3.124857,2.811596
-0.604990,-0.866458
1.796291,2.414643
1.069062,1.238847
1.588631,0.394660
2.082209,3.244696
2.621748,1.359298
3.550822,2.739881
1.764469,2.231849
2.092475,2.477474
1.766551,2.990471
-0.013652,-0.406265
1.385161,1.783571
1.553261,2.206512
1.820855,1.349802
0.759005,0.960671
1.111646,3.554848
1.973172,2.228116
1.913012,1.783117
2.033945,1.188945
2.362555,0.604201
2.211299,4.037024
4.067863,2.107904
2.196409,3.936466
4.029705,3.073891
3.399896,3.125767
2.617983,2.137227
0.992079,-0.206997
1.919197,2.257798
2.605591,3.092181
2.159092,2.533401
3.118796,1.068264
-0.166344,1.904114
2.602050,1.704098
-0.249437,1.640946
2.255521,2.036841
2.906479,1.231931
1.394651,3.109593
2.666106,1.626071
1.903457,1.236258
2.691974,1.423125
2.528913,3.266572
2.287685,1.511628
2.200053,1.592906
2.096739,3.260773
1.332645,1.311372
1.879199,1.870801
1.977988,1.178487
1.076266,1.429832
2.471702,1.983924
1.346802,1.196316
2.797544,2.412974
2.139126,0.528573
1.772502,2.843084
2.009272,2.282088
0.612666,1.504995
2.446299,2.315905
0.746717,1.686186
2.103026,2.049481
1.084729,2.451629
0.728767,1.422154
3.071572,2.796738
1.483263,2.901748
1.580141,2.833584
2.739682,2.248798
0.798975,2.367122
3.464788,0.902020
3.205642,3.503603
3.709992,2.844429
3.213995,0.764628
2.911256,1.746448
3.699420,2.897236
2.691222,3.160702
1.145991,0.781564
2.723363,2.309158
3.604089,2.315347
4.089852,2.760331
0.931865,0.241444
4.841053,4.253997
3.347597,3.407082
2.013933,2.069818
2.221625,1.848915
3.298170,3.223516
0.210749,2.024422
2.270912,2.141302
0.819997,2.313238
2.074820,2.767471
2.547658,2.877507
1.804862,0.514002
1.977397,2.932180
0.948416,1.984362
1.435781,1.094678
0.026990,0.163900
4.787495,4.505148
2.008690,2.803939
1.841253,2.940223
2.016717,1.016627
2.509334,1.733800
2.230740,1.449249
2.071690,1.799384
1.106359,3.157299
3.279406,1.344973
0.616291,1.624247
4.064262,3.363363
1.360475,1.884679
1.995178,2.013004
4.012765,1.612917
0.709408,-0.259259
1.926566,1.767718
1.165556,1.280453
3.184275,0.549957
2.349376,3.094009
1.908867,0.957214
3.303323,3.429902
5.091677,3.943003
-0.246878,1.198189
1.424362,1.731698
4.059231,3.318564
2.615330,1.895917
1.653707,2.952932
2.639702,2.298763
2.069285,0.649809
3.096500,2.358777
2.124337,1.779375
2.603788,1.938934
2.622795,3.231938
1.983037,2.602056
3.295319,2.630076
2.255484,2.127617
1.561952,1.131443
1.165830,1.540774
2.568186,1.616888
1.807696,0.881358
2.045400,1.991459
2.374010,1.984690
3.520408,1.903471
1.030131,0.538408
2.178062,2.043835
0.084582,2.017776
1.940069,1.783067
3.694737,2.251148
3.934230,3.138385
3.271318,4.350148
1.759408,1.507768
1.574823,0.503667
3.677021,1.743228
1.734561,0.924219
1.485119,2.487695
0.827382,0.798235
2.119166,1.215315
0.625231,0.459081
2.133898,1.727045
0.861623,1.061217
1.164032,1.517990
1.726146,2.655614
2.181437,1.220458
2.782269,2.931096
0.394408,2.033829
3.526282,3.551942
1.428118,1.723787
0.798130,1.453664
3.360864,2.346072
1.234153,2.224659
2.664763,1.086830
2.561119,3.252635
2.242957,2.360914
1.678425,0.476216
2.620181,2.097308
1.305768,2.078656
3.284717,3.279181
2.174532,0.319746
2.663658,1.447873
3.808131,1.303096
0.971771,0.615942
2.534915,2.863182
3.471289,2.334045
-0.212315,1.596348
1.979065,3.046420
2.398576,0.984744
2.028236,3.579336
2.095141,4.376140
1.704407,3.285222
1.864674,2.664578
0.096889,1.486843
2.934769,2.077381
2.720571,1.420092
2.203189,1.382393
1.347402,0.777290
2.808383,4.209298
1.826631,1.855766
0.616438,1.488015
2.884675,2.434894
3.696074,2.231621
1.302832,1.695016
0.700300,1.981905
0.897555,1.761015
3.953060,3.646075
1.748757,0.580548
1.660878,2.180342
1.432079,1.800876
1.390954,1.571698
3.013455,3.520411
2.478276,1.028528
0.538195,1.072033
3.604029,2.786804
2.770865,2.206102
2.234387,1.258035
0.500103,1.545907
1.441535,1.485776
1.326120,1.050173
2.032371,3.222481
2.067029,1.382971
2.729989,1.993562
0.246696,0.250794
1.502757,2.223976
2.504260,3.600807
1.611402,3.441418
1.751950,2.789590
4.749857,3.574724
3.269663,1.238880
1.323140,1.636098
2.866061,2.850103
2.353095,0.250045
3.270418,2.935330
2.008760,1.950149
0.991243,1.468454
2.091634,0.701759
2.028150,1.721008
0.646611,0.821006
2.153167,3.005668
1.922971,1.101369
2.467524,2.136078
0.835367,1.038608
1.617224,1.123952
1.058374,2.361735
2.255124,2.370279
3.563437,2.797879
2.820056,1.759216
1.274141,0.436134
1.225194,1.412031
1.230200,2.716363
4.055840,3.859635
3.916347,1.954927
3.026049,3.043287
2.179862,3.076476
2.347565,2.022827
2.326619,2.228124
2.788040,1.936786
1.455388,0.831293
2.117441,2.546846
2.170681,1.277243
1.077331,1.615002
2.061528,1.630211
2.453138,2.251341
3.086432,3.047164
0.789231,1.665603
1.797786,2.861869
0.507542,0.191334
2.532536,0.269726
3.044027,3.135148
1.852255,3.891457
0.999305,1.965137
2.526742,1.523534
2.322113,2.576493
2.216855,2.888047
1.381406,1.386387
2.723654,4.438439
0.829542,3.538818
1.539865,1.329910
2.621818,0.602532
-0.172136,2.394805
3.953034,3.665625
1.653611,2.528840
-0.015269,0.367613
0.059938,0.230370
1.444938,1.773173
1.154350,0.732029
1.906741,0.675945
2.564760,1.928016
2.081863,1.765783
1.458878,0.580209
4.178005,2.820722
1.623804,0.654247
1.802850,1.508063
1.401567,1.170801
-1.343055,0.555062
2.499047,2.046913
-0.173249,-1.252100
2.036427,2.058876
2.871381,1.132669
2.055105,1.084755
1.484379,0.028414
3.056561,0.840441
4.285427,3.446075
1.871804,3.337531
1.388950,2.681357
2.025862,2.631947
3.025017,2.231544
3.409025,3.744779
1.384373,2.161686
0.800777,2.826973
1.351642,2.343469
2.734922,1.826452
1.423032,1.333884
1.102961,1.455898
2.149601,3.223939
2.441809,3.067136
1.082390,0.697795
0.800071,1.197688
1.680573,0.843817
2.518451,1.110370
1.524969,-0.489029
2.773078,1.841370
0.453719,2.377665
-0.047815,2.913469
3.843923,2.542739
2.712837,2.834082
3.265172,2.513509
2.082231,0.843060
3.180646,2.782107
1.758648,2.768663
3.140117,2.419837
1.095562,1.896956
0.528128,0.997248
1.599582,2.174621
2.368970,2.094202
3.089717,3.983133
1.428352,2.205391
4.462114,4.415013
1.990534,3.491896
1.350955,1.585190
2.175461,2.572669
2.853695,2.753970
1.367633,3.634122
0.195464,1.258512
2.858569,3.722726
1.225746,2.449206
1.724156,1.717439
2.700354,0.894720
2.477923,2.851258
1.288507,0.738014
2.835836,1.234844
0.179329,1.293071
1.231859,1.638666
1.057959,0.252948
2.260061,3.321581
1.735647,0.542152
1.615625,3.304718
1.249905,2.037066
2.675441,3.332086
4.219270,2.239448
0.653329,2.087775
2.493061,1.946510
0.615753,0.420970
1.209979,2.903936
2.633227,1.979200
1.649677,0.937821
2.784808,1.465649
1.805393,1.873490
0.733042,1.590298
1.325244,1.719499
1.758662,2.368218
4.137791,1.788825
0.656670,1.330830
1.572694,2.647253
2.986242,2.280749
2.447234,3.014856
3.754363,2.987401
2.351175,1.147024
3.677629,1.466062
1.819274,1.131438
3.599517,2.304494
3.152261,1.572106
1.510222,-0.874522
2.336794,2.443701
2.565432,2.777564
1.927428,3.457523
4.144588,1.793364
2.931286,3.317781
1.726059,2.478192
1.883617,1.247336
2.616223,2.230894
0.022697,0.713520
-0.058639,0.782141
2.564746,1.545384
1.855913,1.795044
2.185650,1.976551
3.147065,4.407905
2.750821,1.336567
2.010699,1.154863
1.072344,1.954000
1.197427,1.036511
2.671111,2.045573
2.634367,2.617137
2.593948,1.768645
3.044925,2.936169
2.946710,1.805343
0.394658,2.166751
1.526468,0.806280
1.273286,2.813715
2.625156,3.407751
2.412058,4.096096
1.258141,3.487185
0.556668,0.450238
2.525636,2.720411
2.356806,1.955239
3.693245,3.178691
2.685879,3.237527
0.771365,1.512049
2.129948,1.277041
1.425735,2.218500
2.448202,2.567188
1.294790,2.957157
0.957958,1.567117
3.400282,3.573119
2.216074,2.052417
3.897840,2.810071
1.501727,2.616083
2.711379,2.311440
0.605940,0.309118
2.169157,2.053913
2.879343,3.451141
2.580443,2.550372
0.643883,2.586441
2.708731,3.573713
1.566771,0.928556
0.659096,2.302533
2.541750,2.783219
1.382342,1.916521
1.250621,1.416926
2.011088,1.099614
2.096139,1.619798
3.319635,2.810491
1.548745,1.984543
3.567356,2.629679
1.118355,1.626503
0.547831,1.915662
1.741580,1.326772
1.070589,2.730486
-0.625631,-0.162535
1.173342,1.899051
1.397468,2.561322
0.949819,1.304195
3.035762,1.515065
1.259282,1.472140
3.203886,2.073965
2.227801,0.626564
1.318728,2.162278
1.719149,1.328409
2.788480,3.375500
1.246683,0.673950
0.770247,2.351762
1.904990,1.508110
1.467375,0.729814
2.718107,3.530428
2.510007,2.193486
2.779355,2.306538
-0.046312,1.616187
-0.099557,0.990563
2.312340,0.880054
1.084024,3.240778
1.620187,3.134332
3.291409,0.613266
0.812196,2.078451
1.425906,2.658957
4.137163,2.751599
1.584025,2.061140
0.505706,1.144630
2.927190,3.140236
2.416872,0.542638
2.205579,1.869996
2.317592,2.816369
2.787214,3.204093
0.973585,2.057348
3.725527,2.220293
1.901598,1.615327
-0.743018,-0.284520
2.036044,1.863217
2.772932,3.336813
2.107698,2.029385
1.807603,2.028816
3.087728,3.924751
2.802058,2.664026
-0.003351,1.776098
3.457549,3.487794
2.517415,1.009885
1.246804,1.363067
2.290629,1.373076
1.223318,2.061542
2.146725,1.632789
2.267449,2.487845
1.505329,2.410151
3.025106,1.806726
1.927527,1.449998
1.317542,1.325081
1.940074,0.925757
2.225455,1.526192
3.487429,2.626321
1.849184,3.093878
3.130219,1.858679
1.871547,1.900728
2.506742,2.345519
0.819210,1.489915
2.085881,0.902202
-1.025450,0.025802
2.134396,0.970084
1.429806,0.928677
3.008633,1.327854
2.855883,3.294429
0.786123,1.471027
1.468757,1.403991
2.207771,2.496666
1.286208,1.291071
1.059426,0.844356
2.854128,2.843765
1.949240,1.867210
0.488269,1.293571
2.472048,4.006415
3.298625,5.449649
2.343598,2.154030
1.859373,2.244578
2.066926,1.933530
0.583645,1.149242
2.460012,3.200685
1.818747,1.273473
1.392774,1.235202
2.316431,2.067518
4.366162,3.839462
1.393579,1.371168
2.630688,3.595320
2.869383,1.647808
0.616123,-0.437049
1.622995,0.853681
2.333461,1.431280
2.812168,3.334370
1.076683,2.221333
0.919600,3.139952
1.484218,2.050992
3.483476,2.869392
1.592058,1.507830
2.245709,1.429215
1.835118,1.953664
2.701012,3.343562
3.380180,3.564418
0.130677,0.811227
1.864753,0.967326
-0.220412,1.156306
2.967952,2.493189
0.015362,1.811510
3.597106,2.593395
3.210070,1.038976
1.390635,2.576378
3.182343,3.309450
1.683855,3.323801
1.733958,3.252951
2.131823,2.902999
1.850945,1.712672
2.523070,2.846166
2.726398,2.036632
0.450820,0.998350
1.638392,1.246793
2.285350,2.036774
1.387041,2.028844
2.422521,1.629876
1.324625,1.358029
4.315448,2.180154
2.156750,1.327277
2.014498,1.238880
2.073859,1.695457
0.007634,0.957950
0.821183,0.845231
1.241989,1.333640
0.763578,0.691016
4.209572,2.210951
0.315948,0.794452
0.783836,2.273484
3.609745,3.251144
1.833305,2.575580
3.200531,1.999157
2.473484,3.622902
2.919060,2.367043
1.799981,1.101036
4.267379,2.685678
1.800532,2.297861
1.959928,2.390371
4.169410,2.624106
-0.568358,0.664426
1.663913,1.004188
2.206958,2.205281
0.660351,1.063134
1.628373,1.460718
1.162371,1.464693
2.333417,1.590333
2.638122,1.558590
1.990306,2.079217
4.197544,3.967204
2.769022,3.267662
1.661373,1.235034
1.228999,1.820066
1.431796,2.966083
1.892250,3.363616
2.616692,1.773365
2.854145,1.754755
2.121937,0.519168
1.264497,0.328630
1.263324,1.287550
2.060489,1.470445
1.626972,1.761946
3.743838,2.781338
2.845942,2.090945
0.911527,0.918541
2.919734,2.428964
2.580903,2.292853
3.338228,2.524297
1.243427,1.428770
2.130617,2.133240
2.144022,1.934891
1.330594,1.773754
3.426968,3.295406
2.986289,3.621866
1.640571,1.029792
3.156836,1.045396
0.802702,1.512376
0.260725,1.747269
2.616088,3.504132
1.466174,-0.028404
2.329974,1.966572
2.456119,0.062178
0.483603,0.371066
1.236758,1.176520
2.734516,0.413098
1.909437,2.757199
2.568371,0.931530
2.356176,1.537433
3.544463,2.023769
0.907681,2.020695
0.900926,-0.573122
0.918851,1.752022
2.961521,2.043943
3.203957,2.676604
1.144469,2.504581
1.850457,0.235040
2.033338,3.332978
2.661602,2.604688
2.900307,4.053340
4.477894,2.835083
0.129935,2.049997
2.275108,2.228245
1.068683,1.358131
2.565943,2.080490
3.240416,3.473358
2.298525,1.860679
3.317862,2.417332
1.023638,1.905302
2.499531,2.067051
2.270871,3.207691
1.789206,2.157107
1.843407,1.535705
3.507298,2.511165
1.386065,0.660380
2.922579,1.788189
3.437727,2.668562
0.208778,0.866815
1.914774,2.997651
1.454725,2.809065
-0.429496,0.598666
1.568462,2.267771
2.904947,1.068949
3.042718,2.091126
1.689283,3.482954
0.807747,1.248632
2.242547,0.350434
0.899562,1.839187
3.557060,4.322296
4.218287,2.248281
1.354899,0.347850
2.125226,3.114830
2.354427,2.174261
2.001213,2.348812
2.138948,2.253074
2.260184,2.612004
0.779261,2.677147
2.422256,2.238090
1.310954,2.275390
2.893552,2.997129
4.307607,4.036075
1.434062,0.707920
2.111307,1.582401
2.258521,3.230007
2.758738,3.051703
2.158859,1.307060
2.332647,1.397699
2.205588,0.890642
2.420493,2.167721
0.966131,1.106174
0.895589,1.450280
1.691122,1.359189
1.293955,0.937784
3.605466,3.390679
2.410591,0.803965
3.381815,2.151227
0.482252,2.155114
1.915840,2.447370
0.785309,2.339106
2.675067,2.455188
2.257431,2.332798
-0.184208,-0.153396
3.317450,2.162953
1.344805,0.485550
1.765163,1.085471
2.794388,3.399588
2.333528,2.758954
1.294476,1.840741
1.889132,2.575315
4.025994,1.571903
1.305018,1.470609
3.263920,1.792767
3.737857,3.789600
0.641388,0.502831
2.325110,2.300742
-0.263199,0.488705
2.794448,2.822552
2.240271,1.183932
1.751473,0.933664
3.270451,3.346584
2.071660,2.070638
2.974758,2.349645
0.802194,1.243279
3.803915,1.853218
2.713258,2.870557
2.902094,2.192444
2.546582,2.473874
1.320702,1.320283
2.058791,1.833931
1.985335,2.879576
0.334421,2.379701
1.720443,1.222029
2.306978,3.259924
2.300931,3.110668
2.483526,2.832684
2.527829,3.307714
2.931912,3.204870
2.120431,2.222238
2.552406,2.133146
2.367025,1.364886
3.052247,2.693698
2.846917,1.841521
1.366843,1.032370
2.860059,1.532531
-1.007623,1.419444
2.062802,3.288888
1.277628,2.881398
1.658933,1.758695
4.603734,3.725128
1.882895,2.081562
3.416463,2.687691
2.212306,0.829095
1.265210,2.503163
1.498430,1.833917
4.160459,3.338546
0.520590,-0.078572
1.210352,0.599511
1.982806,2.498393
1.722041,2.103554
3.276882,2.140612
3.033346,2.501028
1.679926,2.717201
1.682062,2.166659
2.435087,1.319653
1.919653,2.050435
1.876181,0.807593
3.678916,3.855180
1.783249,1.603865
1.536347,2.415119
2.536658,2.258017
2.541460,1.321645
2.163419,2.099675
0.731338,0.433222
1.367476,2.286094
2.037413,3.413153
0.486892,0.457995
1.653597,3.280716
1.269979,1.351948
0.103821,1.424813
2.166842,2.415572
1.486118,1.514848
3.673659,2.735400
2.929828,3.422752
2.929470,3.121888
-0.300360,1.127410
4.230600,2.951899
3.256995,2.087971
3.437665,3.426825
0.912348,1.866382
2.546860,2.274957
1.746217,1.637732
1.082812,1.513176
3.254207,1.397571
1.044842,0.358759
2.648641,0.732049
1.959669,2.059931
0.364410,3.378203
2.136232,2.956897
1.886187,1.207548
1.384430,1.220109
0.261536,2.222498
2.009967,1.728842
0.390999,1.787652
2.991402,2.538445
1.481082,1.349050
2.556128,3.096823
1.585666,1.251280
2.235157,1.658584
3.197036,2.699971
2.673517,1.198428
2.323291,2.411121
1.121690,0.809098
3.183813,2.974153
2.214574,2.766753
3.647918,0.937351
-1.268222,-1.125859
2.693463,1.152053
3.314329,3.222380
1.357810,2.059924
2.387344,1.201402
4.219043,4.118821
3.093721,1.831150
2.070669,0.495092
2.170758,0.760620
1.416889,2.350863
1.447699,3.137619
0.220474,0.457649
1.000792,2.061501
1.309891,1.747135
3.297536,1.610179
2.012674,4.395042
1.843584,1.597901
1.280655,0.531198
1.456417,1.533609
1.769809,1.433400
3.246885,2.424014
2.680349,2.677378
3.971367,2.723938
1.946470,1.818795
1.857776,1.812733
-0.244844,-0.118106
2.277727,2.378858
1.141507,1.091879
1.208985,1.605031
2.196069,2.306945
0.493754,0.736832
3.013674,2.694164
3.762292,3.899691
1.534424,0.193018
1.377612,2.363044
0.415146,1.694947
3.365490,3.870421
3.803024,2.804692
1.209864,1.367911
1.835533,0.906416
0.379655,1.067989
1.769929,0.689762
1.143618,0.827456
2.216606,2.842069
1.918333,1.071514
-0.687984,1.126366
1.260822,1.691226
2.489395,0.939398
1.852535,1.952077
2.653515,2.344166
4.610896,3.513623
0.336077,2.067273
2.725567,2.908416
1.308881,0.788665
1.431247,1.397457
1.610307,0.327856
2.816822,3.096361
1.944845,1.888521
1.966638,1.035988
3.436020,2.935912
2.478133,2.194386
0.515766,1.286183
1.427201,1.649201
2.802991,1.949046
3.384022,2.689515
2.614664,1.459679
1.950411,1.755973
1.763304,2.924837
4.322823,3.939093
3.917989,4.156552
2.015484,0.664378
3.908349,2.210049
2.115279,1.774490
2.425308,2.057336
2.277225,3.409099
2.356478,1.171814
3.042726,2.170657
0.426821,1.138040
1.255932,2.963154
0.857849,0.627138
2.536742,2.174378
1.958116,3.692090
2.437427,3.305731
1.554405,1.249539
1.212003,-0.347093
2.313535,1.824495
0.991319,1.344885
2.876142,4.115621
2.097324,1.061832
2.952773,1.652889
2.072891,2.223009
2.515045,2.064581
3.228053,3.565295
3.651087,3.682166
3.532862,3.583367
1.803627,2.206972
0.729444,1.777033
3.423441,3.365235
0.198924,0.318024
2.759819,2.680118
2.920494,1.744035
0.955157,1.539510
3.202356,3.109081
3.291368,1.689776
3.858250,2.592290
2.279578,1.821625
3.026623,2.634740
1.174268,1.530964
1.246513,1.018200
0.438105,0.786185
2.376939,2.469891
3.233958,2.927773
1.321797,1.933466
0.988266,3.722156
2.988333,1.309939
0.645716,1.252843
2.031812,1.566891
0.849844,2.468860
2.560398,1.090364
4.798413,5.182972
2.903683,2.803970
3.141136,2.260227
3.000185,2.325309
1.040938,1.614582
3.582016,2.510282
1.145420,2.197922
1.603264,0.600355
2.031366,0.255096
1.932190,2.419216
2.753869,4.846726
0.527546,1.174550
2.869791,2.801687
1.876807,0.754145
1.701103,2.611487
3.128145,3.460570
3.991598,3.047752
2.180212,2.693768
2.544127,2.669675
2.860465,2.329849
1.492009,0.341781
1.343085,1.342021
3.107206,1.889683
3.361992,2.623347
1.828196,2.431706
2.376670,2.143359
1.834349,2.311127
2.135067,0.748102
1.630582,2.857986
3.102637,3.176950
2.431293,1.864617
0.603924,0.640760
0.688496,0.694124
1.890017,1.312796
2.285578,2.694925
1.330610,1.928597
2.341997,1.005577
2.273364,3.123307
3.549777,3.842384
1.672100,2.521682
1.971186,1.307205
2.875707,2.352923
2.648758,0.346544
2.305223,1.422188
1.662483,2.006981
3.553050,3.326184
1.821297,1.909247
2.716273,1.495385
3.614483,2.236435
1.577968,1.462397
2.897566,1.192073
1.712282,2.345919
3.862783,3.327377
3.570103,3.149821
2.589827,2.970736
1.207682,2.499186
1.877589,2.216077
3.034521,1.931457
0.655447,1.898702
1.323270,1.454498
2.272776,3.414404
0.485691,2.510570
2.568477,3.431044
1.695473,1.353446
0.617712,1.020057
2.870543,2.752204
3.055994,2.587478
0.895832,1.885106
2.183462,1.433387
1.307818,2.031217
3.649659,3.766138
1.687854,2.641565
1.423808,1.908159
2.416521,2.418173
1.215185,1.150305
2.616710,1.080753
3.065357,1.053357
2.415237,2.478752
1.835312,0.836152
0.942133,2.410627
3.328427,1.781374
2.344990,1.152993
2.247605,3.170942
0.874903,-0.125788
2.858559,2.418690
1.507769,3.441062
2.653361,2.265609
0.312011,0.888687
1.599243,0.693130
2.979008,1.939290
0.693466,1.918709
2.701541,2.337299
3.051165,1.503941
2.196914,2.970180
2.711644,2.804626
3.204778,3.060777
3.098686,1.877015
0.892192,1.738819
2.947737,2.731553
2.869000,1.054238
2.566776,3.853060
2.293335,3.551519
2.835749,3.494576
2.354980,2.184213
1.019806,-0.234381
1.208145,1.761634
-0.366580,-1.443711
2.134158,2.950080
2.404959,1.941908
1.304055,1.037487
2.409268,3.135478
1.831414,1.518568
2.769484,1.854577
1.552102,1.191994
3.309484,2.023929
1.914676,1.406093
4.344662,3.141394
2.305070,2.099532
2.402292,2.019536
3.715401,2.840853
0.456705,1.492933
1.254728,1.744230
1.776856,0.656061
2.531617,1.411350
2.771119,3.139184
1.277015,1.083166
0.466032,0.677816
3.216080,2.129352
1.054043,1.182502
2.743507,0.085544
2.043995,1.532221
3.238372,3.175690
-0.078652,2.187576
2.144863,1.435717
2.184843,3.147975
2.552105,3.174532
1.654114,1.837215
3.536510,3.179551
3.556925,2.968678
0.590206,1.821264
2.099885,1.529545
0.916461,0.332870
2.635292,3.331775
1.874879,1.332303
1.692122,2.134282
1.594139,2.053078
2.174839,2.701084
2.220700,1.748889
2.261893,2.163992
3.570064,2.933405
2.619286,1.268295
1.344547,3.729192
3.169873,2.786059
2.780455,2.663585
2.827362,2.584118
2.094716,3.149844
2.430787,1.427814
1.750982,0.792716
3.356054,3.353012
1.262093,-0.565572
2.776407,3.528932
2.250292,2.862241
2.654306,2.796268
1.086536,-0.108054
0.773544,1.453251
3.010273,3.569174
1.891401,1.982495
1.883750,1.533384
1.818566,2.060019
2.117475,0.590314
1.459705,0.304415
1.300688,1.380133
2.845441,3.373587
2.284348,3.353144
3.363094,1.868108
0.580989,0.762313
1.674726,0.823255
2.800755,4.475957
1.759890,2.251242
1.599067,1.263676
1.007103,2.601056
1.557044,2.499146
3.162590,4.286351
2.813390,3.822799
1.709664,1.613743
2.212611,1.959880
2.813709,2.607733
-0.563389,0.738918
2.620467,2.888155
1.988026,1.845733
2.645482,3.091380
1.684230,0.850331
-0.454550,1.067453
2.141135,0.909415
1.511381,1.793359
0.760362,2.350827
1.128485,3.176311
1.793188,1.502725
-0.492868,0.337024
2.351703,2.435919
1.525303,1.374442
2.292634,1.475431
3.406212,3.512631
1.615173,2.142292
3.169272,1.828718
2.308179,3.363812
2.798343,2.356262
2.580196,1.960920
3.035900,2.164776
0.446945,1.127046
0.194686,1.644025
3.863328,4.206783
1.949241,3.066050
3.169208,2.115058
3.393258,3.090583
1.079551,1.335718
1.965194,4.117853
1.048778,1.826188
1.707240,0.067025
2.377819,3.200831
2.839627,2.564613
2.706028,1.428623
1.855225,2.769728
0.811767,1.924782
0.922485,1.328359
1.590423,1.843754
3.058011,2.028066
2.760223,2.434194
2.361046,2.774878
1.670492,1.979815
1.097840,2.293504
1.503240,2.511609
0.987807,2.117441
0.313365,0.890014
1.861480,1.958788
2.659062,2.155290
1.700579,0.736908
0.677428,0.525704
-0.132074,-0.825190
1.959255,1.607405
2.154931,3.218731
3.295475,2.619401
1.119752,1.864713
2.914570,3.496247
2.347231,1.429508
3.699917,1.666466
0.004939,1.020360
2.716978,3.515886
2.039713,2.954523
2.611289,2.247935
2.578394,1.921038
0.338932,1.237459
1.392498,2.417066
4.023315,2.794856
1.221255,1.956792
2.699373,0.816679
2.711713,3.128305
-0.710343,0.507570
0.464152,0.803877
2.228797,1.195312
1.212289,1.139107
1.384733,1.415419
1.802140,1.714412
1.305431,2.305508
3.843048,2.350126
0.910903,2.351478
1.146245,-0.078165
3.088507,1.609291
1.915420,3.038268
2.198102,1.824228
1.925468,1.130416
0.616798,0.624083
2.054539,2.641389
0.388567,1.984542
1.638810,2.724867
2.218038,1.606658
3.221230,2.124247
2.084473,3.200179
2.008577,0.767366
4.068565,2.956272
2.824306,2.521040
1.258129,0.710412
1.384744,-0.295456
1.909150,2.694699
1.434156,1.098442
0.726358,1.538554
2.433264,2.748193
1.695920,1.085386
0.950352,0.114990
2.500101,1.250323
2.444024,1.376951
3.048022,1.461425
1.129201,1.485481
1.232177,0.884372
0.998420,1.037699
0.844967,2.959021
1.806012,3.033471
1.870533,1.298628
3.655964,2.622879
0.153607,1.888007
1.848870,1.992752
1.290921,1.364223
0.901821,1.193443
2.232224,1.533011
4.398169,1.239081
1.004527,0.857920
3.322608,1.370901
2.940197,2.168511
2.521876,2.854712
2.574778,1.213482
3.773803,2.474124
-0.314323,1.178400
3.726410,1.749815
1.865640,1.912580
1.354855,2.096229
2.167033,1.050593
1.318441,2.172265
2.477026,2.776982
1.480637,3.476807
2.571092,3.727040
2.550440,4.343493
2.893775,3.083446
4.085913,2.735932
0.708447,1.736609
1.422168,2.163250
1.437197,0.753020
3.218388,3.204684
2.305560,2.694182
1.866219,1.184568
1.063155,1.717293
1.577485,1.169692
1.064566,1.584569
0.606690,2.284478
2.019620,1.412658
2.397714,3.525650
0.855551,2.525573
3.302310,4.212977
2.402912,2.049391
2.212558,3.112129
2.039853,0.897471
1.504117,2.210231
1.291918,2.399759
3.378360,1.124002
1.747985,1.928611
1.177015,2.283994
3.810124,3.571641
3.403060,2.195030
1.711702,2.413524
2.083134,1.395611
1.661034,2.590930
1.684778,1.132008
3.393010,1.676525
3.239776,1.503987
0.637424,-0.217694
0.130541,1.948648
1.862771,1.762757
3.397502,2.892902
0.435299,0.786552
1.319388,2.631511
1.470931,1.323058
2.196749,1.428684
2.589025,2.382726
2.140897,0.893534
2.128905,1.739043
2.972473,2.587982
4.389189,3.631600
3.092142,2.812226
3.878910,4.069802
1.271065,1.153768
1.824399,1.311668
3.345496,3.347187
2.072969,0.748581
2.526457,2.279340
-0.581077,-0.357706
4.726701,2.573850
0.124853,2.609885
2.413741,2.072921
2.026087,1.227790
3.684670,4.721935
2.005972,3.056090
2.598144,2.719923
0.724518,1.794869
1.706606,1.889845
1.231234,1.695403
3.754236,2.482154
3.443245,4.209753
1.932613,2.752811
2.151590,1.149163
2.331527,1.876705
2.069959,2.985247
-0.732469,0.383734
1.393591,2.653099
1.212768,-0.179603
0.554404,1.324086
0.564415,1.377702
1.180784,3.213654
1.923062,1.488735
1.075612,2.048008
1.721366,2.114503
2.253510,1.593434
3.413129,2.010313
0.797065,0.573647
4.770101,5.166634
2.607808,0.741240
3.159021,2.282732
2.036435,3.249211
2.342549,1.915314
0.780308,1.275656
3.816043,3.199420
2.188118,1.254228
0.185915,0.298793
3.213915,2.090971
1.520669,0.872807
2.246736,1.095216
2.257150,1.621264
2.671280,1.874999
1.357284,0.866280
2.171809,2.076666
0.158579,1.048887
2.104194,0.526307
1.974143,3.162762
2.972049,3.056063
3.404997,2.440090
0.184762,0.904032
0.756705,1.540446
2.466426,1.774829
2.444134,2.252307
1.129869,-0.206487
2.935967,2.023003
0.158043,2.011832
1.537075,1.928091
1.702174,2.139653
1.117608,1.543248
1.180290,1.955704
3.539030,3.541038
1.527607,1.943755
2.067616,2.228368
3.510880,1.736035
1.715764,0.581392
2.513522,1.764392
0.665432,0.585787
1.894930,2.642796
-0.070406,0.335283
1.978558,2.675152
3.338765,3.385195
0.194308,0.352056
1.896344,1.916980
2.185247,2.499738
1.494504,1.162684
3.924246,4.389863
0.340789,-0.035472
2.935358,3.612771
0.225110,0.754484
0.109532,0.903200
1.646849,1.128849
1.767566,1.738095
2.182129,1.928264
2.452785,1.156441
1.735904,0.858159
2.051461,2.382021
3.786274,1.819811
3.047277,1.616179
1.959872,0.806369
0.716714,0.710921
2.939069,0.958438
1.914635,1.834455
3.081410,3.168678
2.453005,2.236218
2.213313,1.741859
1.829840,1.743285
1.854908,1.326233
3.276682,2.567813
0.272639,1.228606
0.307826,1.590540
2.255937,2.551749
1.604552,2.264091
2.203940,2.296914
1.671280,2.203542
1.385297,1.478968
1.779672,2.005570
1.439044,-0.290954
2.502927,3.176607
1.634985,1.897735
1.314935,1.528928
2.169948,2.798757
2.205700,1.758123
1.076613,1.727647
0.955447,2.672566
0.350006,1.351863
-0.149306,-0.295769
1.972347,2.832710
2.212824,2.224752
2.550502,3.157161
3.322149,3.225711
2.231318,1.795279
4.404108,2.639477
2.376679,2.915729
1.758001,1.741566
2.595510,2.936642
4.756280,2.359730
2.483532,1.937480
1.043576,1.201560
0.844529,0.296314
1.704581,1.452304
0.905421,0.701370
1.798872,0.721253
2.401606,2.317563
2.004442,-0.192745
2.471319,2.104838
4.030730,3.566694
4.499589,2.168925
2.375242,2.079097
2.085707,2.338565
1.866152,3.657008
1.385618,2.672049
3.872100,3.037571
1.518916,1.292352
3.848716,2.010086
1.039226,1.690828
2.037231,1.541325
2.990455,2.937473
3.514891,2.763307
1.833143,-0.017693
0.666146,2.160342
1.093992,1.492205
2.724410,2.078522
3.928435,3.965442
2.697368,1.999333
1.986206,2.048575
1.743868,3.356949
0.919140,1.815419
1.833845,2.345081
2.442574,3.108832
2.688010,1.666026
2.165744,1.873690
-0.229534,0.205860
0.066281,1.197568
2.189141,1.745421
3.942552,3.071609
1.577104,1.274973
2.689668,0.659392
1.059004,2.155485
3.352070,3.723634
-0.003578,1.676508
2.046078,2.826008
0.561075,0.962456
0.905021,0.869159
1.969319,1.347709
1.925690,2.359406
2.715083,2.491497
0.314785,2.367343
2.786577,4.763154
1.742606,2.707505
0.212216,1.776713
2.743069,2.517798
2.225133,1.867699
0.896333,0.819506
3.718210,3.085196
3.481104,3.252765
1.744793,1.090317
2.486419,2.211654
1.620072,2.136155
0.173138,2.428655
1.525153,2.260946
3.564456,3.185273
2.742845,1.725530
2.517926,2.410441
1.136134,3.737968
0.555845,2.556868
1.026949,0.387703
2.184884,1.750059
2.628359,1.651926
2.202621,2.562140
1.584806,1.838210
1.621309,2.482051
1.526830,2.918382
3.271661,3.928472
1.914341,1.239775
2.075244,2.540035
2.081508,0.332045
1.684749,1.227097
1.945108,0.105833
0.325379,-0.560761
0.796210,0.727025
2.576429,2.841543
1.885104,0.332399
1.398495,1.386317
1.494777,1.505753
3.051815,1.938691
1.083836,1.751108
1.212657,1.640254
0.478832,1.884901
4.795924,2.454127
1.182737,-0.158309
3.084521,2.796907
3.623175,3.241588
2.937754,2.704413
1.929419,1.585881
2.212257,2.470253
0.294135,1.897099
1.276815,3.101704
1.856754,0.624745
3.380882,2.803594
0.999620,0.498253
3.753271,3.524387
4.242718,3.187733
2.433547,2.583216
0.765981,1.460117
3.207181,2.835469
2.064960,1.802753
3.094588,1.371845
3.199767,2.796827
4.358490,4.999134
2.845356,3.532194
1.753170,1.209477
0.761901,1.505098
2.478448,2.056689
0.933762,1.165775
2.289753,-0.099221
2.703414,1.126005
1.665423,2.379244
0.962944,0.024777
2.503040,2.407507
2.354689,3.333249
1.999725,2.121682
1.498770,1.427059
2.739520,2.676500
2.687484,2.795465
1.724116,0.549137
3.302447,3.351697
2.649061,2.680807
2.794366,0.650679
1.987407,0.817739
2.349045,1.689663
1.631030,3.324988
1.271162,2.175850
1.559274,2.179288
1.511312,1.765768
0.962922,1.119428
-0.459263,0.501269
3.075146,2.898596
1.633872,1.678369
1.006642,1.803659
2.536898,3.817976
2.728209,2.132304
2.114567,2.923143
2.563063,1.899512
3.264505,1.469814
3.349127,2.109543
1.901011,2.565204
0.891954,2.148705
1.368849,0.840252
1.999762,1.967206
4.471496,3.254236
2.231323,2.058426
1.324493,1.788134
3.274166,3.792763
1.533652,2.157026
1.147509,1.004626
1.365989,0.476589
2.604647,3.033419
2.188546,2.450178
0.077279,0.470774
2.250866,1.381646
3.508499,3.435952
1.237532,0.914594
0.939075,2.365572
0.571843,1.000659
2.612000,1.093367
2.686142,2.405387
2.613914,2.862367
-0.414417,1.103345
1.399077,2.178511
1.898945,3.363035
2.896289,3.809117
1.948736,1.192877
2.747941,1.613688
3.740915,2.149861
0.732641,1.937986
2.953028,4.791333
1.865473,2.155326
2.614734,3.935560
1.257165,2.395991
0.275268,1.610143
2.665409,2.457447
2.082201,2.977298
1.177137,2.246282
1.899970,0.172710
0.354768,1.305629
2.144862,2.494655
1.799073,2.415129
2.082175,2.561102
2.157809,1.725615
0.482102,3.188572
2.718664,2.468720
2.860211,2.296994
0.935577,1.651460
1.491930,2.518226
1.394025,1.231691
2.913474,3.743257
1.841954,1.864178
2.031285,2.775934
1.816607,1.579779
2.527310,3.595239
1.348435,1.603838
4.319781,4.281887
2.518136,1.899641
0.989383,1.704243
1.102753,2.140644
3.112164,2.658509
2.246229,1.624227
1.631353,1.109153
1.341158,0.409999
-0.861001,1.168297
1.508973,2.655144
1.840138,2.853424
2.795122,1.509682
5.193867,4.925154
1.093167,2.423483
1.466827,2.469737
2.561764,2.224485
2.319516,-0.145159
2.188736,1.788775
1.085799,0.557553
1.091866,2.013383
3.362311,3.222941
1.900661,2.846955
1.531963,1.298761
2.388009,3.426155
2.867777,1.249401
3.108264,3.545897
2.175057,4.034704
2.811707,2.811346
2.226894,1.497516
3.844300,4.035195
2.594056,2.710594
1.974296,2.237587
0.920472,0.374289
3.238930,1.573133
1.964099,2.373969
2.210504,2.626934
2.804860,1.502594
1.832729,1.626897
2.177164,1.610214
2.488890,2.646301
1.337566,3.061845
1.035777,1.580781
3.166715,1.140691
3.023044,2.375751
2.254823,2.221464
1.295250,1.568395
1.152052,0.840150
1.605368,1.949212
1.146250,2.428140
1.963613,0.644209
2.106000,2.092027
0.301606,-0.028185
2.631693,3.070019
1.606484,1.532711
1.716300,2.665204
2.909714,2.568761
1.905248,2.999142
2.285252,1.220258
1.898579,3.771995
0.641131,1.482681
1.235157,2.743630
2.579093,3.332060
2.508333,2.259439
1.443227,1.299669
2.624040,2.128882
3.338624,4.101828
1.942563,3.800972
1.594360,2.903800
3.200925,3.932408
0.492104,1.795667
3.674680,2.971961
1.426507,1.574949
1.926086,1.565800
-0.647264,1.961202
1.683240,2.136661
1.309265,2.593318
1.815155,0.748774
3.035264,2.025967
-0.651440,-0.016129
2.853655,2.178103
0.850189,1.755109
1.521597,1.096040
1.679674,1.790589
3.274072,2.347578
1.545002,1.741453
1.125272,1.916295
1.089449,0.313544
1.079600,1.828799
2.209381,2.331244
1.193872,3.302462
1.683442,2.134947
2.468434,1.988800
2.577633,3.677502
1.485062,1.183965
2.689789,2.869697
2.542039,2.319997
2.985740,3.202810
1.247388,2.342111
2.297327,1.963765
2.797714,3.898675
1.212423,1.241162
3.758411,2.543884
1.991195,2.956420
2.495239,1.001882
2.069516,1.230369
1.966380,2.938118
0.790504,1.883604
1.578522,2.461546
2.636392,2.378826
2.270646,2.294511
3.226636,3.001632
1.289092,0.196564
3.775570,2.526882
-0.537664,-0.072812
2.199896,2.268217
2.123083,1.482634
2.526764,2.369081
2.826124,2.429189
2.192790,1.195637
-0.636861,0.116296
4.338877,1.860974
2.253215,2.937576
1.630665,1.519816
2.972930,2.068799
2.854837,1.842457
1.679963,3.010914
2.362473,2.973354
1.878656,0.799055
2.195910,3.264853
2.830478,2.772992
-0.256594,0.723238
1.505823,2.346554
1.539314,2.557546
3.841751,3.702485
3.726146,3.887501
1.524171,2.884901
1.646583,1.120496
2.161445,2.542142
2.512038,2.479666
1.274271,0.445141
2.541414,2.233981
-1.039093,-0.430850
0.635537,1.403663
1.039741,1.513314
2.409040,0.958295
1.744252,1.635908
1.563050,1.492191
0.869114,1.809047
4.738951,4.305058
3.489072,3.728017
1.582507,2.938335
2.063286,1.577756
1.346274,1.028072
2.234466,2.628091
0.176350,1.029902
0.133549,2.884498
3.011645,2.256927
1.116420,2.631446
1.938238,3.692810
3.306926,3.185708
2.291090,1.408458
2.139690,2.936320
1.808881,-0.305729
1.900565,1.787256
2.065375,1.748609
2.346446,3.888743
1.047986,0.943997
2.727612,2.118171
4.062331,4.416151
1.255269,1.393171
2.008078,2.141461
2.988693,2.489138
1.795710,2.492387
0.920448,0.691300
2.886987,2.922634
0.736901,-0.220906
0.564859,1.900820
2.662144,1.961420
1.325465,1.678681
0.361453,2.435163
2.451446,1.259221
1.821510,2.063066
1.000982,0.804218
3.039860,1.668666
-0.148177,3.200030
1.966792,2.418747
3.115080,1.833795
1.609847,1.638035
3.260936,4.870965
1.602817,1.676712
2.162796,2.568090
1.408419,1.809740
0.427455,1.722727
0.681527,-0.155316
2.316007,2.677189
2.983720,2.365705
1.138018,2.038860
0.991321,0.798707
1.477519,1.720277
2.392713,1.576704
2.483507,3.150182
3.609702,1.832783
1.299886,2.755126
4.564577,4.276246
2.326995,0.503499
2.754480,1.615023
3.073451,2.671033
3.575825,2.369524
0.937727,3.164866
0.838509,1.849041
1.658307,0.960794
1.181964,2.279659
1.185363,1.379914
0.318190,2.781064
1.430601,1.115441
2.591194,1.537042
-0.834528,0.769342
0.837525,3.018345
1.667749,1.236902
1.015667,1.414311
1.958941,0.589849
1.957517,3.445988
-0.173856,1.241256
-0.210089,0.367280
2.017456,1.104249
3.496885,1.508625
3.307678,1.249152
0.869656,1.258055
3.849646,3.659782
0.358793,0.233127
3.757366,1.971863
3.252645,3.788225
2.551242,2.200248
2.442292,2.302052
2.904702,3.220807
3.610021,2.854179
0.936495,1.312700
0.330988,2.481376
2.040932,2.062392
2.450616,2.007202
2.833165,2.917230
1.487134,1.897904
1.481174,2.407345
2.179158,1.769856
3.577283,2.028308
1.084771,0.385716
3.010420,2.592882
1.421836,3.060348
0.967492,3.600876
0.916322,2.973351
1.045316,1.406353
0.072429,1.194658
0.291555,2.609149
2.929078,1.934164
1.709496,3.461770
1.006236,0.480974
4.142110,3.936265
3.124481,2.630545
3.717914,2.108376
0.710931,0.027263
0.887279,0.665908
2.724771,3.233839
2.442216,2.235115
2.280614,1.468401
3.429580,3.378310
1.616018,0.714427
1.113911,2.619418
2.034691,2.120786
2.293357,1.611012
3.354901,2.365639
1.302208,2.060080
1.492050,1.113507
0.899485,1.206849
3.608414,0.269057
3.468446,1.947349
1.409422,1.504455
2.776186,3.080549
3.754662,2.710899
2.345002,2.885138
1.081052,0.495044
0.831015,0.878419
1.827401,1.763596
1.951229,2.390529
1.801169,0.916557
1.329301,2.998577
1.703203,1.989897
1.239738,0.738494
1.620988,2.437833
2.109651,-0.255492
3.137157,2.138791
2.568572,1.645899
1.338663,1.511073
0.753435,1.706443
1.579790,1.243999
2.140130,1.679256
2.705002,3.658789
2.824108,1.321496
1.646962,1.423014
4.470707,3.096978
2.501491,2.712003
0.940670,1.694439
1.495087,1.460724
0.158567,0.858439
1.524357,2.090945
2.374196,2.316953
3.996399,3.609651
0.401705,0.550080
1.408259,2.406863
2.083356,1.296872
2.547122,1.411902
2.259862,1.422112
1.451194,0.940953
2.770631,2.657799
2.287227,1.079895
2.398849,2.504011
2.105297,-0.423419
1.659036,1.275470
2.768909,2.087782
2.004734,2.625551
1.635575,3.294167
1.360729,1.558702
1.548882,2.738736
1.423664,0.262282
2.290546,2.925177
1.338981,1.038640
2.603670,2.682282
0.700629,0.741663
3.039813,3.149396
1.372809,1.271432
0.477471,1.343320
2.031913,2.075057
2.989897,4.200124
2.485349,2.085392
2.247838,2.704536
3.469563,2.485390
2.358745,1.732231
2.004624,1.414735
0.271929,0.965387
1.712816,1.107854
0.136126,-0.302885
2.264807,2.971549
2.240120,1.421735
-0.389459,0.586140
0.795976,3.197086
1.303794,1.291893
-0.305275,0.353709
1.660356,1.274008
2.162553,1.751860
1.557859,-0.051555
1.255793,0.378450
2.197769,1.902553
2.105573,2.795357
2.338343,1.670645
2.214679,1.518593
3.214359,1.717096
2.142877,2.637081
1.060317,2.875381
-0.030657,-0.494876
2.156766,3.286583
1.141764,2.277638
1.751781,1.557424
1.947018,2.379794
1.573079,2.792581
2.520785,3.734929
3.549861,3.694964
3.044869,1.528514
4.332786,3.235272
2.261528,1.659344
2.225348,3.577629
2.727545,3.406662
3.331297,2.208491
2.212982,2.832898
3.043997,3.331452
3.222426,2.441659
0.566293,2.739776
2.429024,3.148904
2.508189,2.033445
1.493923,0.650400
2.769403,3.229579
0.243879,0.993874
3.526179,2.910846
0.361088,1.942198
2.091516,1.512344
0.611803,0.537209
2.912112,2.137179
1.618126,4.451706
1.097561,0.441268
0.233544,0.766846
1.948369,1.230452
2.466459,2.424035
3.945625,3.458805
1.341352,2.650871
2.127877,2.940015
3.200925,4.367955
2.714587,2.844860
1.543007,1.753186
2.713232,1.471716
2.272149,3.268581
2.568992,2.465696
2.862898,3.721471
2.684724,3.600687
2.413081,3.427589
2.270551,1.711794
0.648439,0.579584
1.858780,2.767898
4.545696,2.018531
1.415311,0.579009
1.228134,1.274296
2.704403,3.311686
2.893888,1.816548
3.776869,2.044030
2.118671,1.183270
2.120931,1.939209
3.576862,2.053962
-0.169992,-0.218524
-0.161564,1.003372
2.187655,2.368620
0.946337,2.790537
1.684979,0.877707
1.293332,2.097646
2.770781,3.264931
1.263509,0.406036
2.042712,3.203184
2.797782,1.815773
0.947502,1.524356
1.355961,2.480544
1.005961,0.923138
-0.501512,1.081878
4.233512,3.203394
4.115498,3.790783
3.456105,2.641787
1.932955,0.178126
1.825807,1.949484
2.005962,2.136741
4.337990,3.528435
1.262158,0.065287
1.260084,-0.146739
3.798345,2.846567
1.295246,0.749125
1.664050,1.737687
1.410107,2.684225
1.903297,0.760394
1.366931,3.110371
2.477174,0.969328
2.799440,3.689585
1.852354,0.930989
0.552837,2.152229
-0.064682,1.539596
1.607763,1.430103
2.357251,2.339865
2.938308,2.579009
1.700249,0.091178
2.918994,3.749524
3.266080,1.340437
2.155178,1.951056
2.030477,2.716183
3.148089,3.161074
2.163795,2.201620
3.761442,3.238793
1.712300,2.253459
-0.002000,0.803948
0.964890,2.236365
1.486154,3.040082
1.253620,0.807742
0.110338,0.557274
-0.050758,0.252424
2.870414,2.102877
2.593730,2.022435
0.913432,0.884458
3.291282,3.504287
2.125606,1.656999
1.790313,1.746204
1.163654,1.738633
2.333413,1.034557
0.942871,-0.613115
2.658682,1.564249
1.587558,1.725964
1.387269,2.905042
1.203572,0.876457
0.521259,2.085939
1.114317,0.978098
3.214917,3.539565
1.805775,1.036158
2.021919,1.939031
-0.128701,1.725115
1.025012,0.939457
0.681654,1.330443
1.018670,3.111060
2.337188,2.941097
1.416669,1.129170
1.043023,1.988521
1.551893,2.024388
1.509934,2.307454
2.354200,2.042402
1.390360,2.574029
3.967946,3.058576
-0.108469,0.166720
1.955078,2.749929
3.731248,1.628459
2.058126,1.327342
1.747493,2.076894
2.731421,1.022426
1.754939,2.199541
3.972074,2.452900
2.552420,3.299185
3.315705,4.145479
1.789221,1.531719
3.680497,2.884029
0.694489,1.951214
2.322255,3.464118
1.409433,1.402596
2.929696,2.348306
0.332082,0.510524
0.727521,0.969079
2.100003,2.684093
0.453318,-0.190798
1.113312,1.303821
3.991256,2.519383
2.217685,2.565174
2.024763,0.453850
1.493937,1.375557
1.702824,2.291436
0.336008,0.639649
3.268515,3.081422
0.819509,1.704552
1.678395,1.168364
2.889818,3.479325
2.705054,3.398065
1.633440,1.165747
1.998057,2.196735
3.223285,1.841605
2.001449,2.066481
1.212294,0.430302
1.648190,0.501120
3.314891,3.014028
3.494159,2.135543
0.541984,0.090337
0.495719,-0.499015
2.834000,4.125290
2.559870,2.698736
3.193070,3.154956
3.224817,3.150909
2.295304,2.525571
1.337595,1.578675
1.663899,1.554866
2.141938,2.612056
2.133172,2.059862
2.172151,1.138935
0.886599,0.637242
1.914715,1.870196
1.265117,1.604299
1.318858,2.767612
4.152841,5.395516
2.120978,0.285162
0.665983,1.724451
2.293042,0.733955
0.905207,1.912404
2.274978,2.716112
1.863199,2.748576
2.561563,1.981446
2.704858,1.363206
1.938969,2.301062
1.122115,1.371072
2.564534,3.916805
0.699967,0.812534
2.917010,2.385392
2.036921,2.315590
2.692886,1.834498
0.985405,1.242690
2.765726,3.057036
2.218842,1.500789
0.897612,1.032501
2.229341,2.145859
1.651648,1.579465
1.536770,2.602735
3.854151,2.602598
0.119205,2.535055
0.308828,2.173037
2.694717,2.057636
1.127806,2.081455
3.242446,3.029227
2.362833,1.683962
2.065364,2.908433
1.194016,1.992467
2.144886,1.271630
2.109628,1.157536
2.788111,1.751862
2.483805,2.574284
2.837780,1.954617
1.074434,0.954843
2.998399,1.916000
3.732219,3.510172
2.837554,3.549591
1.195279,2.753640
2.170141,1.443483
3.224862,4.031406
3.328994,2.920850
0.244705,0.855689
1.190205,2.134528
0.423999,2.004945
2.709845,2.333161
2.815157,2.782460
2.991993,1.237041
1.846736,3.285853
1.430810,2.146208
3.047942,1.160848
1.590554,2.632250
2.653313,3.400352
3.463734,3.483925
1.684489,1.372377
0.105372,-0.387818
2.398677,2.603169
3.374495,1.933157
2.571617,3.329603
1.413075,3.115096
2.026867,2.737377
1.785673,1.329522
3.626973,1.895169
0.921853,2.120113
3.562143,3.191698
2.301884,2.853253
1.623131,2.946112
2.951086,1.714703
2.585305,2.226690
1.731144,1.357625
2.014107,1.223623
2.647715,1.862680
2.095796,3.370630
2.793123,2.445518
0.720345,1.470347
0.337272,0.820074
1.491389,3.548533
1.573251,1.418556
1.860593,2.039874
2.893013,1.517157
0.602135,0.580301
0.802015,2.880159
2.264000,2.919485
2.525640,2.846661
1.430190,2.220791
1.243456,0.663935
0.029383,1.516864
2.219785,2.213202
2.580840,2.275399
2.653473,3.431008
4.124154,3.427059
1.390079,2.689876
2.258270,2.686121
1.597575,2.542694
1.259629,2.089838
2.983876,1.969851
1.925922,1.438194
1.815101,2.132376
0.531191,1.317762
3.162283,2.017261
1.312694,-0.269965
2.069257,2.714501
0.675622,0.485960
2.413834,1.538807
2.465424,1.315270
2.267821,3.031711
1.916864,2.834113
2.817361,1.448521
1.645829,0.330503
2.621013,2.421314
1.392169,0.865684
2.721224,2.883897
2.418995,1.951604
2.414316,1.210720
2.421793,4.560523
1.822682,1.996863
2.228373,3.126072
3.855086,1.068938
2.631772,2.350359
2.246803,2.047791
2.929273,2.187752
3.080795,1.435319
3.646300,3.744356
1.460936,2.340337
2.818140,1.624512
4.124881,3.234685
0.913363,2.354812
2.559956,1.346366
3.186387,2.337681
1.791149,2.912044
1.047842,0.875586
2.240236,1.442678
2.586655,4.374993
4.929253,3.093413
0.435959,0.452575
2.633719,3.316423
1.996859,0.664173
2.023335,2.899581
2.566379,2.848543
1.962319,-0.430166
2.164712,2.426348
3.816766,3.287155
1.447595,0.743280
2.720048,3.850880
1.649478,1.580622
1.571069,2.599351
1.422125,2.067737
3.558458,1.641103
0.910943,2.011871
1.750598,2.638355
2.335652,2.244953
0.628112,0.336592
3.238592,1.368612
1.757300,1.047458
2.030019,1.714980
2.444933,2.327203
1.447340,2.623419
0.358100,1.008815
0.471727,1.325874
0.844080,2.299223
3.475403,2.790941
2.861616,2.560228
1.963545,0.848441
1.858094,1.271033
2.200358,2.400774
0.900170,0.187823
2.608476,1.530250
3.168896,2.081554
1.575356,2.000664
1.781823,1.028173
1.503558,1.616658
2.670727,1.429304
1.774800,1.959757
1.711875,2.111926
1.947474,0.849451
1.929781,2.445548
1.752725,2.712149
2.899364,0.944442
1.331585,1.214482
3.658759,3.406470
2.721870,3.475001
2.492912,1.569167
1.068522,1.527048
2.826977,1.581380
3.158333,2.300875
2.193963,0.513066
2.166049,1.915764
0.986829,1.219565
1.799174,1.273814
3.228814,2.903338
0.939512,1.714403
2.803272,1.942528
2.983424,2.846798
1.145147,2.618339
1.586309,2.200075
2.655055,2.696756
1.948954,1.808423
1.955786,2.082005
0.998851,2.167969
3.405153,4.518891
3.327222,3.635985
-0.018764,-0.061305
1.999229,1.688969
1.241030,1.603238
2.642651,2.528298
3.028065,2.909124
2.294916,2.431457
2.722019,2.507588
1.953194,2.031611
1.849547,1.675380
2.640260,2.722333
1.642573,2.667218
1.689469,0.317388
1.056656,1.874401
2.875788,3.455261
1.698904,0.749257
2.111518,2.297838
2.000189,1.011749
2.012677,-0.016671
0.578469,1.128736
2.106267,2.970673
2.849953,2.964889
1.675381,1.911516
2.975255,2.479178
2.253608,1.526864
2.071978,1.457852
0.352632,1.915317
1.797482,2.717741
2.652077,1.715646
2.325898,2.411467
3.234722,3.860379
1.425232,2.425776
1.413363,1.533312
1.546731,3.069593
0.290410,-0.048740
1.450722,0.743973
2.702073,2.315828
1.944504,0.869591
0.188755,1.126628
1.574018,1.280204
2.740324,-0.177039
1.538107,1.698229
3.430384,3.836637
2.415139,0.561406
1.995580,4.059969
1.673574,2.649200
0.827193,1.221129
2.175487,0.062599
3.739944,0.659345
3.785169,3.239154
2.555535,2.596945
1.951013,2.084755
1.682236,2.015158
3.192953,2.468161
2.042609,2.021266
2.396197,3.477756
1.802163,0.942446
1.175680,3.185220
1.663093,2.058779
2.683910,2.370798
0.634506,0.747801
2.057605,2.065246
-0.224270,-0.184462
3.046543,2.391192
2.038086,0.609605
1.971692,1.247875
4.099778,3.119706
1.278571,2.673739
1.355879,1.062188
1.336451,0.979671
3.259492,3.280580
2.908473,3.699881
1.742072,0.862102
1.805884,1.941933
1.867392,0.622323
2.139213,0.822444
0.795586,1.858284
1.970319,3.189448
2.813361,3.912944
0.581353,0.927168
2.013120,2.325540
1.210557,3.835183
1.849250,3.166652
1.843518,3.440326
0.064277,0.450268
2.230037,1.273458
2.782598,3.080513
1.011270,0.463067
0.392950,-0.217196
1.685333,1.917349
3.109845,1.066018
2.436313,2.635953
1.765024,2.401227
1.464600,1.224522
2.059330,3.607648
3.471518,2.876211
2.362858,3.109316
0.946272,0.772579
1.586622,2.015393
1.324473,-0.449100
1.167223,1.543747
2.158043,2.484270
1.066842,1.650005
0.066943,0.194424
2.067349,1.886050
1.537135,1.505077
1.979646,1.997475
2.420911,1.812238
1.780433,1.495385
1.413154,1.523922
1.552368,3.117199
1.777194,2.400017
3.618973,1.593433
3.559760,1.422311
1.470806,2.939453
3.837022,1.730978
0.938417,0.463062
1.619490,2.407770
1.171663,1.922175
2.093263,0.347148
2.639276,3.810446
3.013329,2.340683
3.296128,2.891180
2.771247,1.833786
2.752665,3.071328
3.002618,2.396306
2.924272,4.862473
1.431759,0.936953
2.773183,2.784071
2.652302,1.376335
4.471867,3.945791
3.268232,3.439612
2.332383,1.359170
1.581443,3.344484
1.554845,1.102593
0.613574,-0.583364
2.759071,2.648557
2.430736,4.221046
2.236360,1.446411
1.539177,1.685233
2.868093,1.659578
2.150396,4.337197
2.322520,4.020486
2.336567,3.126599
1.264214,1.929632
2.171840,0.560274
3.269757,1.901709
2.497733,1.174388
3.834376,3.596899
3.783749,4.042488
3.509429,2.668849
3.149847,4.799949
3.448922,3.084921
3.969525,3.133857
0.334139,0.631616
2.643770,2.609596
2.531669,2.439248
1.521340,1.190242
1.691234,1.927730
2.650413,1.914487
2.105230,2.804415
1.891304,0.753510
2.602484,1.849562
1.542822,1.071619
-0.015005,0.202893
1.483666,0.469056
1.681762,2.297935
2.884693,2.905036
1.252788,0.925338
1.836160,3.639119
2.936816,3.092707
3.081802,2.144968
1.460474,1.254938
2.776065,0.520919
1.924583,1.203988
2.684764,4.569503
1.365868,1.593146
0.794187,1.041756
2.779104,2.604136
2.837659,2.337306
3.574214,2.604193
1.059228,1.391304
2.949638,1.921606
3.193009,1.509159
1.417599,2.363070
0.501771,-0.601488
1.570890,0.863678
3.541721,2.412823
2.343516,1.412722
2.745745,2.305343
3.047123,2.234539
4.060237,4.147191
2.340067,1.542722
0.989444,2.386352
1.314450,2.644708
-1.203541,1.326983
3.620574,2.437511
2.320530,2.449245
0.312298,0.939540
3.347906,2.736249
2.780953,1.291793
2.582381,1.393945
3.903059,2.956074
1.441987,1.846103
1.420488,2.412102
1.130872,1.335253
1.877738,2.007285
3.215036,1.040693
0.817880,1.215403
2.339462,3.767279
2.564822,2.457053
1.003488,1.223627
1.019581,0.667480
0.924302,0.146500
1.991460,-0.273649
2.803811,3.101777
2.384170,2.309422
2.559381,1.368478
2.850362,3.082484
1.906544,3.247578
1.806855,2.525607
1.917060,1.315899
3.122544,4.307486
3.049639,2.645881
2.156139,2.105128
1.164007,1.169831
1.601064,2.619520
1.847605,1.112035
3.405316,2.581616
2.665652,1.419599
1.986005,1.856806
4.904974,3.498798
4.671085,4.327181
2.015206,0.124548
3.227003,3.063265
3.455574,2.386901
1.778413,1.283518
4.331399,2.243684
-0.476692,0.651617
2.347197,2.435055
2.167852,2.678309
3.011358,2.468185
0.878682,2.332541
0.740959,1.974873
2.582067,1.959056
3.642588,3.714786
1.821738,1.521733
2.050941,3.294345
0.796429,2.109254
3.179941,2.471707
0.981691,0.934344
2.742616,2.243101
1.508120,2.511072
1.743742,2.534275
2.034408,1.156069
2.986482,2.536215
3.414805,2.900666
0.705023,0.673633
1.705895,3.621640
3.286880,2.324997
0.604575,1.265893
1.696680,2.528589
2.332769,1.146577
4.360042,3.792697
1.274663,0.846192
1.509301,1.693787
3.669812,3.263416
2.082775,1.295628
2.118094,2.509841
1.413646,2.460555
2.145656,1.189806
2.403419,2.423716
1.077661,0.604136
3.280165,3.720732
3.297018,2.011717
1.497282,2.470150
2.248708,2.745282
1.013547,1.805344
3.194707,2.073625
2.457334,3.248309
1.900596,0.943445
0.691258,-0.385106
0.374606,1.894271
2.289809,1.520085
2.778726,2.516636
1.663876,0.464001
3.411391,3.773446
0.512324,2.480293
3.264527,3.129720
0.933388,1.054250
1.774303,2.564208
2.093381,2.944791
3.845333,2.325902
3.518579,0.955289
2.792929,1.060367
1.662687,1.848146
1.840653,2.277061
1.969660,1.676660
0.217646,0.610957
0.794968,1.868048
0.389949,2.452782
1.859714,1.852753
2.690683,2.434409
2.294653,2.971865
2.753193,2.826985
1.440256,1.590580
2.426413,3.125357
3.510262,0.637550
2.151041,3.552174
0.451484,0.977595
1.710123,0.931829
1.607608,2.842975
1.598672,1.663621
1.574545,2.749017
0.703456,1.353128
2.120982,1.764226
1.950787,0.848878
3.500266,2.049175
1.290593,0.569926
1.712898,1.587340
-0.730295,-0.288390
3.024943,4.200379
2.435746,2.234819
2.484606,2.680219
2.164678,1.519200
2.389423,2.490709
4.749614,3.308116
0.389834,0.717655
3.302626,1.606543
1.556175,2.541367
-1.231648,0.660409
3.016011,2.520211
3.695183,2.853528
2.367896,2.000759
0.878371,-0.436986
3.070783,1.007323
2.384293,1.042588
1.190611,0.899585
4.265505,2.162803
2.727834,2.967215
1.884177,1.385739
1.766108,0.630365
4.393631,4.676185
0.233077,1.532411
3.398014,2.853321
1.686707,1.059600
2.266954,1.550514
3.391625,2.495252
1.165426,1.179209
0.638308,1.158729
0.199726,1.017794
1.402636,1.282148
-0.662398,-0.549700
3.575018,3.843052
2.342179,3.359201
1.467181,1.275667
2.695725,2.842151
2.161423,2.949227
0.050493,2.986460
2.537193,2.233768
2.189532,2.078547
1.248696,0.972351
0.000730,0.583005
2.791283,2.050037
1.084318,1.112838
2.291394,1.692914
2.372691,1.733736
0.462193,1.179253
2.246088,2.056620
1.922945,1.917405
3.779118,1.878344
2.755088,2.626570
2.229313,3.048651
1.261666,3.135239
2.415910,2.556627
2.030273,2.470051
0.772892,1.381173
3.508790,4.008652
3.030331,2.720562
1.962904,0.843143
1.175613,0.822227
0.085574,0.154252
-0.075710,1.121969
3.180078,1.878387
2.192917,1.610274
0.755353,0.508494
2.958107,1.562208
2.224059,1.049836
1.326793,1.906884
2.170948,3.127528
2.973671,1.502427
1.123477,0.200007
1.347967,1.773761
1.477025,1.848887
1.994532,3.685882
0.934336,1.409392
3.643575,2.665207
2.432468,0.428784
2.372262,1.041085
3.457271,2.046204
1.228685,2.345046
1.469691,1.927525
1.513197,2.195890
2.953041,0.237943
0.814539,1.615691
3.300875,1.326669
1.626681,1.953342
2.288120,2.474820
-0.127002,2.270520
1.705821,2.039735
2.964118,2.462726
1.528957,2.706675
0.326085,2.255438
3.952441,2.628706
0.321138,1.769998
4.204112,-0.261492
2.476168,2.811662
2.686351,2.871478
-0.357264,1.068869
1.331703,1.267254
2.049519,2.807271
1.948155,2.007860
3.700657,2.986127
1.899403,0.798336
1.563639,1.976143
1.312067,1.872331
1.768270,1.144477
3.707794,2.834258
1.968293,0.767446
3.424267,2.378123
4.172163,3.025159
1.492013,0.775249
3.770447,3.258803
2.473240,0.642467
1.894899,0.453919
2.546631,2.138366
2.518622,2.453821
1.346148,1.305346
2.295854,2.753203
2.155256,1.485753
2.339537,1.587195
2.346851,3.152652
1.227733,1.998112
1.893572,1.006353
1.281668,0.984061
1.257832,1.132715
1.557179,1.900407
2.113021,0.478475
3.029345,3.701056
2.079203,1.303559
2.388479,0.980519
-1.482743,-0.171172
1.423255,1.498885
3.190927,1.880741
2.528454,1.668693
3.402447,1.985691
1.972282,1.595289
1.308065,1.765164
0.471558,3.130998
1.916933,0.656367
1.629732,1.575713
3.872616,2.450983
1.258741,1.956289
2.421002,3.391169
1.155327,2.351186
1.135580,0.977143
1.145587,0.021471
0.369337,-0.509449
2.325166,1.757977
0.864534,3.788087
1.975174,2.826282
1.735590,2.672140
2.343190,2.599322
1.816437,1.094626
-0.728731,-0.047790
2.544314,1.847079
2.528565,1.312567
0.240860,0.672114
1.553209,2.599187
3.202830,2.046870
2.048927,2.176470
2.278638,0.802360
3.936914,0.853450
2.666314,3.381575
1.738730,0.596725
2.268313,2.293919
0.301782,1.830877
1.997735,1.737119
3.196241,3.304310
-0.442032,0.848161
1.696879,2.000257
2.774840,2.417705
1.796858,1.947493
0.643623,1.605706
2.048749,1.049603
3.276556,2.388664
2.809194,0.782873
1.301113,2.709756
1.597876,1.247148
2.201849,3.007565
1.858165,1.611732
2.471924,2.548307
1.870248,2.654627
1.608741,0.241491
2.387563,3.735619
2.422222,1.290571
0.977637,1.319322
0.209584,-0.025718
1.764251,0.315417
0.318925,1.263085
0.055304,1.165885
2.671342,1.500215
3.401968,1.640818
2.584591,3.010453
2.153150,1.929560
3.573047,1.800648
1.652731,2.031891
3.125439,2.591999
0.084724,1.244222
3.327868,3.243231
0.848182,0.631761
1.686543,2.779280
0.677521,1.612825
1.895441,2.558329
0.730449,0.680576
1.734327,2.964399
-0.828905,1.286100
2.461357,2.187316
2.832255,2.950307
3.193531,2.666898
1.197815,1.587792
2.782985,4.353277
3.421833,2.460899
3.403580,2.742296
3.212874,2.340440
4.069159,4.199086
0.676822,2.921229
1.827111,1.330522
3.087988,2.991711
1.863069,1.359720
0.998482,2.895836
3.276037,1.389261
1.086378,1.400699
3.266209,3.693852
2.643514,3.084836
0.436746,0.259777
1.676103,0.447616
2.307170,4.324541
1.415089,2.051759
1.266227,0.738412
0.948656,1.622200
2.364841,3.877827
1.510084,0.226367
1.942087,1.711007
1.477016,0.066404
-1.032541,-1.207025
0.666739,2.054237
2.227211,2.112269
2.878197,1.992732
1.832196,1.696930
2.666613,2.215649
1.899749,1.102185
1.764544,2.663211
2.310676,1.261117
1.802162,2.239184
1.520954,0.765576
2.831281,2.136121
2.356535,2.761539
0.959706,2.010609
2.781621,1.376298
1.340650,1.499794
2.589767,1.306363
2.766426,1.572771
1.797553,1.367659
3.218508,1.681352
1.239791,0.981227
2.292417,1.556927
3.695253,3.163627
2.175384,2.468144
2.666642,1.948293
3.277703,3.326157
2.029438,3.350245
1.588918,2.151021
2.114817,2.316097
3.360492,2.182273
1.701700,2.272092
3.934674,3.435571
0.165062,0.644289
0.985382,0.351337
1.913191,2.879925
1.507208,1.412823
2.514945,3.671797
0.612012,-0.959854
1.018581,0.550280
2.153973,2.423612
3.062583,3.025445
3.157345,3.633428
0.385306,-0.254226
2.205875,2.086397
0.942907,1.348479
1.456075,0.949839
3.308421,-0.059385
2.030857,0.813064
1.911079,2.656330
2.785576,3.875009
1.381093,2.834209
3.688280,1.875492
1.731531,2.318607
1.986696,0.851207
3.563135,3.250812
1.319853,1.785640
0.825226,0.451771
2.999394,4.196060
1.689862,1.972050
0.703858,1.967502
1.431660,2.608212
1.849627,1.194045
1.893618,2.510362
2.170631,3.057090
1.672200,2.053818
0.574202,0.930769
1.979450,1.896861
1.960467,2.272766
1.125216,0.513440
1.952835,3.237875
2.382250,2.598345
3.352254,1.672769
1.270748,2.385916
2.794570,1.312912
2.283518,1.527566
4.309000,4.228116
0.962820,2.140525
0.153051,0.803987
1.833790,0.549224
-0.038222,1.229138
1.977101,2.658761
0.761673,2.231887
2.503979,1.757747
1.975953,2.872749
5.161193,2.164120
1.088155,1.362960
2.636784,1.331237
3.798073,3.163543
1.979641,1.393885
1.697520,0.743461
2.098165,2.801367
2.490093,2.162743
2.971748,2.142807
1.451420,1.935127
2.111375,1.495192
1.376530,2.972464
2.287749,4.173640
2.003703,1.823577
2.207983,0.140717
-0.124255,1.733471
2.108931,0.006645
0.515212,2.161211
1.367985,-0.040104
0.222024,2.017594
2.700833,1.248131
0.755437,1.809295
2.715920,1.525196
1.534078,0.765269
0.876804,2.434971
2.982679,3.890443
2.269232,2.088579
1.940281,1.168897
3.909694,2.125499
1.119098,0.747426
1.748933,1.263901
2.679958,3.332270
1.834426,1.597527
2.218793,1.258308
0.435296,1.727691
1.528416,1.156430
1.164186,2.733022
-0.106457,1.887412
3.111055,2.240843
1.680184,2.087080
2.318068,1.928384
0.947770,0.857038
3.602249,2.502559
0.284710,3.287362
3.002629,2.687755
0.159518,-0.324762
0.667604,2.543515
2.978635,2.669375
3.178421,1.660526
0.933591,0.348187
2.981068,2.536634
1.139162,1.252055
2.481028,2.890178
1.308155,1.284390
1.695371,2.711247
1.351083,2.959275
3.046588,2.265674
2.902134,2.663288
2.660649,1.335013
1.633529,2.198883
3.529739,3.008567
2.053253,0.963833
1.729554,2.817737
0.225369,0.665284
2.397277,1.895879
0.644561,1.777967
2.546289,3.456716
2.955495,2.095940
1.637253,2.628866
1.590881,1.873213
1.460948,1.928606
1.782913,2.414802
2.245798,2.896805
0.908261,1.607397
1.117157,1.582023
2.119576,-0.152038
0.272906,2.248363
2.905442,2.171712
1.349385,0.422645
2.492426,2.662374
2.254400,3.129424
2.504538,2.865171
0.921687,2.585575
1.255583,0.726055
2.676098,3.514067
2.733691,2.398015
2.578332,3.257344
2.577400,2.542359
1.925110,2.108670
1.548414,1.305594
3.571867,1.712323
1.989620,1.832621
2.584011,2.646564
0.702753,1.814641
3.509899,3.149037
0.369707,1.965748
2.018610,3.396933
2.595075,3.743360
1.462597,3.025420
2.556808,2.246917
2.884046,1.346996
3.271269,3.781423
0.840178,1.447755
2.845880,3.326069
2.653715,3.061368
0.836533,1.204000
0.803206,0.653219
2.153948,2.221299
3.364237,2.961286
2.414913,2.130913
2.507818,1.027488
2.426096,3.558166
3.430142,4.046513
2.243451,2.403573
0.716238,0.585055
1.429115,1.487682
2.211310,1.978135
1.758667,1.027065
2.943123,3.017598
2.745123,0.920965
2.622521,1.395644
2.358980,0.555296
0.501935,0.163736
2.890565,2.607593
1.073020,1.963490
2.956906,1.518215
2.906686,3.193074
0.586212,1.703687
1.370778,2.338077
-0.251317,0.939031
1.604770,0.798213
0.935731,1.396963
0.805971,2.067077
1.740753,1.638207
3.074789,2.778273
1.676855,1.954474
1.309042,2.268552
1.281616,1.219528
2.542072,2.925429
-0.106007,0.215236
1.988360,2.524196
1.191752,1.776403
0.618004,1.004097
0.737042,0.967276
0.086770,1.293506
0.807105,1.596291
-0.531482,0.545136
2.612580,2.858480
1.197013,3.261490
-0.099752,1.932199
2.107337,3.209012
3.977783,2.385651
1.587587,3.099962
2.868036,2.851224
0.547225,1.393638
0.079040,0.082412
2.929703,1.835222
2.870497,1.766898
2.574071,4.537464
0.661912,3.253379
2.941249,2.512441
2.991867,2.351111
0.960275,1.526599
0.570737,1.913009
1.545247,0.536758
2.392899,2.514382
-1.614598,-0.842198
1.570967,2.244242
2.391099,2.653525
1.187736,1.158740
2.694131,2.616257
2.955325,1.598198
3.191385,1.798572
3.641568,2.500624
0.429704,1.918869
2.540192,4.120376
2.602219,3.349099
1.458156,2.094007
3.915742,2.103384
2.481905,2.908773
0.820133,-0.209591
2.460135,1.711056
2.980311,1.049526
0.690638,0.714674
1.321812,1.089610
1.270475,2.399347
1.802077,1.969783
2.954785,2.420361
3.246133,2.508115
0.012099,1.820708
2.882586,3.277758
1.576645,2.973613
1.886945,1.879470
3.410879,1.879099
1.164519,1.517497
1.972787,1.373460
1.730704,2.521775
1.738701,0.560230
3.243437,1.853554
1.383531,2.267869
2.572803,1.909946
1.137223,3.443537
0.602261,1.333259
1.729184,1.716442
3.316012,2.254321
2.968715,2.014935
2.577329,2.475434
2.332102,1.711721
1.665639,1.476633
2.186361,1.441770
1.667378,1.132532
0.719447,0.494455
1.785205,2.378793
0.837120,1.756714
0.131353,0.793238
2.322835,1.793189
1.373890,2.857907
3.610652,2.791644
2.605806,1.773490
1.450890,3.257124
2.052332,2.463980
3.987259,2.884822
0.358258,2.026287
1.961261,1.655245
2.869029,0.271594
2.324630,1.278520
2.408445,0.216146
2.564677,2.523702
2.847473,2.471988
1.228985,1.204489
2.335707,3.276107
1.636400,1.928888
4.046741,1.499134
3.288667,2.280798
2.952059,2.110203
1.461961,2.342839
0.649411,1.486623
2.747916,2.806816
1.436894,-0.147841
1.330450,0.334347
1.539199,1.951984
0.721294,2.949767
3.080272,1.440784
1.776328,1.606288
1.078480,1.960576
1.811021,2.247331
0.979143,2.771030
2.664451,1.977381
1.701855,0.772675
1.745176,1.575587
0.869094,3.306399
0.420460,1.442039
1.886269,1.194755
1.481888,2.065212
1.780298,1.875049
2.207472,2.480931
2.103447,2.806870
3.066337,4.425081
3.669564,2.602308
1.375951,1.915893
0.052016,0.348301
1.939385,2.130685
-0.589603,1.834797
1.888656,2.431428
2.111556,2.017290
0.835560,-0.090171
3.862825,4.180269
0.849950,1.069846
1.188882,1.941276
1.625794,2.182102
2.511985,0.553380
2.687780,1.114997
2.280698,1.785417
0.982314,1.226726
1.685928,1.494478
1.887447,0.290122
2.132374,3.418681
3.450199,1.304367
0.203508,1.280444
1.337079,1.431485
-0.067558,1.191060
0.311767,1.007268
2.093238,1.694073
2.847897,3.349943
1.667956,1.318175
1.634626,1.302448
1.689839,0.807732
3.034043,2.793464
1.861644,0.702858
1.912238,0.269650
2.920226,1.507150
4.077013,4.443465
2.852538,1.455439
2.226488,2.668313
2.418168,2.219486
2.636225,2.053922
2.827926,2.203229
3.160888,2.143594
2.648804,2.008877
2.545111,3.311126
0.932557,0.932455
2.288715,1.596151
0.206833,1.945014
2.402573,1.881126
1.639808,1.768739
2.197549,2.668745
1.580441,0.794622
0.565005,-0.967937
2.620602,2.854570
0.335446,-0.227145
2.648343,3.197584
1.882661,2.547917
2.489881,1.632714
1.443009,-1.511382
-0.043004,0.890258
1.709489,3.581909
2.683628,3.691739
4.376563,3.230684
3.369839,2.619182
2.402959,1.576982
3.531858,3.995309
1.753144,2.162071
1.373997,2.328232
1.559109,2.571630
3.031108,2.312438
0.130481,1.486149
1.947679,1.058571
2.175694,3.503758
0.929630,0.866050
-0.257582,0.201318
3.096678,2.821047
1.952063,2.038462
1.395610,0.439321
2.851962,3.454285
1.227308,3.650815
1.445845,0.920449
0.584432,1.314843
1.512324,1.390080
2.687358,0.584400
2.577398,-0.858664
3.180745,1.585035
2.470808,2.396691
4.423692,1.649215
0.777456,2.863896
1.824552,2.783883
1.647183,-0.252854
3.034205,1.757819
1.847251,3.549262
1.411876,2.200700
2.643294,1.432741
0.786447,2.039022
1.480584,1.969708
2.715938,3.422801
0.632025,1.036611
2.738245,4.373875
2.624348,3.012135
0.634889,1.714508
3.500286,3.617504
1.236300,2.675328
0.878675,2.326793
1.569501,1.495335
1.070314,2.593911
2.670199,3.576153
2.964771,2.122292
1.555230,0.672143
1.917914,1.428973
3.802309,4.280025
2.845643,0.935562
3.508492,1.701500
0.672341,2.060335
0.769754,1.758885
2.174990,2.721918
1.915196,2.100511
0.583096,1.758584
3.041361,1.633717
2.271934,2.052660
1.337033,2.170029
3.993533,3.322620
2.209305,3.460199
2.436896,1.924013
1.830320,1.237314
1.106123,2.920195
0.656719,0.249335
2.467444,1.848416
3.149754,4.185943
0.124781,-0.318669
2.843788,2.570941
2.494113,1.358583
1.889605,2.904503
1.254492,2.524878
2.228560,1.139643
2.374637,2.623049
3.598351,2.346031
2.774574,3.290378
1.725952,2.908394
4.005023,1.547623
1.289416,2.936971
2.656109,1.284015
2.807714,4.005616
1.928363,3.470158
1.818323,1.048754
1.451178,0.527281
3.686803,2.820058
0.765271,1.903238
3.277125,1.408814
3.882022,2.814377
2.987919,3.253349
-0.076346,0.719431
3.324264,2.629889
2.237791,2.627005
0.872954,0.405553
-0.384576,1.719335
2.490851,2.115206
2.281061,2.343551
1.868103,2.752281
3.608638,3.074016
1.279884,2.149969
0.743340,-0.545685
3.697889,1.431482
3.845637,2.076712
2.565640,2.337274
1.742740,1.444141
1.535985,1.650060
3.738021,2.051747
0.671265,2.317768
-0.663435,0.272020
0.507025,0.968485
1.682952,1.793953
1.788096,2.395172
2.524572,2.377129
2.782685,3.257612
2.813730,2.847475
1.273616,1.859508
1.438500,1.225208
1.822369,1.335744
3.441672,3.971981
1.234840,2.248163
2.823482,1.220319
1.636064,2.522645
1.661114,1.514369
3.953693,2.927676
2.419278,0.754120
2.256397,2.294819
0.696880,1.311370
1.015254,1.317108
3.038978,2.425317
2.512317,3.103097
2.797954,2.403954
1.159866,2.801178
1.817332,1.044479
1.042840,2.694152
2.266365,0.668113
3.288588,2.296653
0.124151,1.380432
2.864588,2.218008
1.923961,1.998630
2.957964,2.708833
2.622697,3.895018
4.410211,2.638771
2.241683,1.004807
2.402262,2.465435
1.525713,1.304631
0.459412,0.458973
0.829464,1.108019
-0.374864,0.683500
1.647939,2.276769
2.361323,2.090423
3.532918,2.724656
0.817162,-0.386869
2.614533,2.520814
1.860453,2.244179
2.183582,2.628959
0.377349,1.643981
1.926000,2.537344
3.353439,2.631723
3.039355,2.993611
3.504453,1.983759
3.198582,1.469998
1.129379,0.571856
1.392725,0.900658
2.447085,3.622608
0.979726,2.866635
2.626486,2.181556
0.623949,1.635702
0.199491,3.534759
2.877704,1.608241
3.005608,2.730868
0.777874,0.591530
0.426547,0.860972
0.868190,1.255359
1.295206,2.047917
2.768641,2.212927
0.726728,2.667839
4.348924,2.319739
1.712985,2.743832
2.540172,1.370842
2.797990,1.065016
1.609896,1.300788
1.857449,2.284635
2.092498,1.551238
0.706399,1.503331
3.651697,3.421454
3.569585,2.301527
1.746191,1.326930
2.458486,1.788801
1.340245,2.018592
0.210991,0.030017
3.506313,3.002419
1.652747,0.880102
3.659469,2.907651
3.003243,1.920574
1.851171,1.772149
1.539025,1.093165
1.762837,1.270566
3.249783,2.706763
2.507353,4.295568
2.274295,1.478888
3.552281,1.101817
0.089540,1.426088
1.747135,2.066597
3.695325,2.500355
3.550436,3.389368
1.272724,0.889509
1.209470,2.188304
2.483730,4.329295
0.740785,1.254678
0.714173,1.685249
1.032427,2.460705
2.161110,2.622921
2.201024,-0.490176
1.258410,1.983015
3.338644,3.620464
2.488966,2.885773
2.555436,1.609108
1.248186,0.829821
1.109181,2.423228
2.789856,2.797905
2.565056,2.292876
-0.095613,0.361163
1.466377,1.990464
2.540291,0.714477
0.743132,-0.721238
0.190522,0.808537
1.996183,1.690698
-0.558380,0.046110
2.252313,1.717050
2.542070,2.592680
2.466100,3.145751
2.056665,3.061620
1.176772,1.121337
1.182262,1.812625
2.400570,4.132263
1.873694,2.569267
2.618092,0.128555
2.148733,2.989102
1.601603,2.290572
1.305317,2.534699
1.189199,2.613288
2.912550,2.784910
2.319581,2.708217
2.356091,2.126576
2.840713,2.379978
3.019573,0.998228
3.963813,4.022959
4.494748,4.301606
2.055614,2.597652
1.797228,3.366742
2.021616,0.509322
1.482659,3.009844
2.630613,2.577721
1.054288,0.513692
1.482471,0.572471
3.886482,5.115012
1.367762,1.872326
3.453210,2.439857
0.882089,1.125296
1.991257,2.212183
0.331752,1.055440
3.112799,1.709311
1.952715,1.028746
2.366094,3.681843
1.051631,1.437317
2.177850,3.967116
1.260867,0.957081
2.407001,2.485490
1.308396,3.520250
2.867819,1.799936
0.908922,0.339861
0.981238,1.656625
2.537215,1.564218
2.626658,1.456797
1.634149,2.406931
1.056283,-0.031566
2.479309,1.954498
2.523839,1.002031
3.650254,1.958237
3.575827,2.915389
0.379173,0.726773
1.270269,2.617155
1.429006,1.906583
2.728315,2.090987
3.436014,2.834924
2.070581,2.415300
2.214368,1.849299
2.589972,2.989099
2.254180,2.607976
3.488732,3.825153
1.043394,1.662925
1.712706,2.628024
3.147018,3.057812
1.649286,2.685686
4.278863,3.220734
1.702119,-0.728447
1.644852,0.944525
1.072530,2.486312
1.028809,2.463342
2.606475,2.246299
1.538290,1.098859
0.890781,2.074585
2.037454,0.458542
2.154728,2.436561
2.171535,2.250901
2.007745,1.481177
2.758040,1.577006
3.177162,1.650484
1.995722,1.802500
1.900472,3.685732
2.069256,2.355809
2.760247,2.345899
1.885175,1.552924
1.593727,2.400552
3.114704,1.782543
2.602564,4.041003
0.865703,1.521503
3.044173,1.711093
2.291158,2.197803
3.714781,2.245124
3.169798,3.827191
2.889166,3.198576
2.049686,2.639324
1.825136,1.593199
1.942192,1.831856
2.042865,3.022948
2.409818,2.322968
3.088512,3.362557
2.767204,2.290355
2.789079,2.665083
3.396478,4.078835
2.267127,1.799842
3.124274,3.557340
1.896300,3.202387
0.811508,2.346163
1.342469,2.420292
1.824719,1.373738
2.254865,1.420878
0.258817,0.157952
1.782308,2.172294
2.280637,3.602008
3.513697,2.262226
2.783863,1.504565
0.762671,0.531968
4.689639,4.889587
1.731366,1.309934
3.225891,3.122584
2.904955,1.929383
2.843182,2.999417
0.987188,1.448732
3.188751,3.804229
0.634170,2.027866
2.850928,2.794326
1.772286,1.244733
1.534045,1.510019
3.113672,2.352430
1.416293,0.419874
2.839328,3.183707
2.682287,1.370666
2.858222,2.041440
1.293215,3.818186
2.702667,1.821416
-0.195047,0.693208
1.788830,0.955736
0.560008,1.376282
2.730768,1.014465
1.152286,2.882217
1.997376,1.620910
2.277476,2.118224
2.713109,2.671864
0.085828,1.415283
2.015325,3.291223
1.024163,1.657502
2.091142,1.160765
1.934782,2.767700
3.565568,2.524793
2.129592,1.340059
1.663596,0.909378
1.624325,1.952396
2.537330,2.297683
2.598210,2.579605
2.944599,2.721092
1.920163,0.783412
2.162683,2.680946
2.871501,4.727085
1.863948,0.325612
3.807478,3.837096
2.489413,3.450907
1.597095,1.720474
1.693853,3.293860
1.045908,1.649074
1.470151,0.451291
1.019689,0.755080
1.788347,1.631884
3.147605,4.104953
4.063309,3.096789
3.368965,1.415350
2.830757,3.075577
2.432285,2.168132
2.769328,2.815509
3.102156,1.461190
2.794957,1.553045
1.418325,1.026818
-0.667155,0.299747
1.823077,2.402556
3.328629,4.291009
2.665526,2.755259
2.940799,2.319480
2.118449,2.195281
2.024302,2.022318
2.241858,4.573907
1.580315,2.017883
2.731518,1.857364
1.724561,2.013838
-0.166208,1.911409
1.604126,-0.162403
2.230825,2.566642
2.368571,2.324744
3.400636,4.314849
4.410437,2.837947
2.927498,2.829964
3.935517,2.875125
1.061165,0.948804
2.242659,1.006416
2.114557,1.978690
2.714263,2.663186
3.419324,3.857933
2.474581,2.217361
1.046332,1.478366
2.833983,1.717397
1.519406,0.179284
2.253649,0.656255
0.699798,1.710399
3.431702,3.881037
1.331074,2.034123
2.164850,1.202535
1.355806,3.020453
2.797966,3.120824
1.498361,0.507608
3.860024,2.593922
2.295247,1.020643
1.431590,2.802861
2.433341,1.655528
1.925728,1.857056
0.798415,2.417559
0.639497,2.673279
1.989363,1.222031
0.080680,-0.044138
1.751699,4.075428
3.021093,2.248703
2.395274,2.559901
2.518246,-0.130545
1.474894,0.920360
1.499981,3.215173
1.591419,2.039120
1.660233,2.423876
1.836294,-0.638771
0.287177,1.834210
1.904748,1.227385
1.816974,4.178820
2.024918,3.542560
0.638892,2.684723
3.079412,1.471831
2.741344,1.254896
-0.633152,-0.003653
0.936734,1.715504
2.666682,2.534651
0.932477,2.876366
3.366363,2.637779
2.651131,1.977484
4.615820,1.911115
3.032579,4.131609
1.589348,2.424887
2.553639,2.455304
-0.173397,1.379326
1.083019,1.285437
1.366106,1.736744
2.346748,1.942378
1.675815,0.380187
0.849631,0.574189
3.410756,2.865251
3.045097,2.469422
2.831226,2.197531
2.299085,2.234312
1.460954,1.216002
1.713892,1.721423
1.508506,1.555181
3.019264,2.101064
1.181247,2.454625
2.548860,1.847996
2.502548,1.941153
3.299419,1.855825
2.093775,2.329552
3.376126,2.497787
3.514385,2.127707
2.926495,2.728639
3.231027,3.093485
3.073711,2.144729
1.993390,1.353265
1.758041,3.056047
2.013854,3.579729
2.869263,1.733129
2.445346,2.514121
0.514155,1.312980
1.314677,2.574633
3.504305,3.753747
1.570513,1.892656
3.902888,2.885976
1.586775,2.701567
0.673550,0.009115
2.726480,3.542241
-0.817581,0.289359
1.217765,4.078905
1.800721,1.009707
0.759841,-0.110151
2.174568,2.901189
2.003065,2.040072
1.409252,2.523732
3.870724,4.155238
2.627572,1.875075
3.972522,1.335412
2.046219,3.336682
1.375110,1.183728
2.811248,3.633118
0.348541,1.382735
3.271380,2.406502
1.170574,-0.038697
2.474723,0.696987
1.967506,2.552656
1.763995,2.287908
3.471926,2.651924
1.234289,1.931177
1.336108,2.283165
3.668283,3.202085
-0.220225,1.063244
1.528937,1.373570
0.889253,1.318394
2.816261,3.812023
2.370171,3.129860
2.599964,4.198983
2.792735,1.683399
2.764688,2.427838
1.345924,2.664070
3.024713,0.853796
1.686217,4.443752
1.407355,2.358145
2.769341,1.764730
2.352640,2.480966
1.439342,3.357810
3.061108,2.006273
0.833555,1.765558
2.275111,1.672967
3.035658,4.256380
1.467748,1.027860
2.061747,1.835070
1.108437,0.070519
2.895352,2.178626
1.703328,1.759457
2.267039,1.386432
0.941064,0.487019
-0.598040,2.541074
2.585139,2.927524
1.098531,3.129413
2.118708,2.367399
1.853726,1.753327
1.299042,1.392439
1.475903,1.689506
2.658026,2.389064
1.243310,1.794670
-0.007832,1.851413
2.383822,2.518696
2.721148,1.613841
1.122162,1.899999
3.119951,2.745452
3.163054,1.654629
2.604125,1.458883
1.727747,1.996868
1.438971,1.880293
1.078490,0.269843
2.329283,2.984446
1.551636,2.676963
0.554508,2.472619
2.820113,1.338073
1.740816,1.669141
1.205817,1.868424
2.967435,1.958430
3.316986,0.935795
2.133859,1.726421
2.246692,0.260843
1.206393,2.782617
0.924749,1.905421
2.536549,0.875015
1.651537,2.060026
2.997047,2.870493
4.679450,4.345352
1.676793,3.079032
2.655585,2.389228
2.363774,1.773454
2.372838,0.380446
1.021635,1.009757
2.246357,-0.500876
4.255826,3.963847
1.839331,1.284398
1.003720,1.985030
1.371593,1.474862
2.224603,1.609808
2.560071,1.535840
2.422414,2.936778
2.769648,2.032086
1.421005,1.800904
2.260923,2.111987
1.155300,2.124257
2.421872,1.229838
2.395337,1.988187
2.662946,3.160879
1.139059,1.865267
2.779430,2.936881
1.851733,2.159136
1.893927,1.881381
1.561522,2.668362
2.832938,2.659767
1.469033,0.657978
2.291285,3.025226
2.902830,3.563461
2.219036,2.629036
2.464649,3.649725
2.691684,3.416635
2.113830,3.922131
1.086390,3.037247
2.930503,2.487852
1.664584,0.238388
2.358048,2.853117
2.621381,3.143199
2.609248,1.095603
1.793104,0.530671
1.267815,1.396290
2.946754,1.841351
2.151107,1.278582
0.331656,1.576107
0.437508,0.718406
2.498594,2.201691
2.196502,2.444508
1.006105,2.237669
2.684186,1.280959
1.574911,3.130763
2.978462,3.717612
2.779978,1.896514
0.876914,2.437867
1.836439,1.573895
3.171836,3.072987
3.308638,2.998713
3.234880,0.874339
1.416938,0.178417
1.894129,2.427962
1.262839,0.470686
3.633686,4.712350
2.902373,3.261816
3.260907,0.008878
3.628895,3.168084
4.906946,3.568895
1.937826,1.849342
1.513283,1.962504
4.098931,2.814083
0.578472,2.102803
2.708347,2.967253
1.182268,1.419824
2.535763,1.895113
0.232602,0.328811
1.501006,1.825326
2.678164,2.728985
2.449144,2.108997
2.183327,1.267684
2.792015,3.294740
2.632896,2.287880
3.188845,4.151928
1.192154,1.900223
2.422545,0.906588
2.106248,1.497114
2.583835,3.083883
-0.182981,1.310359
1.476321,1.446093
2.638917,1.734413
1.779334,2.687858
0.829356,0.012875
3.993169,3.462295
0.181014,2.253291
0.222828,1.508114
3.146436,2.325046
3.479193,2.813713
0.396125,2.020612
1.828334,1.573213
2.980068,2.867553
2.555623,1.092551
1.413938,0.990024
1.259452,1.248532
2.093577,1.391628
1.977425,2.619467
2.666368,1.561394
1.710537,2.096212
0.234767,1.387320
2.329644,1.782308
2.459582,1.935848
1.040819,2.082484
1.132375,0.720169
2.653625,2.233231
4.274599,3.071787
1.840288,2.219560
1.964879,1.184384
2.560066,2.290562
1.986056,2.674074
3.707560,2.558264
2.941254,1.575651
4.392594,2.899117
1.894932,2.525462
0.641942,2.229858
1.793855,2.030056
2.317772,2.115946
0.067519,0.328871
2.270943,1.125828
1.315398,1.973730
0.723401,1.353485
2.194470,2.025047
2.008830,2.116017
0.365863,1.438502
0.333355,2.362565
4.530399,4.070341
2.345877,1.673648
3.663768,1.946608
1.822605,2.716632
1.705816,0.953687
1.130462,2.488062
3.395835,3.236999
1.746879,1.756895
2.012243,0.514417
2.530044,3.212085
3.068285,3.880053
1.239486,1.981406
2.151498,2.661336
3.222483,2.807978
2.417904,1.519155
2.383218,1.239010
0.896416,2.638267
3.099584,3.077024
3.817672,2.984718
1.607408,1.176780
1.179112,1.534996
2.570581,1.541168
1.254283,1.558417
3.805585,2.841059
5.080863,3.715236
2.799320,1.743464
2.024959,3.415529
1.456356,0.761687
0.705340,1.920213
1.314858,1.613785
0.664065,1.433583
3.145037,2.956104
1.901869,3.054343
2.878753,2.126568
0.981032,1.240703
0.602264,-0.259978
1.888341,3.010309
2.447887,3.767580
2.740575,3.350799
3.573564,3.618694
2.222911,4.149186
3.342488,2.513631
1.836786,1.235829
1.749268,1.038378
2.696165,2.668606
2.855710,3.252076
0.963739,1.516736
2.405330,0.480475
2.513331,2.286266
1.031061,0.449753
4.495345,3.491376
3.650851,1.494369
1.945869,0.376289
2.159932,1.067536
0.832990,0.556836
2.150796,2.679050
2.584575,3.160121
2.714438,2.119836
2.620672,1.531002
1.995575,2.335060
3.453775,4.545082
2.220631,0.366054
3.320132,4.162039
1.026390,1.649425
2.321431,4.150073
2.534112,2.773588
0.985487,2.578419
1.683681,2.099523
2.665093,1.468493
3.991729,4.024309
3.048054,3.398231
1.808962,1.933395
2.393587,3.430132
2.179686,0.997986
0.313981,0.103190
3.534702,2.776350
2.627024,3.986451
0.694565,1.434044
0.898526,2.146868
1.998242,2.420904
2.779843,2.626394
3.150793,0.069650
2.454192,2.619179
2.293329,1.840933
1.843636,1.135923
2.466320,3.650086
1.396614,0.797465
1.636496,2.482486
1.696761,2.226969
1.747732,1.428562
2.035669,1.070725
1.695597,1.621500
2.935761,1.689025
1.866715,1.905245
3.525582,1.928711
3.551194,3.297121
0.809579,2.659551
2.851798,1.226412
1.553514,2.804879
2.032017,3.150620
1.524377,2.171259
1.308815,-0.528448
1.270955,1.176254
2.872332,2.771697
-0.131897,1.203049
4.117589,3.347750
1.194302,1.172558
2.799763,1.231437
3.324705,1.966499
4.060684,2.802946
3.184313,2.423200
2.219078,3.239534
2.072518,3.498702
2.199536,2.638735
2.040900,1.143056
2.535607,2.032663
1.741879,1.613035
2.588603,2.707661
0.780862,2.630906
1.935997,1.946005
2.103697,1.154295
3.650386,3.338284
0.454759,1.688311
3.294555,3.960635
3.662500,4.121681
2.516135,0.792155
0.262017,2.005853
1.983610,2.124609
1.282214,0.155882
3.373253,2.533869
1.950678,1.985094
2.629404,2.328923
2.713180,2.221380
3.045779,2.285339
3.844706,3.621031
3.318302,4.068861
2.544608,2.425198
2.445266,2.201152
1.581634,0.230137
3.346148,3.465520
2.249632,2.609256
1.932598,0.826254
1.988422,0.966478
2.553873,1.316959
1.895999,1.875122
3.634371,2.275959
1.576428,1.123428
1.395252,0.851859
1.346474,0.398084
0.637378,0.811750
2.155778,1.151754
0.986517,1.750445
3.347967,1.213971
3.520911,2.407430
1.843365,1.378333
2.669065,2.102753
0.704881,0.750233
2.138447,1.519057
2.513513,1.537823
2.275602,1.129049
1.722963,0.988011
0.225021,2.132315
1.343239,2.654854
2.065617,0.632835
1.653334,2.154533
1.393260,1.571467
1.854292,1.859380
2.496506,1.272827
2.931055,1.478074
2.726361,2.135555
3.092959,2.040951
1.925834,1.607764
3.067887,1.660313
1.685189,2.830722
0.807956,1.181469
1.976119,2.535102
2.727571,2.428319
2.188860,3.097227
1.341836,1.307154
0.294434,0.706949
1.566938,1.816058
3.540312,2.646033
2.070510,2.024126
1.823184,1.155317
1.894503,1.983064
1.880773,1.897187
4.346370,2.085152
3.081153,2.550030
3.048406,2.992732
0.692923,1.418956
1.103488,2.088799
3.029145,2.572349
1.704792,1.230262
1.432371,3.294790
1.035532,2.799158
3.894454,3.263588
1.599088,1.692821
3.894945,3.665366
-0.265152,-0.018240
1.798515,1.154571
1.795474,1.783146
0.487578,1.574579
1.611598,1.682564
4.311128,2.597172
1.491746,2.366380
1.291543,0.401805
2.840559,3.773519
3.494078,1.917010
2.683087,2.171988
0.423881,1.289515
1.939619,3.337573
1.361307,2.422142
0.981926,0.719333
1.708602,1.301844
1.149370,1.239645
0.405958,1.930715
1.572813,1.479353
3.545051,0.588019
2.151011,3.083585
1.527342,0.792774
1.952107,1.762841
0.298479,2.507094
1.721537,1.051359
1.366949,2.768877
3.527479,2.912421
0.737988,2.032319
1.775966,1.169271
1.328200,1.742493
1.744716,1.647643
2.407856,1.500356
-0.226420,-0.069420
1.633930,1.416019
1.917156,0.618723
3.526974,3.496503
-0.383024,0.825296
2.442091,2.958179
2.337575,2.763991
1.099943,2.026422
3.988699,2.723111
2.581658,1.549234
2.825119,3.096976
1.664482,3.922139
2.596851,2.326619
2.496300,0.988345
1.388888,1.730356
2.165544,2.439471
0.911501,2.346692
0.365461,-0.696040
3.072161,3.174911
3.475689,4.125104
1.718426,2.085712
2.135393,2.390409
1.491017,1.691040
3.078887,3.250892
0.273973,0.514866
1.101288,2.661325
2.200883,3.090561
1.915838,3.002421
1.515009,1.102731
1.741423,2.719235
3.827832,3.385903
1.616756,1.308649
2.903780,0.862629
2.400273,3.079726
3.301621,1.999162
0.822778,1.338462
2.873446,3.011949
2.990707,2.838248
2.251838,1.443342
0.908445,1.805797
1.564754,1.978737
2.577093,3.939280
2.546718,1.611462
1.500967,2.246437
2.098637,1.013947
1.374196,1.313537
1.966720,1.165169
1.002856,1.185572
1.737883,0.203015
3.333678,3.093651
-0.252406,1.710405
2.742876,2.795923
1.506556,2.224713
1.790799,0.676401
2.948319,0.939802
1.467144,1.128524
2.877618,3.210165
1.689586,2.951047
1.661521,3.884476
0.616086,1.903780
1.996769,3.785228
3.155003,2.945191
0.616750,1.123519
2.505441,3.640851
1.913691,1.497491
3.118044,3.552794
2.063378,2.219687
3.582153,3.163496
0.645812,2.522276
1.456130,2.899429
1.201244,1.435029
3.361953,2.391474
1.728442,1.201946
2.623225,2.442615
1.691498,2.592266
2.037154,2.838394
2.456202,0.782206
3.078828,0.411070
2.543748,3.006825
2.893163,1.125271
4.273679,1.664766
2.873162,3.452226
2.397778,2.567724
1.971892,2.004475
1.215397,1.012486
2.450010,-0.027334
1.682516,0.392438
3.281502,2.576884
1.506004,0.616704
3.048860,2.087172
1.407017,2.150626
-0.675897,1.723920
1.254100,1.619754
2.099596,4.008899
1.957988,1.668923
1.982563,1.346212
3.738581,4.310384
0.558922,1.115845
1.999495,2.012767
1.779974,1.921628
2.039897,2.065240
0.417183,0.889456
1.579327,2.238553
0.956031,1.902029
2.895768,2.415241
2.321200,3.087923
2.014927,0.741684
0.975408,2.347641
2.046817,2.360791
2.027660,0.707102
1.232316,2.504432
2.097501,2.929967
2.313730,1.639225
2.346643,1.820515
2.896475,2.642130
2.023768,1.857714
2.116822,2.342818
2.111837,0.967741
3.205352,1.231811
2.065190,2.215719
1.429504,1.583608
1.492653,1.557878
3.142984,2.027048
2.610905,1.844629
2.349618,1.857741
1.612588,1.661543
1.391266,1.833651
2.214770,2.096433
0.342628,2.788567
2.835737,2.877488
3.045970,3.025058
2.643707,2.523801
2.110193,1.620802
2.832012,4.257548
1.338444,1.207885
2.732349,2.817374
1.302369,2.072380
0.727956,1.778632
3.659950,3.355307
1.601765,0.678134
0.038894,1.849272
0.637548,1.299139
2.246734,2.528369
3.556307,2.775197
2.584588,2.646560
2.208835,2.470435
1.594643,0.884916
2.079292,1.663323
1.492228,2.178401
0.867034,1.537338
2.351585,0.931371
3.348493,2.524315
2.334928,1.043923
1.575462,1.839932
4.220157,3.132555
0.747273,1.444682
3.253893,2.219032
3.386414,4.857711
1.022584,2.906308
2.024697,2.307287
0.408692,2.047534
1.564899,1.567306
2.498706,1.452870
2.305111,2.356330
1.018266,0.588223
1.120633,1.038795
0.584685,1.261408
0.983008,1.961835
0.746556,1.810369
-0.654609,0.962286
1.816938,1.375191
2.645771,0.719575
1.812093,0.752060
0.037758,2.018047
3.281698,3.231394
3.785964,2.057654
1.774494,2.409661
1.269707,1.423633
3.379578,3.502957
4.006079,2.579090
2.338366,3.388177
1.366500,1.689090
2.940933,2.553158
2.504410,3.868712
-0.181180,0.375418
1.445762,1.286802
3.824469,2.980504
2.595663,2.210407
2.509070,2.556823
1.652406,3.820130
2.738794,3.626103
1.995374,2.458172
1.481438,1.638481
3.147548,2.815508
1.800342,1.906776
2.240452,3.531665
4.284560,4.034435
2.706803,2.888968
1.822974,0.416005
-0.139206,0.062642
2.389294,0.949540
1.554491,2.526166
1.748105,1.888300
2.733912,1.355912
2.613663,3.782990
0.720782,1.751053
2.791367,2.633799
1.547557,0.318902
1.314753,0.728233
2.756612,2.724696
3.915799,2.018905
1.667023,2.201289
0.644040,1.251015
-0.382621,0.978454
1.126496,1.595114
2.041211,-0.171811
3.344982,1.486501
1.797123,1.054359
-0.356133,-0.874059
2.109020,1.706754
3.046601,1.800079
4.198388,2.018895
1.739939,1.315292
0.947499,-0.296641
-0.064656,1.507604
0.776650,1.011447
1.654861,2.930929
2.550073,2.820781
2.483595,1.592178
1.388285,2.130123
2.576061,3.036181
4.454973,3.405817
2.217404,2.574742
1.205740,1.288563
1.589605,1.429023
1.473523,1.825432
2.618515,2.263135
0.574231,2.386319
1.519422,0.390306
3.242598,2.706967
1.890203,1.938460
0.278329,1.573442
2.108942,1.881245
1.020884,2.084085
1.737349,1.305803
3.085529,1.974926
1.520875,2.143996
0.787725,1.939486
1.405497,0.030531
1.429836,1.869095
2.478212,1.649867
1.043214,0.454614
3.888784,3.908856
1.277147,3.134845
1.728544,1.423281
2.274683,2.066280
-0.257836,0.417648
3.340856,3.096416
2.574250,1.466682
3.246303,3.841866
2.072447,3.321218
2.230038,1.755769
3.481794,4.704112
1.969896,1.521701
1.971469,3.570561
3.105965,2.737318
0.781203,2.231970
2.554747,1.819930
1.640204,2.544674
1.709495,0.334336
2.617592,1.183326
1.023054,1.445437
2.030697,3.564843
1.597274,1.822466
2.159134,2.151096
2.700978,1.959769
1.181913,0.689170
2.520530,2.391236
0.200751,1.331917
1.728556,2.955341
2.328078,1.484653
1.725713,3.098967
0.036295,0.356111
2.553094,2.428177
2.968678,2.351914
2.658921,2.579578
1.969568,1.821407
1.811425,2.571917
2.281009,2.115993
1.381262,2.924550
2.127256,2.723552
2.473142,2.823087
0.984819,2.069078
2.889767,1.775805
2.196680,3.161222
-0.220076,0.614377
2.692718,3.493371
2.991918,2.642776
1.660169,2.015538
2.243882,1.642769
1.345832,0.818266
1.593250,0.233870
2.426421,1.200270
2.978843,2.465831
0.029105,1.337129
1.226235,1.259521
1.203897,2.470376
1.383648,1.401656
0.305240,1.119769
2.019547,1.560570
2.643745,2.307570
1.186343,2.022126
4.224093,2.277494
3.027853,2.620176
1.104488,0.824070
1.570408,1.988312
2.156494,3.616383
1.795843,3.355635
2.278023,1.940520
2.863329,3.060614
-0.159147,0.254442
2.099097,1.432493
1.408518,1.566136
1.807019,2.301814
3.622831,3.522307
3.022207,3.051106
2.955095,2.299255
2.596962,3.712627
2.899065,2.274826
0.390470,0.958427
3.069369,4.454729
-0.204303,1.350073
1.972186,0.870476
2.766853,1.318408
3.305435,2.194549
2.461047,2.625001
2.629236,2.141374
1.502186,3.001658
0.351481,-0.099215
2.129590,1.288312
1.573419,1.096969
1.615041,3.616629
4.400804,1.947977
1.547433,1.179804
1.193620,3.925279
1.396862,1.338348
2.390193,2.835981
3.758745,3.242644
1.925383,2.138875
2.469955,1.776744
2.028510,0.376856
2.499654,1.981724
1.353160,0.894277
1.454449,1.787496
3.622083,3.556435
3.333611,3.684896
2.039142,3.225812
2.541578,1.771522
1.396837,0.524947
0.991407,1.458936
2.984462,1.648484
0.674457,1.174921
2.546224,2.790829
1.072629,1.184648
1.277539,2.309542
0.728491,0.608892
3.809548,2.506971
3.065863,2.130972
2.533148,4.380973
1.804551,1.280754
2.921360,1.134961
1.972535,0.022925
2.477514,0.639092
1.737197,2.979886
3.489398,3.340690
1.224250,1.688419
1.691335,2.187099
1.562591,3.495387
2.813801,3.975871
1.527338,2.144448
1.034089,1.589717
2.845500,2.559231
3.406361,3.107866
1.417126,2.024254
2.538553,0.783463
2.817982,2.155732
3.552605,2.716672
1.291998,2.705786
3.389810,2.260946
2.350425,2.687892
0.983492,0.896983
3.868709,2.635626
1.339316,2.334571
1.018722,-0.163679
2.393874,1.364029
3.269889,2.286578
2.730618,1.848339
0.083094,-0.376582
1.474323,0.814795
-0.103576,0.235489
1.570735,0.979657
0.986933,1.321822
2.868150,1.788258
2.367290,2.044147
1.363524,1.131275
3.341016,3.987196
1.713119,0.047051
-0.261268,1.135383
3.104938,1.987779
1.772919,0.403270
3.236365,1.921235
1.262291,2.727476
1.166275,2.184350
2.256018,2.353321
3.110569,3.013683
2.726164,2.565894
2.355550,2.041110
-0.708970,1.058574
-0.123945,1.671114
0.782037,0.759659
1.990475,2.225875
2.702481,1.662436
2.526193,0.960072
2.378185,1.383412
1.974580,2.165783
3.125836,1.485325
2.799733,3.257976
2.202334,2.763184
2.090514,1.892682
2.036380,1.361483
1.863001,1.443494
0.370480,-0.763456
2.467840,2.150933
2.807844,3.533656
3.561175,1.181397
1.716085,1.079917
1.752436,2.429259
2.502293,2.129397
0.942378,-1.211367
3.659709,2.567648
0.772968,0.128354
2.029012,1.554934
1.483970,1.471256
1.137186,2.424433
1.986249,1.251182
0.520416,2.939068
1.434766,1.586676
2.824724,3.549143
1.088268,1.400991
0.484922,3.317461
0.639164,1.879192
2.007876,1.876281
1.518858,1.386315
1.812074,2.275280
2.333902,2.554311
1.447132,2.414158
3.529380,1.529448
2.070375,2.467661
1.511480,0.818637
0.962951,2.098105
1.744715,0.954080
2.374190,2.809193
0.585331,0.599497
2.827987,1.458369
2.673101,1.957863
2.732857,1.220033
2.789035,1.780101
1.615324,0.756151
2.354606,2.636732
1.213203,3.572656
1.185547,1.202754
2.858926,0.503503
0.677346,1.189243
1.780432,2.346281
1.612491,1.196119
1.146408,2.195132
1.732350,1.479744
1.051973,2.434212
1.902590,0.739523
1.264838,1.718996
0.975438,1.008258
3.003940,1.635776
1.997564,3.205509
1.878459,1.778671
0.333156,1.422758
2.036676,3.237673
3.206601,3.666146
1.129527,2.279309
1.792314,1.547754
0.796757,3.490006
1.629893,2.226969
4.164056,3.336699
2.357995,0.743472
1.886769,1.161644
3.259760,2.530923
0.510404,0.843822
2.400791,3.176131
1.472080,1.090771
0.665956,1.672706
1.599601,0.925849
3.867523,2.174655
2.751598,2.383787
2.271663,2.224459
0.668976,0.329399
2.951036,1.133444
0.728474,-0.587434
2.264293,2.960015
0.965198,2.608384
1.417092,1.335808
0.515143,1.676451
2.090200,3.053229
2.244223,2.140745
2.066607,1.685826
1.884007,2.868727
3.854913,2.793286
1.452113,1.379214
0.962359,1.320291
3.123605,3.186439
1.420048,1.654088
2.542507,2.268567
3.147647,1.822449
3.071759,3.461780
2.466906,3.042504
3.171918,1.858769
1.306102,3.400477
1.759868,2.405735
2.556411,1.151213
0.869072,0.621250
3.391054,2.878820
1.803873,2.553352
1.279385,3.899731
2.505615,3.117610
3.771360,3.647661
2.241757,1.122174
0.484550,0.919027
2.063246,2.486923
1.888135,3.139515
0.934031,1.307421
2.208857,0.731661
0.779267,0.679909
0.737363,1.487206
1.649443,0.601680
1.673038,3.921313
3.864594,2.766984
1.940060,1.985039
2.159630,2.775709
1.227857,1.209689
2.243650,2.221388
3.279846,1.581609
1.356474,2.122310
3.265844,1.000766
2.042259,2.947981
2.897618,3.593502
2.395129,2.376354
3.161798,2.026215
0.349987,1.165826
0.987377,1.895933
1.092571,2.036702
1.886111,3.263798
0.693945,1.074427
2.861175,1.637646
0.959519,2.644434
2.496277,3.514352
2.601327,2.215229
3.394224,2.641731
1.054306,1.825434
2.046147,1.545334
2.924829,2.986588
2.210469,2.421650
2.426032,2.130368
1.686240,2.038432
1.108547,0.771559
0.625777,2.429399
0.922442,2.086693
2.897657,2.177301
2.164492,2.111552
1.437481,0.707797
1.539341,2.614167
1.818742,1.807925
2.357231,1.229679
3.784626,2.196412
1.361581,2.280436
0.765169,1.908797
0.668283,0.812930
1.317970,2.793934
3.196363,2.017831
2.521350,2.065607
2.383158,1.533138
1.964358,1.395246
1.533627,0.339062
2.288244,1.953330
1.336691,2.263396
1.833750,1.705159
0.979843,1.822868
1.573070,1.960662
2.261961,0.618034
2.115689,2.491923
2.396613,2.108466
1.476503,1.874148
1.991626,1.199403
2.825660,3.630047
3.048713,2.237188
2.205425,3.356455
1.645118,1.987641
1.424016,1.381646
1.721388,0.524584
3.510548,2.369779
1.381616,1.888033
2.525487,2.293049
1.249037,0.554601
2.087006,1.401290
0.736645,1.365071
3.341902,3.081101
3.350245,4.250700
1.317199,-0.863242
3.152244,3.319564
2.221408,1.810563
3.343100,3.666546
-0.192102,2.654883
1.517213,0.218497
1.714259,2.306337
2.206046,2.986058
0.772177,2.009537
1.162666,1.447809
3.199004,1.905926
2.012244,1.608409
1.705145,2.826936
1.432160,0.196794
2.398841,1.965636
2.860420,0.594142
3.323870,3.206375
1.281559,1.356850
1.319804,1.517112
0.151757,1.637645
2.216758,3.100403
0.307621,2.812290
2.749313,2.632578
3.380443,2.407507
1.563320,1.768863
1.271213,1.790966
2.325339,2.082800
3.191314,2.490159
1.950677,2.147707
1.080009,1.688870
1.137876,0.165188
2.644077,1.758773
1.145074,0.642600
0.273324,1.726110
1.495424,1.788483
2.125085,1.807979
2.452495,2.305078
0.940970,-0.100886
1.467150,2.178456
2.038236,2.454318
2.640502,3.965545
1.069609,0.971184
2.365511,3.158409
3.496613,2.491989
1.287406,2.805448
1.768737,1.121742
3.435979,3.477500
1.818652,1.745872
0.501582,0.369655
4.179944,3.772804
1.412818,1.799715
2.324117,1.981899
3.688839,3.774610
2.168631,2.417881
0.953997,2.195065
3.474535,2.180553
2.864866,2.129273
1.992372,3.437279
0.885271,2.857665
2.588597,1.416721
2.187672,3.212127
2.703006,3.260883
2.773870,1.844044
1.093522,0.504956
2.756144,2.677251
1.332654,3.547640
1.377050,0.786357
3.421378,1.401930
2.254535,1.507475
2.906917,0.940643
1.173836,2.872507
2.340453,1.565771
2.049849,1.985600
0.268238,-0.064604
3.031353,3.052812
1.549515,2.111811
0.367728,2.323254
2.859135,2.172585
3.274902,3.936556
2.322555,3.214319
1.562789,3.288747
2.729991,3.752916
0.953961,1.480538
2.702003,3.233154
2.805251,0.974995
0.823302,0.477690
0.751059,0.683397
1.579043,0.719518
1.742323,1.886265
2.714858,1.845635
5.078807,4.233048
2.090956,0.695727
3.746385,2.311523
2.265801,1.372394
0.575842,1.310462
1.674713,1.978662
3.042079,2.279386
0.927537,1.840929
1.627114,1.156532
2.804773,1.873016
2.315400,0.353945
4.911354,2.906495
3.177053,4.534194
1.917905,0.719308
1.358845,2.824636
0.509627,2.624003
2.426537,1.771378
2.924446,2.948090
1.139782,1.238907
1.681946,2.938466
1.598684,1.485248
2.791109,2.536666
1.980763,1.200414
3.308450,2.828299
1.360972,2.724262
2.891248,3.117996
2.354354,2.126414
0.626264,0.707476
2.346788,3.235535
1.794566,0.793395
2.827854,3.238373
2.263843,1.793261
1.381359,0.789078
1.047594,2.222238
3.208245,1.379147
2.254425,2.443709
1.391952,0.870791
1.157168,-0.141654
1.977429,1.738266
1.570209,0.096561
1.753505,1.509274
1.090004,0.261446
2.059420,1.221228
2.021816,1.652451
3.327336,1.339901
2.182079,1.099840
3.744715,2.189431
2.664326,3.164805
1.277417,1.941128
2.782001,2.996782
2.055573,3.010303
1.959320,1.302802
0.845163,1.352507
4.036941,2.365419
2.342539,3.991721
1.941346,3.817487
3.511258,2.337392
0.775177,1.700700
1.180586,1.856696
2.277723,3.110726
1.974794,1.609519
1.387734,2.448380
2.739548,0.581746
0.820855,1.635493
2.269905,2.386654
2.892094,0.912635
2.529345,2.166368
2.400385,1.874538
1.830527,1.021398
0.903979,1.519721
-0.045056,1.688743
1.085533,-0.100084
2.060819,1.343033
-1.147858,-0.533787
0.555753,0.991123
4.674143,3.890578
2.788800,2.398665
1.437938,1.939271
4.393800,4.156880
1.730262,3.111300
1.578640,1.395562
2.649798,0.962775
1.625022,1.229483
2.042095,3.356326
2.095788,1.430357
2.340467,2.706373
1.735724,1.765149
3.569869,2.514405
2.746132,2.549986
2.115762,1.955791
1.158316,3.039562
0.670419,1.858636
1.561734,1.634137
1.532056,1.757876
1.787841,0.812700
1.288821,1.455880
3.522122,3.607844
3.398717,2.863719
2.891414,1.384312
2.012307,2.080775
1.572970,1.119204
1.810004,1.714591
3.197522,1.526944
1.724392,2.468905
2.917514,2.699731
1.509823,2.612264
1.829882,2.117970
2.253649,1.761343
3.125019,2.839947
1.597803,1.720879
0.245775,1.191627
1.941784,-0.090493
0.498851,0.765662
1.197846,2.093874
2.516729,1.446348
1.130619,0.362397
2.970807,2.736506
2.332386,2.336193
1.411486,2.758616
2.031113,1.173316
2.818069,2.429881
2.590100,2.075356
2.808936,3.099338
2.870466,1.918664
1.155655,2.003477
1.321985,3.103471
-0.167142,0.329748
2.271525,2.540479
3.496331,2.624467
3.771484,3.143019
2.755365,3.379422
2.510480,2.787101
0.766623,1.937965
2.150756,2.461393
1.067339,2.339431
0.669746,1.973091
3.773766,3.109495
0.816069,1.396771
2.345318,1.871268
2.306768,0.327191
1.268598,1.359286
2.172127,2.674568
2.319819,2.348838
1.667785,2.412315
2.816704,0.907585
3.747672,2.663505
1.326195,1.883047
1.060643,0.046213
1.835093,-0.102786
1.862019,2.107223
1.945574,1.635979
2.515509,1.280290
1.125853,1.375643
1.825805,1.546788
2.021673,2.546404
1.319858,-0.073773
3.117499,3.383704
2.225641,2.349747
1.709597,2.331607
2.851931,1.643719
2.764259,2.603808
3.105263,3.068409
2.126287,1.768483
2.625948,1.011669
3.396831,2.254132
0.084940,2.391104
2.880433,2.645191
2.489915,2.711140
2.385507,2.668287
2.035983,0.812158
2.661890,0.867834
2.384005,2.060325
2.354469,2.042408
2.561511,2.295728
1.660638,1.926895
2.187033,1.613436
0.301723,1.827079
3.033665,3.197934
1.942624,2.868222
1.984318,2.037496
1.720115,1.422576
0.292389,0.802129
1.303482,1.082926
1.700584,2.512209
2.008432,0.759764
1.652548,2.126386
1.923380,2.302307
3.199581,0.952830
2.647773,3.622758
2.116794,2.306485
2.415816,1.590518
2.240027,2.568977
0.532542,2.720951
1.578417,3.249056
2.500841,2.989441
1.908891,1.783025
2.316208,1.693593
1.638503,0.795888
1.347085,2.102944
0.315360,1.287130
1.823128,1.185396
3.249791,2.111212
3.069607,3.068203
2.030349,3.229574
2.454268,2.548523
2.931117,1.527260
0.708776,1.404258
1.000594,1.595541
3.027758,2.287709
0.837107,2.380027
1.176499,2.154966
1.906493,3.004344
2.243191,2.483350
1.872527,2.761683
1.956576,0.479795
-0.335946,2.040463
2.371128,2.244326
0.893239,0.960006
1.054957,2.951926
3.567337,2.778374
2.447927,0.828382
2.514118,2.131953
0.820653,1.513506
3.804279,3.111156
2.705894,2.489318
2.724680,3.176328
2.306873,2.895495
2.489009,1.515934
0.088853,1.506580
1.868157,1.628950
2.379220,3.450333
1.694571,0.880575
2.366337,2.823258
3.330807,2.705121
3.405323,2.396989
2.170592,3.076596
3.302740,3.736224
1.292439,2.260783
1.966809,1.587969
2.210873,3.201285
1.816198,1.323063
1.435798,0.989920
2.303058,1.698574
2.034775,1.040584
2.585862,1.931308
1.577375,1.965863
2.753016,3.159447
2.182893,4.374867
1.918318,2.967579
1.704887,1.946683
2.588129,3.431570
1.722801,2.192940
2.013539,2.143582
2.844759,2.691868
2.716420,2.010849
1.701804,2.065191
1.833955,1.731695
1.522887,1.765051
1.832463,1.998614
1.578026,0.372953
2.106825,2.445000
2.679397,4.061982
1.300870,2.257772
0.824031,1.236484
3.859636,4.007330
2.359934,1.273067
3.319068,3.780737
2.051122,4.112539
1.096361,2.447872
1.597242,2.348781
1.451086,2.456659
3.321173,4.209321
1.497909,1.343757
2.503897,2.204795
1.148097,2.362136
3.313505,1.611738
-0.487498,0.184077
1.744376,2.933223
0.945256,1.437539
2.079478,2.746800
1.916451,0.196378
1.656494,1.954669
1.746479,1.792663
1.078489,0.867172
1.844580,2.160245
2.847213,1.461212
1.701830,1.927286
2.382400,2.250085
4.149645,5.358051
1.888601,0.550769
1.860711,3.309232
2.760901,3.239359
2.221028,2.631170
2.098195,1.814963
1.910054,1.417007
4.009052,3.081330
3.709532,2.105413
1.766474,1.593707
1.433102,1.953854
1.141418,1.548340
2.558603,3.138129
0.712859,2.902964
1.801693,2.184592
2.057673,2.106569
2.233431,1.798808
1.535527,2.157287
1.945517,2.781090
1.821520,0.941258
2.610503,3.058656
3.031676,1.985966
0.996287,0.029959
3.711319,2.927626
1.762611,1.836163
0.749822,-0.018571
1.231238,2.359727
2.218862,2.922587
2.707329,4.466084
1.478852,0.798177
0.624765,1.937948
3.415959,2.816081
0.800521,0.867994
1.587170,1.657368
0.971482,1.484414
2.958859,0.857167
1.081114,1.810355
3.659272,2.487673
1.454584,1.648909
4.121232,3.299211
1.389865,2.066542
2.579764,2.432307
2.099579,3.423503
2.182646,1.514958
3.634830,2.367943
0.517904,0.344392
2.452617,2.239374
2.599283,2.492272
1.962249,1.977253
2.647226,3.539657
2.808209,2.149545
3.135767,2.083295
1.320589,2.215571
3.547690,1.704564
3.113650,2.665364
3.365820,2.767088
2.485381,2.469891
2.969971,3.550084
-0.152974,1.276143
2.171469,2.840125
1.545229,1.501704
1.505187,2.188231
1.640810,0.829138
0.519249,2.185712
0.467777,2.004240
3.939539,4.535248
1.257609,2.284694
3.227891,2.721750
1.749947,0.690278
1.798619,1.781680
1.883332,2.456030
3.356110,2.575994
2.721184,1.520002
1.333374,0.534607
1.756770,0.881267
2.194572,0.585723
0.212537,1.347670
2.891372,2.065731
2.366585,0.840478
2.373698,1.566110
2.542163,1.898315
1.839010,3.543805
2.063961,0.584098
2.329752,3.187201
1.853634,0.468551
1.262476,1.527505
3.883134,3.479937
2.093675,2.142167
3.525166,2.762150
2.807323,2.271647
2.515781,2.383149
0.844734,2.618960
0.587357,1.904220
2.918308,1.914385
1.314051,1.297840
1.808676,0.926376
1.525940,1.350691
2.582530,2.215774
1.188202,1.962343
2.145169,2.489479
1.335676,2.074013
0.239696,2.050917
1.672844,3.132854
2.446011,1.351210
2.330356,2.796316
1.881339,0.865071
2.928102,2.394985
3.687741,1.807656
4.112886,3.731078
1.453900,2.109486
3.852485,2.507146
2.455528,2.458871
0.767508,1.485231
2.138471,2.498626
2.693354,2.767699
1.351909,2.756211
1.957961,1.187176
2.825206,2.492114
3.469877,3.239857
1.891149,2.357676
1.420426,1.519342
4.022138,2.801092
2.197891,2.850182
1.589062,1.339623
-0.824370,0.737197
0.575869,1.276527
1.410103,1.795679
4.088843,3.037559
2.128440,2.256312
1.971644,2.243921
3.568680,4.074344
2.039912,1.852462
1.719691,0.674158
2.062948,2.347366
3.740401,1.737057
3.030922,2.966202
2.224790,2.206524
3.227082,1.914819
1.964609,1.798086
1.821461,1.073776
5.052339,2.447879
2.283728,2.411637
2.483764,1.918613
4.322859,2.433496
1.795731,1.568130
3.085692,1.543941
2.814251,2.859355
1.835635,1.671395
1.093282,0.517788
0.777103,0.993970
1.440092,2.372615
2.705112,2.375908
2.592012,3.527224
1.160547,2.258340
1.271062,2.374104
2.153552,3.140791
2.343252,2.345784
0.205305,2.533146
0.832640,1.746986
2.393812,2.550810
1.379190,2.786857
1.462112,2.790654
2.427870,3.826648
2.319053,3.172937
2.439359,3.057706
2.315384,3.351865
1.568340,0.967652
1.025648,1.973080
3.316619,2.282616
3.534278,2.321276
2.469530,3.394318
2.364889,0.668887
3.020736,1.862899
1.478716,1.029070
3.252431,3.422596
1.951612,0.997913
2.680622,1.778226
1.138302,0.706944
2.650793,2.599467
1.835496,2.523990
0.335061,1.558684
2.178185,2.483298
-0.052578,1.474421
2.462434,3.054680
1.170299,2.096687
1.443484,0.402508
2.144341,3.051949
2.985422,0.758181
3.111756,3.774329
1.948052,0.598565
1.146667,0.949519
3.165637,2.605341
3.366882,2.750971
3.655430,3.581597
2.165253,0.817828
2.387586,1.582934
2.578005,0.263598
2.292364,0.474608
2.536273,1.827355
3.077073,1.547683
1.205560,-0.081003
2.148448,3.943269
2.347660,1.093404
2.229398,1.993669
3.840680,3.082417
1.389637,2.656055
2.220354,2.106709
2.158010,3.253900
0.823899,1.613234
2.702431,1.103858
1.030251,1.087581
2.043019,2.491478
2.340445,1.271247
3.229865,1.325773
1.260435,2.590563
3.490734,3.619362
1.012902,1.829259
3.197335,2.095104
1.912966,3.103837
4.088502,2.872535
2.885142,1.909470
1.328827,2.743353
3.115720,2.969354
2.174439,1.839852
3.685869,3.048043
2.233032,2.866536
2.412582,0.860686
2.585398,2.085142
0.161028,0.453341
3.321488,2.544690
2.146646,2.509014
1.479805,1.680287
2.249662,2.113662
3.003146,1.220236
2.341707,1.764453
2.222452,4.640334
1.723852,1.736955
1.956295,2.686517
3.162934,2.850229
2.463823,3.185386
2.165315,3.266643
1.698730,2.473220
1.124090,2.183334
2.357075,3.262698
3.591486,3.634612
3.175053,1.770512
3.094141,2.453485
2.432644,1.907794
2.345775,1.515616
2.557504,2.268438
1.417876,2.266724
1.141964,1.379448
1.471456,1.783323
1.822197,2.722780
3.816037,1.767891
2.200396,3.603517
2.118788,2.392917
1.956415,2.518080
1.973057,1.904465
1.701291,1.235613
1.765132,1.590410
2.502333,1.683735
2.457644,1.916402
1.863496,0.179425
2.102007,0.357750
1.953623,1.115892
1.570230,1.448871
2.561145,3.919764
1.075817,1.578992
2.149034,2.960119
4.225152,1.997505
3.814008,2.892020
2.871130,2.436286
2.663044,2.013206
3.736721,3.928844
2.577387,1.881043
0.910361,0.668195
1.551385,2.347235
3.301562,3.278952
1.359298,1.267969
3.369966,2.887490
2.889772,0.782894
2.184670,4.158207
0.838597,2.322068
1.052755,1.446739
2.077064,2.458277
0.331525,1.157064
1.941712,1.769365
1.834460,1.302418
1.917286,1.219331
2.820357,1.792652
2.722710,2.038982
0.982006,0.087510
2.140164,1.193282
1.814429,2.104345
4.301954,2.904252
3.478390,2.175153
1.805890,2.048470
2.858548,2.982747
2.417001,2.317525
2.300402,2.788059
0.196943,0.971277
1.494701,0.091876
2.302563,2.867799
0.368559,1.018999
3.106065,2.671407
1.793593,1.628934
2.836884,2.546630
2.554963,1.470041
1.367198,0.927583
1.545327,2.580379
1.618073,2.598431
2.674836,3.107792
1.688060,0.858192
2.233310,2.075635
1.581046,2.055848
2.819155,2.759100
0.094940,1.148816
1.408901,1.216121
-0.358529,0.671286
1.857389,2.077800
2.200690,2.594061
1.135078,1.837686
2.893327,1.419627
1.437208,2.144002
2.892868,2.802036
1.439994,0.236519
1.502152,2.989291
2.126420,1.600409
1.593131,2.419048
1.877450,2.475032
1.637953,1.955032
1.574502,1.279674
2.580773,3.055168
2.338721,1.890610
0.905463,2.182811
2.129644,2.138094
3.134788,2.912093
1.818579,1.798135
1.950715,2.676557
0.655362,3.244165
3.193361,0.446858
2.696988,3.229107
2.847738,2.266507
3.311571,2.834838
1.639136,2.024971
2.480552,3.285959
2.812778,3.250734
2.175288,1.240930
2.721053,3.103343
2.580122,2.389623
1.165181,1.644318
2.820021,2.766442
2.374518,3.244457
1.091885,0.246790
1.568261,2.485722
1.698280,2.259785
2.483709,1.426906
1.333366,2.460650
0.915978,2.539652
3.344644,3.723691
2.999007,2.123376
0.971862,0.716857
2.132659,2.476235
3.186703,4.541569
-0.106842,0.808272
1.751494,1.534919
2.334129,3.528193
0.981367,1.431483
1.560773,1.861365
1.204890,3.706059
2.460709,2.034005
1.044129,1.014924
1.309165,2.723734
1.047593,1.777011
3.027503,3.428043
3.098379,2.643385
1.865995,1.829785
1.048081,1.818780
1.939760,0.595559
-0.033833,-0.058412
2.206725,-0.307588
2.960123,1.499440
2.720686,2.771242
1.632893,2.946910
0.951425,-0.015409
2.937961,1.906873
0.919439,1.078483
1.815767,2.128234
2.697717,1.841247
2.089289,1.822281
2.515458,0.883479
2.183232,1.493986
1.416421,2.321511
1.883364,3.080085
2.735630,4.279459
1.370728,0.484138
3.508043,2.013088
1.367268,1.036857
2.911082,1.788268
0.917165,-0.055596
1.871087,2.087056
2.645705,2.044814
2.037123,2.602456
1.487787,3.113333
2.295882,3.049989
3.909548,3.132623
3.258887,2.154973
1.809599,1.699412
2.975755,4.971290
1.846977,1.848154
0.370973,1.359834
3.234482,1.281969
1.992651,1.029805
1.314847,0.538684
3.062919,1.719738
3.147718,3.038642
2.413103,1.937221
-0.079783,0.523863
3.369792,0.612466
-0.212404,2.782132
2.568026,1.757513
2.574261,1.142852
0.849734,2.349953
2.900364,2.261723
2.319628,1.818409
3.502324,3.117086
1.825087,3.191642
0.300760,1.698073
1.202794,1.408577
2.094202,3.420317
2.322821,1.074790
3.423306,2.159560
3.582848,3.971370
3.450004,2.694059
2.060310,1.872417
1.858394,3.377323
4.063805,2.580438
1.916562,1.290429
3.115639,2.036603
1.594293,1.819925
2.188315,1.605358
2.731958,2.568864
0.378872,1.947032
0.784669,1.290407
1.740378,0.558443
2.355944,2.880342
1.933577,2.271084
0.739744,1.563772
2.938880,2.950724
3.186115,2.408797
3.414856,3.548456
3.348593,3.742727
0.558382,1.088718
1.187839,2.722287
2.147795,1.285052
0.911809,2.871500
3.636315,2.256191
1.579500,1.355447
3.090317,1.831137
4.417062,2.960632
0.605871,0.596996
3.107415,4.291500
0.315985,1.545219
2.500328,2.231518
1.180288,2.581334
2.857765,2.103352
0.792899,2.002154
1.710498,2.380938
2.028241,1.776996
3.295106,2.141246
3.020433,2.044373
1.145724,2.363270
2.283674,1.362971
1.110781,1.407662
1.831152,1.311784
0.454334,1.582600
1.800181,2.518633
1.278769,0.813396
2.030459,2.110250
2.729909,3.171571
1.186412,1.042526
1.006391,2.404972
2.170739,2.531004
2.792025,2.194919
1.583227,1.824597
1.481216,1.557375
0.764415,2.429934
0.912900,1.251282
1.712189,1.413287
1.891631,2.384092
1.527583,2.320602
0.953566,0.851800
2.722938,4.757127
2.467496,2.662658
0.665486,2.074460
0.617865,0.253992
0.870708,1.068688
-0.925906,0.174538
2.550233,1.757161
3.937355,4.612031
0.753928,1.499388
4.667122,3.409111
0.690833,2.476357
1.502352,2.593870
2.792259,2.999387
1.644068,2.831657
1.629006,3.306018
2.801418,1.731555
3.208682,2.586255
1.984069,1.374089
2.265650,3.155458
4.995938,4.566056
3.589761,2.721207
1.891523,1.686290
1.661213,2.850722
1.108765,2.914822
1.866579,0.899869
0.185975,0.464080
0.512067,0.245971
1.548183,1.980297
1.509631,2.781551
1.473048,-0.820378
1.741598,0.847095
3.986929,4.503947
1.210232,1.890360
1.241168,2.116193
2.390588,2.653923
0.718892,2.071848
2.068926,1.855131
2.644635,1.451042
2.062144,0.604827
1.619128,1.703702
4.090155,2.596209
2.911289,2.567348
0.773235,0.662500
0.893426,2.160031
1.074140,1.067080
2.361576,2.860430
1.686320,3.501125
1.144116,1.352813
1.466870,1.645156
2.069678,2.568288
1.242006,3.178695
2.345500,2.854297
3.074443,2.281279
3.341062,3.752537
1.919434,3.002824
1.567963,1.716188
2.929075,3.513980
3.289855,1.857016
2.256311,0.998018
3.162400,4.459534
3.357852,1.613364
3.194155,2.473103
1.840554,0.177586
2.669325,3.649728
2.275504,2.503456
1.414869,3.435439
2.975851,3.257967
0.885894,0.510908
2.269236,3.036339
1.530406,0.730503
0.708090,0.759311
0.815259,2.303540
1.334341,1.334092
1.227363,3.935869
2.524244,2.842373
1.279682,1.836991
0.133298,0.180868
1.306190,2.858469
1.679667,2.555691
1.371166,2.292141
1.573299,1.170187
4.433916,2.760007
3.639413,3.548216
4.117429,3.957438
1.456041,2.312267
1.112252,2.014137
1.803318,1.479777
2.517606,1.665962
2.594569,1.010373
1.555083,0.598489
1.706027,2.027505
1.833634,0.152471
2.006932,2.556780
0.502844,0.464017
1.501224,3.528213
0.618145,1.991779
2.786928,3.308058
3.590709,2.285665
1.170153,1.822001
1.701416,3.133453
2.454571,2.184590
2.152682,1.909739
1.414710,0.373007
3.248984,2.057577
0.531086,0.206567
2.809209,2.521901
0.932813,1.596579
2.697913,2.298327
3.191113,3.329836
1.180369,0.598592
1.740426,1.158313
2.608720,3.289000
-0.304836,0.238588
2.533093,2.183727
0.193107,0.500087
2.694415,2.632190
1.579076,2.048290
0.052587,1.328485
1.849068,1.807573
1.961183,1.352950
1.253023,1.049551
0.718240,2.431494
1.405904,1.636607
2.487108,2.409034
2.717249,3.250449
3.364208,4.332615
1.317252,1.415434
2.469736,2.453476
3.124455,3.948255
1.384261,2.899492
1.544810,1.776243
2.140524,1.165013
2.324098,2.457047
2.550285,1.973772
2.222497,2.266627
0.154606,-0.170785
2.663036,2.510307
-0.086965,1.486127
0.281544,0.342519
1.969377,0.919353
2.863631,1.748546
1.570940,1.609352
2.227219,1.381009
2.466797,0.059769
2.271585,2.164941
3.558695,3.942823
1.869493,2.430610
0.105786,0.430410
0.467174,1.848127
2.006830,1.140954
3.233238,3.607616
1.704833,2.988434
2.418622,2.404315
3.175649,2.831816
3.242283,2.390756
2.349197,1.742279
-0.694934,0.140960
1.116121,1.005228
2.123212,1.693619
-0.218349,-0.327212
2.899866,2.145862
0.999067,2.420089
1.436828,0.680503
2.053183,3.299451
0.252652,0.107649
1.688078,0.221989
3.235313,2.225715
1.732500,1.553524
1.184248,2.403364
2.518662,2.612655
2.576790,3.740576
0.869534,1.231422
2.150706,1.641558
3.055810,3.361352
0.335425,2.354797
2.205733,2.475915
0.462631,1.607164
2.678655,2.399496
2.905716,2.003872
0.694140,0.756854
1.940444,2.188153
2.063929,1.842952
1.876888,3.442168
2.959126,2.028614
0.991006,3.148521
2.356696,3.066311
2.090926,2.335733
2.061212,0.341524
2.322248,3.230261
1.809668,2.021542
1.828724,0.939123
0.676389,1.496172
1.559545,2.027677
1.288023,0.694184
0.555069,2.299427
1.556398,1.334005
-0.123032,0.107782
0.999550,0.578018
1.348468,0.802043
2.023311,1.416571
0.464116,0.242985
2.911938,3.007057
1.548163,1.521562
2.185698,3.223014
1.733497,0.085539
2.839241,2.679814
2.196818,2.722772
0.597423,0.216509
1.368685,-0.099648
1.902609,1.307897
2.464973,0.708163
2.875525,3.350837
2.707156,2.384038
0.340945,0.478516
1.598900,0.839628
3.201884,3.121149
3.640079,2.941490
1.849729,1.738468
1.410139,2.010457
3.506495,2.564561
4.071971,3.701448
0.616312,2.107589
1.148423,2.521652
1.613871,1.721321
3.721973,1.336813
0.967299,0.914074
1.272517,0.322883
0.020974,-0.227814
2.706714,2.492192
1.887331,1.817429
3.348011,1.544568
2.159350,3.233786
3.620337,1.903388
2.958413,2.869766
2.797423,2.517586
2.186609,3.196353
0.465932,2.683892
2.473020,2.188141
0.779553,1.170561
2.537158,3.093579
2.553494,0.759698
2.468892,2.659212
0.398486,1.096484
2.842578,2.134376
2.522306,0.095980
1.994732,3.404040
2.122279,1.363618
2.621167,3.460902
2.041969,1.823258
1.593824,1.758422
2.585965,1.261778
2.514770,3.263050
1.324701,1.706821
2.125340,2.890530
1.670308,2.971841
2.909411,2.384124
1.707508,2.554809
2.011537,2.049220
2.205082,2.473174
2.453406,1.669103
1.814358,1.965167
0.270526,-0.340500
2.587404,2.866438
3.396347,2.323296
3.631678,2.857104
3.291053,2.007791
3.399743,1.033761
1.852515,1.295721
2.061446,2.648321
1.993013,1.363107
0.834290,2.383185
2.499689,3.253464
2.376265,3.551691
2.991608,2.241486
0.643967,1.365542
2.524427,2.651796
3.411205,1.818468
2.014285,1.657863
2.166758,3.471473
2.717843,2.861822
1.192797,0.936741
2.486940,2.784689
1.167072,2.043633
0.608131,0.150840
2.465006,1.195765
1.331042,1.514759
2.463780,1.845719
2.183580,2.419913
2.990288,2.683168
2.755366,1.215746
3.240452,2.580448
1.057234,0.226509
2.568599,1.528035
3.392889,1.951881
2.082274,0.756728
0.980557,1.448454
1.595287,2.535313
-0.926214,-0.448688
2.225492,3.714510
0.783261,2.894384
1.797280,3.079224
0.671772,3.328500
0.743039,3.744708
1.195617,2.042582
0.921346,0.133592
1.307114,1.014361
1.827597,1.910658
1.239186,1.769370
2.435706,2.560560
3.526507,4.516681
0.437689,0.628317
3.019382,3.762330
2.570286,2.752602
1.133106,1.679557
0.990762,1.137142
1.481469,2.218260
2.405779,1.717877
2.172972,1.044109
2.758941,1.381165
2.737152,2.223811
2.302090,3.402622
0.461387,1.775400
2.379482,1.945874
1.239869,1.368282
3.164931,0.621130
1.032852,1.656827
1.596767,2.412615
1.827253,1.130568
2.694233,1.686448
0.245074,1.222254
2.395435,3.014311
2.101708,1.415755
1.463137,2.321522
0.020014,2.351998
2.037238,1.799449
1.604654,1.421691
2.969434,2.043650
4.601017,5.335856
3.858454,2.978600
1.907490,1.585983
0.893274,-0.615966
-0.629082,0.751503
0.493043,1.932356
2.501222,0.797969
2.294463,0.813788
2.496616,2.418534
2.315981,3.262026
1.980465,2.389774
1.945062,2.071242
3.355070,2.181029
2.616225,1.650110
1.481363,0.104928
-0.174916,0.127109
2.210094,1.669828
1.533227,1.328952
1.318870,2.160693
0.800430,2.040292
2.009850,1.058582
3.695634,3.906667
0.841778,2.767708
1.913075,2.287567
1.070241,1.583650
1.678228,0.860019
2.985838,2.705278
3.902587,3.863007
2.410109,2.732322
2.737273,1.721840
0.823505,0.906024
1.160985,1.344500
2.278666,0.917671
0.453789,1.332471
1.872315,2.160317
1.317718,0.945718
3.547620,3.194356
1.884247,1.851807
1.338905,0.379003
3.250674,2.192628
2.391716,0.865682
1.822330,0.889446
1.784414,3.554639
0.872948,0.992161
2.128181,4.142604
2.046229,2.293810
2.191690,0.228795
2.588326,2.520251
2.538597,1.234990
1.700513,1.734253
0.055915,1.056206
2.331217,2.135148
0.979608,1.263232
2.140541,4.234332
1.617767,4.096736
1.947101,1.311660
3.661528,4.438293
3.163961,3.521256
0.894264,-0.243414
1.766625,0.955025
0.985752,1.051575
1.412865,2.620154
1.860825,1.056136
1.220228,-0.315599
2.172672,1.349807
3.855065,2.720884
1.867779,2.217506
0.344920,1.820956
1.981113,1.537919
1.407505,0.792864
2.912337,3.851348
1.264365,0.442553
0.010351,0.593403
1.882521,1.365835
1.881191,0.356813
2.660849,1.927686
2.702075,3.565063
1.302220,2.106911
1.748475,2.733555
2.169266,1.697120
3.544746,1.561842
0.466172,1.517077
-0.367866,-0.702486
3.428178,1.726743
0.803732,1.533558
1.114440,0.197798
1.640630,1.118589
0.568200,1.104415
3.412869,3.281672
4.268757,3.105476
3.275521,2.634580
2.145201,2.309784
1.912730,1.888871
2.337043,1.087248
1.219396,2.653855
1.896253,2.390926
1.221049,2.083317
1.328648,2.174013
1.232030,1.889315
2.120501,1.113712
3.190525,2.837298
0.742066,0.570413
2.715567,0.748260
1.789261,1.875169
4.169718,4.460607
3.792466,3.067117
1.060036,1.217488
2.655407,2.121332
2.281547,2.442436
2.477578,3.601996
3.857348,2.130291
1.360097,0.923176
1.611665,2.266296
2.554478,2.691624
0.617012,2.260247
2.674064,2.211116
1.407848,1.616441
1.322331,2.915021
4.167906,2.746161
2.846186,4.047866
2.239609,0.868864
2.120388,2.092712
3.819102,4.007379
2.666451,3.373119
2.883700,3.102860
0.391589,1.366149
1.601450,1.520115
3.518676,3.079580
2.344638,2.046816
3.110852,3.545287
2.249649,3.795757
1.382179,2.361441
0.130868,2.208800
2.037517,1.647456
1.573058,3.069161
3.582420,2.704295
1.871158,1.718360
1.831342,0.492649
2.151483,1.964471
2.489260,3.367921
2.146525,2.012450
2.899147,2.529281
2.452872,3.316639
0.265524,1.945586
1.793708,1.454489
2.160810,2.651458
1.913151,1.738943
1.641371,2.812562
1.700653,3.047329
2.026206,1.658325
2.757325,2.602801
1.752579,1.375566
1.477067,1.050108
2.751414,1.464719
1.649067,1.381891
0.280253,0.985063
1.314233,2.539409
1.145035,2.153296
2.516241,2.977430
2.337001,0.792260
1.275390,0.115058
4.549277,1.700592
2.411161,0.768096
2.028731,2.866600
2.145526,1.521829
3.431375,3.323762
0.908892,1.609728
0.779332,0.125873
2.985609,3.295560
1.819334,1.814474
3.973089,1.319710
2.593218,3.150287
1.271448,2.236712
1.333055,2.069072
1.327485,1.347960
3.430617,0.521754
2.875320,2.261917
2.559396,1.629057
1.628801,0.747291
1.525843,0.564688
2.862795,2.182982
1.840432,3.019070
2.434091,2.132436
2.772311,2.512518
1.920131,1.704970
1.622141,2.638172
2.338455,1.187570
2.343017,1.804667
1.497308,1.600248
1.391143,0.651101
2.698698,1.634584
2.804493,1.267912
1.749316,1.693856
1.471539,2.259673
2.443704,1.166927
2.521491,2.441309
2.387121,2.181163
0.545603,0.645959
2.673354,0.664553
-0.072040,2.779922
1.054724,0.614534
0.010798,0.038295
1.868241,1.600805
3.378069,1.129974
1.466509,1.169511
2.026197,2.299534
2.227122,2.490949
0.755712,1.160526
2.194680,2.071185
2.242356,1.410206
1.477703,2.162274
2.136275,1.712142
1.922555,2.574723
3.361009,2.544552
3.374618,3.408616
0.587842,1.919324
1.004053,0.313579
1.984623,1.582311
-0.078625,1.224822
2.164124,1.544768
5.702893,4.269293
4.327249,2.881016
1.020391,-0.274650
3.379066,2.458542
-0.219180,-0.281632
1.051296,1.226692
2.952229,4.484868
1.713497,1.591784
0.648959,0.302410
2.297619,1.952516
0.660993,1.474816
2.284593,1.232825
2.846674,1.794590
1.782456,0.207728
-0.024592,1.263060
3.003711,2.587227
2.401866,2.832100
0.183974,1.369594
1.747525,3.002332
1.079589,0.890755
1.237334,2.779048
0.471040,1.695824
-0.512642,0.034625
1.038997,2.396935
0.584194,-0.027200
2.684100,1.665529
1.258541,2.147799
2.254854,3.388650
2.659988,2.125197
1.334015,0.708874
2.843637,3.587294
1.515028,2.713087
2.152758,0.404460
-0.089161,1.810589
0.567943,1.641803
2.452838,1.976143
1.356065,2.275970
1.444029,1.006247
3.212002,1.721849
1.634642,1.244860
1.396775,3.124650
1.320331,1.643229
0.570721,1.991335
3.683594,3.117965
2.690206,1.711864
3.005256,1.454121
1.460122,0.942617
1.800312,1.851621
2.747705,0.286816
1.747606,1.472514
2.237372,1.057919
0.992492,2.291004
2.194278,1.477037
2.295175,2.871416
1.328403,1.684945
1.931018,2.133978
2.246653,1.865772
1.188947,1.499064
0.323925,1.440791
1.462004,2.057385
2.867743,2.790154
2.494613,0.911877
2.107723,1.148496
3.000504,2.471018
2.690434,1.362405
1.169416,1.346834
0.182879,0.482959
1.932600,1.078736
2.713900,3.333056
2.625892,3.267742
0.049222,0.994991
1.371230,1.640727
2.389800,2.275239
3.147378,1.831973
1.415374,2.523264
2.416884,3.815380
0.747388,1.144387
1.742344,1.556097
2.195405,1.731820
1.902688,2.042514
0.087987,0.653603
2.230802,2.131895
2.891914,2.343485
1.458298,0.964331
2.831058,2.238546
2.067895,3.195080
2.017573,1.735258
1.865996,2.083287
3.341973,1.952377
0.346811,1.334835
1.213216,2.132410
0.609814,0.074410
2.639220,3.300736
3.251322,3.289295
1.921505,2.595393
1.817777,3.017547
2.293920,2.999720
2.302904,2.851358
2.890766,2.866652
0.797532,0.912538
0.988562,0.962288
2.351394,2.523377
2.417223,0.511683
2.017605,1.077770
2.759929,3.298506
0.732619,0.949026
3.509097,2.838537
2.264182,2.460278
1.814635,2.309865
0.961626,1.306370
1.357094,1.087384
-1.130927,-0.577747
0.528756,2.286437
2.246389,1.600881
0.186023,1.551166
0.987246,2.746873
1.605986,2.538269
0.638346,0.736675
1.091394,2.117409
2.724201,1.910050
0.692221,0.998987
2.390795,2.484912
2.344248,0.774948
1.175709,1.584155
0.676138,0.457146
0.829704,0.785059
1.738996,2.019947
0.806935,-0.432556
1.550137,1.592368
1.733207,2.316218
0.776359,1.307991
1.055762,0.804801
2.542483,1.541612
0.376110,0.189397
1.954064,2.560727
1.387282,0.695200
1.123949,0.820648
1.031502,0.490593
1.341729,1.384439
3.683454,2.267490
2.147138,3.139694
3.515849,3.849795
2.627334,0.945039
3.089524,2.290739
1.221200,2.687536
1.249210,0.888901
3.497484,1.939110
2.777278,1.878491
2.030433,2.032177
2.639192,2.184547
2.857084,2.344604
0.497557,1.015365
1.033866,2.045809
0.487824,1.912588
1.387843,1.592987
2.923699,2.099547
1.291470,1.180415
4.224206,2.131174
0.633068,-0.352868
1.980261,3.208339
2.780951,3.312361
-0.634793,1.479037
2.393520,2.381483
2.352254,2.334303
1.575320,0.176008
1.536602,1.341104
0.157133,1.472553
2.407977,2.297196
0.735184,1.718505
3.696463,4.586014
0.446300,0.701910
0.537745,1.816501
1.400979,2.215210
2.015097,1.962929
2.486400,2.659423
0.817182,-0.085313
1.305295,1.626250
-0.108685,1.554208
3.087556,2.513340
2.692075,2.207875
2.171534,2.518599
3.092718,2.381927
2.438359,2.930984
2.175876,1.934574
3.531116,1.927062
0.731414,0.442687
-0.733751,0.039040
-0.080923,0.912564
2.161550,1.563892
2.286143,3.405794
1.462223,2.078724
1.116528,1.472503
-1.085008,-1.902289
-1.783081,-2.126350
-2.650760,-1.408203
0.094596,-3.054009
-4.002358,-1.828758
-0.084544,-1.891577
-2.199172,-1.797276
-2.146092,-2.884610
-1.344418,-1.681159
-1.681280,-1.708435
-3.819386,-0.761092
-1.760101,-1.235506
-1.103055,-2.718892
-3.791606,-0.548645
-2.995784,-1.145353
-4.381222,-1.264246
-2.795681,-2.683174
-1.746432,-2.960387
-2.362955,-2.825337
-1.707638,-1.831895
-0.990799,-3.644133
-4.035945,0.365182
-1.126023,-4.274443
-2.145306,-1.754028
-0.394602,-1.412083
-4.400077,0.135694
-2.294420,-0.782414
-3.234456,-1.405630
-3.713911,-0.354686
-2.364434,-1.633522
-1.739826,-1.981770
-1.958569,-4.012584
-2.255421,-2.625007
-2.257257,-1.308953
-1.270887,-1.247539
-2.723682,-2.734469
-1.220835,-1.608198
-0.415206,-3.678831
-1.172244,-0.175514
-2.980074,-0.887310
-3.399838,-2.497857
-0.765436,-2.583608
-1.995204,-1.716054
-2.032090,-1.973001
-2.617158,-2.438877
-2.423796,-2.820309
-0.865461,-1.938634
-1.545544,-1.858616
-2.292294,-2.092598
-1.326582,-3.073474
-1.868560,-1.551286
-1.781207,-1.569313
-0.250163,-2.883175
-0.531149,-2.485346
-3.370191,-2.499999
-2.140680,-0.864223
-3.473654,-1.294944
-1.808150,-1.497401
-2.432917,-1.157562
-1.136550,-1.875506
-2.937812,-1.216466
-1.685373,-3.042530
-2.706628,-0.342694
-2.082232,-2.116942
-0.510906,-3.573495
-0.888964,-2.952036
-3.516680,-1.463772
-1.707732,-1.294488
-2.452773,-2.071210
-1.530371,-1.512381
-2.229084,-1.774286
-2.743790,-0.741292
-0.642550,-2.726038
-3.441000,-1.796316
-0.556180,-4.485752
-1.406338,-1.583873
-0.950853,-2.494027
0.595029,-4.414722
-0.598453,-1.302948
-0.368656,-3.645846
-0.630946,-3.918762
0.623638,-2.322849
-1.797601,-2.413428
-2.529130,-2.603147
-2.593766,-0.766039
-3.403939,-1.814023
-2.473291,-0.506868
-1.351231,-1.753748
-3.033140,-2.560859
-2.082440,-2.399070
-1.563412,-1.415462
-0.800346,-3.643232
-1.677714,-3.101178
-1.253081,-2.678748
-2.278921,-1.372754
-1.849921,-1.528334
-3.993477,0.129369
-2.402240,-0.633576
-3.259355,-0.180126
-1.116360,-2.578758
-1.809901,-1.374916
-0.610456,-2.123223
-1.584846,-1.575775
-2.206889,-1.670520
-1.866530,-1.461478
-4.704934,-1.312444
-2.445672,-1.510360
-3.028260,-3.335018
-2.564960,-1.560011
-1.256124,-2.701396
-2.617633,-3.124760
-1.786333,-1.633593
-1.393493,-2.344794
-1.570882,-1.383626
-1.509654,-1.689254
-0.744968,-1.287710
-1.964184,-2.720815
-2.276981,-2.451038
-0.554831,-2.717567
0.293565,-5.011098
-0.766914,-3.090917
0.169755,-3.621904
-3.384500,-2.248118
-1.907037,-1.576904
-3.548789,-1.920141
0.145274,-2.642625
-1.551925,-2.975479
-3.132876,-2.036325
-1.323896,-1.784360
-1.019292,-3.480713
-1.411196,-3.362739
-2.324270,-0.270666
-1.957186,-1.510604
-2.773385,-1.898951
-2.853899,-2.441410
-1.213255,-2.873546
-1.717536,-3.555191
-0.810312,-2.043355
-3.364802,-0.667758
-2.785946,-1.777548
-0.657859,-4.235664
-1.662482,-2.196549
-2.053375,-2.228271
-1.330422,-2.325716
-0.417804,-2.780134
-0.458656,-1.474246
-1.967017,-2.513159
-1.747801,-2.722402
-2.547013,-1.495263
-2.622627,-0.912951
-1.840796,-1.786250
-2.707719,-0.635585
-2.031598,-1.545659
0.284102,-1.712406
-2.143413,-1.228672
-3.123936,-3.173632
-1.732232,-2.191821
-1.703178,-3.128375
-1.320435,-1.908036
-3.002034,-0.827003
-1.689828,-2.672557
-1.977184,-1.804786
-2.596366,-1.842994
-2.233261,-1.316502
-2.517585,-3.201906
-0.449825,-1.982580
0.125437,-2.807915
-0.889580,-3.883570
-0.784332,-1.433365
-2.129633,-2.084373
-0.928986,-2.549053
-1.670475,-2.558529
-1.329725,-1.950413
-3.104922,-1.785467
-1.819718,-2.906161
-1.705440,-1.387865
-3.265641,-2.925007
-3.332461,-2.016530
-1.281368,-2.520201
-1.490985,-1.636280
-1.954380,-3.012234
-1.241600,-1.781381
-2.501739,-1.411113
-2.575890,-0.279254
-3.271838,-1.906146
-2.779484,-1.422874
-1.999244,-2.683307
-2.164166,-2.461588
-2.233483,-1.939460
-1.914356,-1.532372
-2.113719,-2.623574
0.122923,-3.352269
-2.156301,-2.019875
-3.659170,-1.629351
-2.530734,-2.433324
-3.681188,-2.544953
-2.314968,-0.922372
-1.167478,-2.766182
-1.005460,-2.566944
-3.212829,-1.792151
-0.328764,-2.574799
-3.433880,-0.071673
-2.658305,-1.673736
-1.980548,-1.668731
-1.166957,-1.483183
-2.000265,-1.694135
-1.889906,-2.170434
-2.982481,-0.871613
-2.055513,-1.762285
-2.388293,-3.019647
-2.827742,-0.103964
-3.617963,-1.454556
-2.267902,0.234773
-2.080932,-0.271246
-3.114261,-1.732347
-2.949793,-2.070549
-1.324519,-2.359201
-1.926095,-1.610830
-0.525124,-3.629114
-2.101260,-1.150367
-2.579119,-1.169623
-1.420847,-2.077682
-1.289913,-1.809031
-2.400921,-1.660802
-0.774293,-2.106232
-1.432666,-0.464364
-2.150761,-1.239322
-0.575798,-3.113718
-1.312662,-1.860905
-1.797209,-1.217518
-4.246063,-0.552300
-2.478075,-0.838331
-3.361427,0.066812
-2.095110,-1.053437
-2.070655,-0.474975
-1.486567,-2.905772
-4.482159,-1.476556
-1.851842,-1.998598
-1.056316,-1.362736
-2.605831,-1.781483
-1.309673,-2.408502
-2.940542,-0.921050
-2.231230,-2.464053
-2.164642,-1.516788
-0.859600,-2.113984
-3.452978,-0.498024
-2.814126,-2.290808
-2.406338,-1.129488
-2.089331,-2.654161
-3.408658,-0.208572
-0.777501,-2.366955
-2.169443,-1.771665
-4.153837,-2.458926
0.254552,-2.875333
-2.101736,-2.325036
-0.744544,-3.061607
-1.554344,-1.004841
-2.473951,-1.828857
-1.796582,-1.093929
-2.461101,-0.917464
-2.528458,-2.052869
-1.701073,-3.489933
-2.092045,-1.409675
-2.666830,-0.771439
-2.975355,-1.155192
-3.168304,-1.833166
-2.863620,-2.967865
-1.414960,-1.360254
-1.699892,-1.578283
-2.521798,-2.048628
-1.248516,-1.571799
-2.929456,-1.688140
-0.694991,-3.098162
-1.584795,-2.592640
-0.220057,-2.739190
-1.888685,-2.056655
-1.417354,-2.860031
-2.412682,-2.200575
-1.119913,-1.493796
-0.392138,-3.423300
-0.651521,-2.011989
-2.367063,-2.680092
-1.638459,-2.011907
-5.458665,-0.651145
-0.308926,-2.385856
-0.688387,-3.301981
-1.901606,-2.738818
-2.017218,-2.315465
-2.251295,-0.420410
-2.487226,-1.748846
-1.821329,-1.373646
-2.682473,-0.947480
-3.631250,-0.985262
-2.635051,-0.660589
-1.355381,-2.411933
-2.332062,-1.809971
-2.629968,-2.894860
-1.522263,-2.716109
-1.931973,-2.923691
-2.970895,-1.133030
-3.765080,-0.012173
-3.004862,-1.203260
-1.295548,-2.441603
-3.166486,-0.922586
-2.258141,-1.484299
-1.938541,-2.108284
-1.140840,-2.870249
-2.417913,-1.286375
-1.796999,-1.477989
-2.161861,-1.824223
-2.568368,-1.295033
-1.560967,-1.970762
-2.110257,-2.171257
-2.051054,-1.781855
-0.877618,-2.789152
-4.088933,-0.890679
-0.174744,-1.045230
-0.644817,-2.068793
-1.771865,-2.167995
-1.673555,-1.900744
-0.538763,-3.274976
-2.582215,-3.280859
-4.024470,-2.083033
-3.552132,0.169086
-0.152296,-2.509610
-1.702564,-3.002260
-0.872295,-3.991667
-0.944726,-2.237128
-3.631214,-1.609575
-3.154422,-2.685833
-1.156549,-0.681370
-0.965970,-4.048696
-2.207242,-0.947564
-0.448178,-2.078240
-0.456955,-1.869578
-1.770257,-0.958528
-1.992665,-1.350371
-2.042600,-0.812614
-2.421522,-2.478382
-2.265381,-2.402107
-0.651202,-1.694021
-2.250929,-1.172333
-2.620181,-0.762308
-4.664259,-1.430386
-1.486395,-3.214276
-0.752133,-3.134944
-1.150838,-0.873826
-3.036468,-1.471059
-3.341618,-2.485362
-2.078803,-1.832410
-1.319359,-2.881838
-1.866518,-3.066028
-2.067178,-0.898911
-2.660721,-1.777383
-1.629712,-2.777288
-2.245513,-2.626578
-3.013775,-1.188499
-3.362367,-2.037554
-0.974183,-2.166424
-3.357778,-1.844752
-2.097808,-1.572878
-1.208170,-2.434832
-1.094735,-3.832157
-2.503963,-1.466537
-2.158053,-2.017029
-2.172423,-1.242480
-2.622623,-1.251708
-1.942134,-2.614883
-1.286139,-3.116651
-0.674066,-1.724355
-0.574644,-2.387993
-1.871369,-2.335104
-3.056708,-2.361830
-1.927771,-3.313368
-2.125284,-2.783911
-3.432351,-1.150992
-0.107379,-4.227054
-1.884143,-0.485589
-2.059703,-2.457197
-1.779956,-1.804988
-1.144583,-3.099867
-1.934200,-2.019997
-2.342713,-2.593069
-2.315646,-1.728927
-2.500557,-2.581971
-3.028387,-1.919549
-3.989504,-1.189751
-3.614190,-2.293993
-0.321633,-4.233135
0.321820,-3.592097
-1.280602,-1.318367
-1.733631,-2.023219
-2.204702,-2.669229
-2.249699,-2.954253
-2.489438,-1.818409
-0.501318,-0.674952
-1.494069,-2.192172
-1.374320,-1.468085
-2.342222,-1.929200
-4.415220,-0.444465
-1.373889,-1.709628
-0.908669,-2.325719
-1.083147,-1.913616
-2.891159,-1.198925
-1.329303,-3.062173
-1.543033,-1.568696
-2.008677,-1.453416
-1.879418,-1.274363
-1.743994,-2.091116
-2.243551,-2.194404
-2.380843,-0.628515
-3.426093,-1.337606
-1.757626,-1.150007
-4.055862,-1.452769
-2.092109,-2.097108
-4.482383,-1.726967
-0.376481,-2.190486
-2.243941,-3.057519
-4.025370,-1.406445
-3.665237,-1.895019
-0.650661,-3.149198
-1.129175,-2.598490
-3.638124,-0.516890
-3.247559,-0.428149
-4.004426,-2.348807
-2.309674,-1.207562
-0.740405,-1.364064
-2.377306,-3.231568
-3.389033,-2.034643
-1.396394,-1.263742
-2.555389,-1.691999
-1.063244,-1.671413
-0.555995,-2.668950
-3.628003,0.171439
-1.873903,-2.286163
-1.909501,-2.741544
-1.762254,-1.558261
-4.373241,-1.583299
0.927316,-3.297237
-1.994728,-1.895764
-2.527565,-1.659295
-3.464621,-0.043550
-1.791458,-2.566724
-2.264251,-2.512854
-3.401160,-0.474882
-0.783716,-2.811082
-2.715840,-0.223344
-1.896520,-3.212551
-4.048253,-1.576058
-2.605487,-1.963039
-3.665015,-1.389719
-1.001723,-2.381248
-2.009139,-0.631265
-2.234825,-1.415691
-3.593866,-1.776743
-1.881598,-3.405199
0.746953,-3.904795
-2.960146,-0.483859
-2.286673,-1.628365
-1.200144,-1.104632
-3.634149,-0.950882
-2.345537,-0.425035
-2.369467,-1.242952
-3.046951,-2.435064
-0.248103,-2.968606
-1.741686,-3.647599
-0.440443,-4.035264
-2.096724,-1.448355
-2.932386,-1.459112
-1.669997,-1.484185
-2.694251,-1.890618
-3.251616,-2.732616
-2.309308,-2.309094
-3.803738,-1.173486
-2.315463,-2.113370
-1.327897,-2.294771
-0.711830,-1.436179
0.025633,-3.394462
-1.951724,-2.098592
-1.762769,-1.239478
-1.728895,-1.269775
-2.557240,-2.476870
-1.346336,-1.500738
-2.185741,-2.897062
-2.368158,-1.295231
-1.448933,-2.784125
-1.839477,-2.154141
-2.762544,-1.642659
-2.871442,-1.662047
-2.599138,0.286991
-1.871081,-3.354421
-2.718211,-1.023905
-2.805136,-1.849619
-2.057709,-2.287126
-2.886306,-2.359414
-2.541863,-2.713915
-1.602183,-2.495165
-2.144290,-1.265389
-3.400367,-2.082423
-3.417131,-1.227669
-1.370440,-2.360812
-1.527235,-2.110939
-2.855644,-1.907532
-1.917947,-2.236170
-3.062470,-1.402693
-2.070266,-2.951352
-1.887641,-3.462965
-0.594346,-1.812089
-1.959670,-0.762984
-2.151011,-3.796720
-1.347196,-0.799206
-1.528779,-2.369405
-0.626639,-3.345154
-2.938280,-3.154765
-1.660005,-3.456725
-0.994344,-3.730511
-2.757199,-1.875983
-3.176001,-1.186759
-2.033773,-1.468747
-3.686434,-1.029676
-2.856408,-2.090219
-4.011223,-1.028466
-1.552543,-0.887996
-0.666233,-2.738670
0.023955,-1.695590
-1.120679,-4.396630
-1.573394,-3.515926
-1.551246,-0.649073
-2.883420,-0.882678
-2.311480,-2.294882
-2.443081,-1.765723
-2.534487,-2.206418
-0.946451,-3.028079
-2.300885,-2.295048
-1.056980,-2.384614
-1.455722,-0.667728
-3.792842,-1.401001
-2.517124,-2.847644
0.690570,-2.495080
-3.596876,-1.032928
-2.380935,-0.227345
0.088473,-3.237869
-1.382668,-2.234237
-3.813936,1.399298
-1.178128,-1.400198
-0.083617,-3.412811
-2.103962,-1.190345
-1.368651,-2.249376
-3.902775,-2.420187
-2.177839,-2.725473
-1.884511,-0.737651
-2.014467,-3.074227
-2.678072,-2.475139
-1.969844,-2.362038
-2.344786,-1.340018
-1.321349,-1.041801
-2.442512,-1.975326
-2.126510,-2.637795
-1.812506,-3.576836
-3.341428,-1.376879
-2.423524,-1.876342
-1.397791,-1.448408
-2.614326,-2.308348
-1.081491,-2.058563
-1.957238,-1.120348
-2.491474,-2.904570
-2.312361,-1.434821
-2.932501,-2.449243
-1.914740,-3.023628
-2.128965,-1.437241
-1.478546,-1.553869
-3.114466,-0.532478
-2.851940,-1.689610
-0.866889,-2.123368
-0.893919,-2.409017
-3.162365,-0.184153
-2.600073,-2.740252
-1.636876,-1.354028
-1.334269,-1.644237
-2.170450,-1.538210
-2.453675,-3.002369
-1.848370,-2.584684
-2.505959,-1.509266
-2.797375,-0.921272
-1.970658,-2.844218
-1.397078,-2.442153
-2.215371,-2.861068
-2.795686,-1.052003
-2.649226,-2.173398
-1.179068,-2.983168
0.146393,-3.366579
-1.524150,-2.743554
-2.482040,-1.742595
-0.235308,-2.258992
-1.791018,-4.445528
-3.487142,-1.972289
-2.896498,-0.726614
-2.529603,-2.039426
-1.473309,-2.902945
-0.636473,-2.155859
-1.103587,-2.390066
-3.311128,-1.570057
-2.773078,-2.120802
-2.079040,-2.379595
-1.318838,-2.523376
-0.483931,-2.586843
-1.696905,-3.570183
-1.967756,-2.404746
-2.265505,-1.649662
-0.097381,-2.916052
-1.639087,-2.119453
-3.263901,0.550344
-2.868859,-2.504211
-0.244357,-2.593598
-1.736225,-2.432190
-0.785070,-2.769079
-2.226717,-0.249732
-1.289452,-2.065670
-1.477513,-1.642208
-2.408627,-2.415499
-3.094020,-0.807440
-1.606737,-2.215483
-1.154425,-2.430323
-2.227397,-2.567398
-4.562101,-0.445191
-2.277554,-1.665649
-1.280472,-3.056859
0.195928,-2.129439
-1.859349,-2.323465
-4.096584,-0.727393
-2.824728,-0.582746
-0.471694,-3.899397
-2.360326,-1.604102
-2.336717,-2.270448
-1.536838,-2.771569
-4.152382,-0.755294
-1.567974,-2.403179
-0.516898,-3.051154
-1.428176,-3.659066
-1.837132,-3.803449
-2.837610,-0.640801
-2.383179,-0.785558
-1.869173,-2.160348
-2.058686,-0.302885
0.349520,-1.829557
-1.091590,-3.370365
-1.981193,-1.852903
-3.194775,0.206682
-1.839779,-1.124728
-2.637138,-2.038277
-2.386799,-1.545648
-0.638670,-2.098539
-2.513090,-2.607410
-0.898818,-2.566186
-2.668009,-0.850339
-2.826250,-1.984073
-2.245496,-2.084615
-1.887050,-2.224742
-1.052646,-2.195688
-1.775394,-3.523234
-0.878297,-2.238308
-3.185341,-2.597901
-2.541508,-1.507000
-1.759526,-2.482454
-0.758423,-3.068336
-1.077271,-3.272735
-1.313053,-1.917037
-1.681424,-1.612585
-1.018357,-3.089444
-1.838118,-0.919583
-1.433912,-3.407039
-1.631795,-0.756612
-2.802560,-2.307401
-0.988225,-2.876930
-2.420307,-1.800966
-0.514790,-2.383795
-1.434517,-2.038518
0.136186,-2.935031
-0.734595,-1.920721
-3.245016,-2.183724
-1.384366,-0.959101
-0.653026,-1.688649
-1.663876,-0.995766
-2.200107,-1.923869
-3.230329,-0.048269
-1.584262,-1.991851
-1.456888,-2.435229
-3.116366,-1.045488
-1.726084,-3.240799
-2.467532,-2.340021
-1.358504,-3.840084
-3.088852,-1.053520
-2.533330,-2.433280
-1.803289,-2.810466
-2.589510,-3.068889
-2.951899,-1.064526
-1.717842,-1.367819
-3.013047,-1.562034
-2.226395,-1.179426
-1.743087,-1.195792
-2.328730,-0.943900
-3.168038,-0.803302
-1.640428,-1.540369
-1.604651,-1.913742
-2.654681,-3.624816
-3.292114,-2.256566
-0.984542,-2.195446
-2.132692,-0.692037
-0.102863,-3.601124
-1.282730,-1.729054
-3.933023,-1.375892
-1.597439,-1.569929
-0.834437,-1.419868
-1.802418,-2.497784
-0.993528,-2.852551
0.489954,-4.737719
-3.797343,-1.599423
-0.040397,-2.843380
-3.761850,-1.593837
-3.284376,-0.283172
-3.304174,-1.487696
-3.423571,-0.844445
-1.488581,-2.029041
-2.420849,-3.099857
-2.273236,-2.045008
-0.714706,-2.044767
-4.531378,-0.387747
-2.370209,-2.028231
-3.735945,0.227679
-2.211851,-0.606317
-2.205908,-1.980475
-2.926490,-0.295622
-1.629535,-3.094676
-1.082941,-1.757840
-2.200179,0.351907
-1.316142,-2.543652
-1.744588,-2.437758
-2.828238,-1.217641
-3.397715,-1.118583
-2.863464,-1.579293
-0.919651,-4.101817
-1.146751,-0.931752
-1.686580,-2.482609
-2.723777,-1.875644
-1.544995,-2.382890
-2.513419,-3.269574
-1.129476,-2.255604
-1.891338,-0.772428
-3.537420,-1.362768
-1.705091,-2.996190
-2.179946,-2.443324
-2.284954,-2.587243
-3.153347,-1.794717
-0.875963,-2.603808
-2.738091,-1.487031
-2.354172,-0.849040
-3.278239,0.011166
-3.447517,-0.490554
-2.501729,-0.077505
-2.220763,-2.467777
-1.348448,-2.236428
-1.231190,-3.222541
-2.703415,-0.629751
-0.628878,-4.703769
-3.279867,0.459434
-2.239386,-3.249046
-0.663315,-2.827524
-2.755441,0.668699
-0.783302,-3.512469
-1.189300,-2.673750
-1.120177,-3.425642
-0.987128,-2.489268
-1.739708,-2.631470
-1.621208,-0.736271
-3.604309,0.060322
-1.265169,-1.418584
-2.569889,-0.548300
-0.028163,-2.763661
-2.757063,-2.136640
-1.127122,-2.290846
0.112406,-4.237879
-1.811170,-2.945771
-2.343759,-3.135641
-3.975422,-2.152473
-2.570386,-2.277172
-3.706486,-0.270827
0.112271,-3.565450
-0.561356,-2.453755
-1.798666,-0.728739
-1.752400,-1.428451
-2.331853,-2.257801
-3.538213,-1.692271
-2.252840,-2.315726
-3.202615,-1.744065
-1.623984,-2.332103
-3.554664,-0.977852
-2.326918,-3.021284
-0.942211,-2.644808
-2.003721,-1.948176
-4.344075,-1.328203
-3.418155,0.596430
-1.522239,-2.086529
-1.249022,-2.431745
-4.184963,-0.461325
-2.177460,-2.579306
-1.685097,-2.717597
-1.183607,-3.080005
-2.248542,-2.154608
-0.086084,-4.068234
-1.010291,-1.092168
-1.555433,-1.508981
-0.982246,-1.719580
-0.929507,-2.565504
-2.380975,-0.925419
-4.166391,-0.417974
-2.646550,-0.197805
-1.123209,-1.037530
-1.861919,-2.115765
-2.631844,-2.641342
-2.356791,-1.037810
-1.028078,-1.209388
-2.486255,-3.243542
-3.141804,0.152913
-2.711891,-1.627555
-2.926449,-2.333929
-2.256869,-2.646828
-1.765062,-1.311470
-0.730274,-2.544814
-1.831061,-1.485087
-1.438219,-1.857765
-2.238540,-3.443712
-0.992241,-3.510525
0.171673,-2.621300
-1.468630,-1.612098
-2.678413,-1.315170
-3.598904,2.526549
-3.658009,-1.247180
-4.115252,-1.633281
-4.487679,-2.068443
-1.119213,-1.671662
-3.072880,-2.405695
-1.954671,-1.659705
-2.380989,-2.026291
-2.168066,-0.687022
-1.106640,-1.373705
-2.109581,-2.380233
-2.514907,-0.164670
-1.845595,-2.919655
-3.579333,-0.523329
-2.128969,-2.123278
-2.072463,0.216634
-0.851749,-0.730529
-1.661183,-2.621619
-2.991406,-1.825584
-2.831008,-1.687487
-1.534000,-4.208503
-1.510784,-2.071605
-0.731879,-3.089529
-2.240937,-1.926705
-1.077728,-2.682035
-1.385862,-1.632395
-0.823414,-3.062621
-1.017089,-3.219985
-1.510273,-3.407007
-2.279482,-2.286144
-2.680613,-0.140223
-2.304458,-0.910586
-1.460414,-1.234790
-0.685666,-1.194963
-1.748451,-3.380375
-1.402350,-3.818516
-0.481888,-3.304015
-2.722363,-1.243500
-1.035143,-3.434537
-2.899713,-1.442216
-2.065474,-3.448311
-1.985174,-2.717388
-1.687009,-1.836612
-1.662969,-2.152224
-3.023673,-2.206136
-4.004073,-0.737354
-3.015343,-2.120641
-2.022020,-1.831248
-3.553132,-0.679487
-2.980145,-0.729397
-4.494021,-1.286078
-3.754018,-2.918877
-1.439214,-1.539793
-2.882629,-0.378747
-1.475801,-1.979070
-4.141556,0.216935
-3.046958,-1.382394
-2.473990,-0.619954
-1.082627,-2.140067
-2.344312,-0.915745
-1.349820,-1.421087
-1.185457,-2.804795
-1.510791,-1.317836
-1.042460,-2.716445
-1.518901,-2.371647
-2.978949,-2.299477
-2.880793,-0.691376
-1.427024,-2.914156
-3.086087,-0.498062
-1.556142,-3.227363
-2.168688,-1.086517
-2.459982,-1.831481
-2.857152,-1.454739
-0.466508,-1.946877
-2.815705,-1.969086
-2.102621,-1.870084
-1.580188,-2.186262
-0.759051,-2.367308
-2.799391,-2.810063
-2.110348,-2.505519
0.511861,-4.667675
-2.951783,-1.156032
-2.609023,-1.382482
-1.970572,-2.761029
-0.426184,-2.648050
-2.771993,-1.506299
-0.010893,-3.517023
-1.144499,-2.711619
-0.619242,-3.288759
-3.091135,-3.318583
-3.564041,-0.761654
-1.508125,-1.957198
-1.774131,-1.861889
-1.080026,-3.062155
-0.465306,-3.772341
-4.004459,-1.501528
-2.758209,-3.365723
-1.773795,-1.760031
-2.633034,-1.968834
-0.763874,-4.477685
-2.648650,-0.472371
-1.839751,-1.997956
-0.464740,-2.244628
-1.158560,-2.404164
-0.939107,-3.239100
-3.554645,-1.392288
-3.189346,-1.891421
-1.223410,-2.785566
-2.990558,-1.307628
-1.963634,-0.892230
-2.094749,-3.430417
-1.055570,-1.671341
-0.788743,-2.196307
-0.894562,-1.349226
-3.428861,0.460324
-1.775614,-4.627614
-1.599656,-1.493694
-2.795684,-1.927909
-0.248203,-2.822006
-3.944621,-0.725434
-1.413188,0.016122
-1.920440,-2.249046
-2.626918,-1.657434
-3.361814,-1.042194
-2.694333,-2.748111
-2.299769,-2.707811
-3.131816,-2.532416
-3.284194,-1.586979
-2.859722,0.230479
-3.232877,-2.305112
-1.904377,-2.991912
-0.543792,-1.879422
-2.196739,-2.461125
-1.618210,-2.913627
-3.274807,-2.352283
-1.873252,-1.703201
-1.205894,-4.211633
-1.238193,-1.320824
-3.345828,-1.262642
-3.380293,-0.939334
-1.668757,-2.237228
-3.031497,-1.577501
-2.279363,-2.968805
-1.837328,-1.229333
-3.544661,-1.821920
-1.045668,-1.708864
-2.184012,-1.781883
-1.738393,-1.720149
-2.535303,-2.040083
-3.364462,-1.838423
-3.592970,-1.302984
-2.556868,-1.607895
-0.908659,-1.733770
-2.672851,-1.386100
-3.021488,0.001237
-2.432610,-3.827738
-1.400795,-1.215707
-1.741857,-0.684179
-1.540458,-2.576766
-1.798900,-1.959879
-1.848440,-0.519190
-2.762535,0.429105
-2.750552,-1.591670
-1.868017,-1.476750
-2.573870,-2.339925
-1.165553,-1.966405
-1.774438,-2.201389
-2.378185,-2.514015
-2.080584,-2.377233
-1.930032,-3.128277
-1.603790,-1.778040
-3.667525,-1.726623
-3.244714,-0.462341
-1.225813,-3.177884
-1.185015,-4.436743
-3.840448,-0.858853
-2.520558,-1.590633
-1.831410,-1.800563
0.464086,-3.145544
-2.166655,-2.337626
-2.765865,-1.955254
-2.263016,-1.902383
-2.722726,-1.491220
-0.926805,-2.710853
-2.676140,-3.144858
-2.439897,-2.097547
-2.726960,-2.128092
-0.365179,-2.454697
-2.733477,-1.273102
-1.973910,-1.215675
-2.595429,-2.613078
-1.758237,-1.239541
-2.484058,-1.456638
-2.601179,-1.622066
-2.230692,-0.422127
-0.319506,-2.564560
-3.674751,0.200339
-3.175507,-1.471589
-1.668532,-2.540978
-2.307381,-3.004443
-1.432279,-1.731338
-0.785879,-3.034989
-2.279220,-2.022096
-2.228674,-1.368667
-1.147018,-1.792091
-1.698765,-0.727760
-2.103353,-2.218411
-1.230305,-1.591378
-1.915046,-2.172597
-4.370492,-0.973987
-2.339743,-1.721713
-2.259648,-2.693715
-1.629074,-2.779016
-2.003103,-1.144456
-1.060288,-4.141277
-2.158356,-1.209385
-0.295289,-2.830422
-1.614364,-1.638564
-1.957386,-3.432638
-1.864836,-2.399440
-1.917816,-2.472381
-4.315988,-1.383818
-1.477609,-2.940974
-1.665265,-1.623721
-2.211164,-0.712313
-3.281962,-2.448059
0.015030,-2.867740
-2.619572,-0.744407
-1.450886,-2.871635
-2.166939,-2.857792
-1.146608,-0.697922
-0.922387,-1.780839
-2.001605,-3.535058
-2.964603,-1.254211
-2.365487,-0.163620
-1.087384,-1.569600
-1.687214,-3.204585
-3.702521,-1.845287
-1.373823,-1.376523
-3.356708,-1.075960
-3.435485,-1.687446
-1.306836,-2.462754
-2.851006,-2.196721
-4.551510,-1.325953
-1.948988,-1.855104
0.174976,-2.850847
-1.309501,-2.592044
-3.011218,-2.443039
-0.289987,-2.146985
-3.291517,-3.405541
-1.754979,-2.277923
-3.189419,-2.809458
-2.390944,-2.441708
-1.938254,-1.555410
-1.644418,-0.951608
-4.463891,-0.669712
-1.297664,-1.959274
-3.251584,-3.471202
-1.216176,-1.549677
-0.681866,-3.097629
0.086838,-3.216809
-2.493243,-2.074841
-2.387579,-3.111489
-3.272310,-1.527040
-2.914227,-2.047684
-3.124040,0.683705
-2.700651,0.891180
-1.892554,-2.991577
-3.825219,-0.315852
-3.031929,-1.588753
-1.061740,-2.108302
0.097548,-3.314373
-2.719285,-1.810870
-1.930516,-1.888629
-1.860200,-1.449657
0.054658,-1.356933
-1.887297,-2.243397
-4.598674,-1.230373
-3.628385,-0.278155
-2.100680,-3.018972
-1.071837,-3.269986
-1.929492,-1.448011
-2.485481,-2.024727
-1.823150,0.496953
-3.474029,-0.885262
-2.151726,-1.282100
-3.557915,-0.780266
-0.597431,-2.268717
-2.906314,-2.202448
-1.691917,-0.469828
-1.844687,-3.046314
-1.685886,-1.633814
-1.367911,-1.497664
-1.719952,-1.268394
-1.989608,-3.238113
-2.378746,-2.967701
-3.362837,-2.653867
-1.750905,-2.535052
-1.246763,-3.059591
-1.369083,-1.361684
-0.920028,-2.722635
-2.491885,-1.529283
-2.138179,-3.000813
-3.607886,-0.319474
-0.665945,-1.212504
-0.920757,-0.535745
-0.892001,-3.345138
-0.874590,-3.247533
-2.119110,-2.338921
-2.251317,-2.157980
-2.282310,-2.473482
-3.803895,-1.304855
-2.780235,-2.412410
-1.641049,-3.087216
-1.798164,-2.026414
-1.248299,-3.165207
-1.659298,-3.376012
-3.677684,-1.714301
-1.215642,-1.086284
-2.831885,-0.742757
-1.617603,-1.645755
-1.608592,-0.968783
-1.383645,-1.615253
-0.771165,-1.335339
-2.669304,-2.949631
-1.684994,-1.550404
-3.908555,-1.087596
-0.240929,-3.262357
-3.108905,-2.302167
-1.856937,-2.427817
-2.919696,-1.494010
-1.565523,-2.319850
0.143870,-2.243088
-3.159826,-1.541972
-1.552176,-3.487983
-3.013323,-1.997057
-2.629488,-3.061335
-2.179376,-1.241875
-1.743380,-2.063062
-2.605794,-1.227530
-3.260227,-1.907750
-2.231233,-1.575315
-3.025763,-0.943864
-2.194249,-2.362883
-4.469534,-1.886650
-2.452878,-1.567505
-2.005648,-2.323674
-1.712355,-1.809099
-1.243962,-2.621010
-2.780643,-2.173108
-2.256904,-1.384173
-1.902116,-3.285964
-1.229001,-2.635622
-1.237280,-1.368797
-2.126606,-2.762492
-3.059009,-1.921016
-1.703990,-3.073755
0.879217,-4.312351
-2.355704,-0.727609
-2.879314,0.386344
-1.156156,-1.734603
-2.128426,-2.297544
-1.479462,-2.788161
-1.494329,-0.924533
-3.016679,-1.754629
-0.811486,-2.619970
-2.167741,-0.604783
-1.532503,-1.997994
-3.416697,-1.934362
-1.788384,-1.307269
-2.482335,-1.598311
-3.295019,1.225538
-2.103000,-2.086726
-2.635224,-1.422305
-3.734815,-1.532439
-1.448925,-1.865829
-3.609730,-1.871187
-2.011887,-3.664372
-1.882413,-3.394802
-2.352399,-1.418596
-1.853733,-2.120173
-3.555376,-1.486893
0.026860,-3.316348
-2.170633,-2.847802
-3.463611,-2.504035
-2.451635,-3.937022
-1.437538,-0.988772
-1.899385,-2.892159
-3.231751,-0.140814
-3.981119,0.141922
-1.473859,-1.081312
-1.747686,-2.005118
0.965758,-3.228054
-2.392195,-1.715181
-3.376514,-1.804947
-1.245824,-2.200840
-1.814812,-1.738556
-1.900632,-1.468825
-0.217079,-2.504776
-1.552076,-2.390192
-1.623416,-2.663990
-1.830817,-1.434014
-2.564233,-1.003255
-1.299303,-2.331250
-2.178564,-1.762371
-3.100530,-2.175228
0.350364,-3.160365
-1.678263,-1.905809
-0.617554,-2.120222
-2.392936,-1.786581
-3.118353,-2.623347
-1.579726,-0.933447
-2.179968,-1.633889
-1.184062,-1.733176
-3.282057,-1.149887
-2.194490,-1.573295
-2.734307,-2.038419
-2.707064,-0.727717
-3.598986,-1.516358
-0.055272,-1.885333
-3.400987,-1.414101
-2.984749,-1.481065
-1.579000,-4.521251
-1.200557,-1.238642
-2.687488,-0.052367
-2.560128,-1.122507
-4.003073,-2.007813
-3.417684,-1.703321
-0.861633,-2.442515
-3.109159,-1.500550
-2.278154,-1.158915
-1.654046,-2.192103
-3.942882,-0.338686
-1.711008,-2.138984
-1.446307,-1.763191
-3.395737,-0.850932
-0.270548,-1.754544
-2.956022,-2.748506
-3.049683,0.175871
-2.669680,0.103927
-4.809095,-0.227841
-1.557080,-2.935183
-1.487458,-2.389590
-2.170511,-3.019040
-1.389591,-2.904162
-3.278648,-1.296662
-3.362092,-1.959187
0.703739,-4.836914
-1.912586,-2.969152
-1.488728,-3.218787
-1.593298,-3.303438
-1.887904,-4.241497
1.143948,-2.682858
-1.182955,-1.292502
-1.918340,-2.225937
-1.945549,-1.414380
-1.110240,-3.269535
-3.230712,-2.702814
-2.592149,-0.345093
-0.619308,-4.259692
-1.669881,-1.488276
-3.640336,-0.997006
-4.049295,0.000536
-1.525037,-1.913238
-2.141711,-1.603406
-3.605041,-0.147588
-1.567471,-3.272284
-2.933416,-0.382755
-1.454925,-4.150600
-1.713454,-1.670058
-2.252879,-3.427292
-0.202697,-2.151552
-1.930348,-1.069570
-3.321917,-1.304089
-1.760945,-2.407060
-1.816107,-1.094388
-3.212214,0.026516
-1.748199,-0.325170
-1.227912,-1.583085
-2.193331,-1.191717
-2.511330,-2.882903
-2.124093,-1.526823
-1.550019,-2.546716
-1.672963,-3.200448
-2.247693,-3.080746
-1.137826,-2.148440
-2.223316,0.298754
-1.053421,-1.746472
-2.409812,-1.827542
-1.797255,-1.100619
-1.829119,-2.692202
-1.958507,-2.668267
-3.420187,-1.343662
-1.335509,-2.353288
-2.404393,-2.005457
-3.773377,-0.857259
-2.815210,-3.111540
-2.397343,-2.925614
-2.184421,-3.771439
-1.264599,-2.810462
-1.995918,-2.418854
-1.971120,-2.533870
-2.025146,-2.085081
-2.338621,-1.862341
-1.235329,-1.986449
-2.538317,-1.494109
-2.993665,-0.923686
-1.894716,-2.173875
-2.601596,-2.315604
-0.236655,-3.481874
-3.222775,-1.778183
-3.752536,-1.893920
-0.663067,-1.630917
-2.459489,-1.842989
-1.620314,-1.183342
-0.089525,-2.592615
-1.221423,-2.070192
-0.626205,-1.690072
-2.637420,-2.691396
-1.756483,-0.942287
-2.982316,-0.924184
-2.914062,-1.507506
-2.330447,-1.306740
0.007071,-5.007677
-2.097501,-1.737504
-1.930131,-1.980495
-2.868810,-0.777068
0.993968,-3.046259
0.130189,-3.172046
0.066460,-2.643020
-1.567107,-2.048615
0.084847,-3.355283
-2.051867,-1.330810
-2.733138,-1.088353
-2.222975,-2.587932
-1.013005,-1.780501
-2.196001,-3.647095
-0.841750,-2.552207
-1.435475,-1.960031
-1.758821,-5.223721
-1.726378,-1.268929
-0.255213,-3.218744
-3.032990,-0.971393
-2.685164,-1.124429
-1.361784,-1.817200
-3.935452,-0.622389
-2.419365,-2.571321
-2.212619,-1.943781
-2.293375,-0.286877
-2.159033,-0.794202
-1.867060,-3.087872
-2.368285,-1.611695
-4.692171,-1.229474
-2.235047,-1.161902
-1.823914,-3.143663
-2.526946,-3.114565
-1.911723,0.612452
-2.024087,-2.615208
-1.412832,-3.683305
-0.885142,-1.906090
-5.126638,0.403812
-1.802795,-3.365198
-2.218285,-1.437494
-2.309556,-2.134748
-2.794975,-0.440764
-2.439167,-1.190594
-2.193569,-2.521600
-2.238670,-1.338168
-3.273419,-2.291015
-2.448157,-1.860510
-0.874899,-2.396674
-0.976459,-0.669418
-2.568184,-1.729036
-2.492173,-2.679729
-2.908453,-0.776562
-2.819742,-2.244476
-3.142334,-1.793064
-1.457581,-2.416981
-1.893052,-2.899279
-1.451578,-1.538415
-2.421451,-0.871133
-2.658878,-1.816686
-3.838655,-1.897247
-1.955025,-1.203680
-2.282951,-2.439341
-2.346703,-2.410892
-1.972496,-1.081770
-2.193277,-1.419588
-2.220510,-0.903601
-2.094992,-3.443001
-1.778464,-1.297150
-0.596486,-3.334682
-3.035396,-1.081062
-2.650421,-0.015740
-2.025636,-2.342104
-1.630039,-2.235106
-1.662902,-3.695469
-0.043404,-3.977749
-4.760985,-1.229533
-1.947614,-2.266593
-1.239906,-1.503293
-2.203747,-3.742506
-1.871214,-2.796620
0.054771,-3.809284
-1.014433,-3.068667
-2.222779,-2.851237
-2.912036,-1.369424
-1.753797,-1.659796
-2.177350,-1.677650
-1.842351,-3.269894
-2.617658,-2.344258
-2.752776,-1.376764
-3.054601,-1.931172
-0.172257,-2.148870
-1.413948,-1.672836
-0.918755,-3.364273
-3.910189,-1.654434
-3.869212,0.071750
-1.114807,-2.533244
-3.373320,-1.452241
-1.284781,-2.466089
-2.500207,-1.698231
-1.921662,-1.224789
-2.495826,-2.195649
-1.103748,-1.140012
-1.668329,-1.091435
-1.423249,-2.314110
-1.939018,-0.563224
-3.622757,-1.496511
-2.154533,-0.159466
-1.949360,-2.945107
-1.889090,-1.931412
-2.290199,-2.896536
-3.705121,-1.154839
-1.506425,-2.384449
-1.499242,-4.049652
-1.213334,-1.961036
-3.192514,-2.866882
-2.804623,-0.397967
-2.083326,-1.752480
-1.420036,-0.253645
-2.614473,-1.089360
-0.855040,-2.980441
-2.727300,-1.387884
-1.270432,-2.175923
-0.710335,-2.421701
-2.684023,-3.438441
-1.634734,-2.422391
-2.259948,-1.303001
-0.821390,-3.056516
-1.717649,-2.642573
-1.160959,-2.889948
-3.784547,1.640989
-1.102123,-2.831932
-1.657067,-2.200906
-2.858208,-1.271114
-0.804948,-2.038568
-0.836645,-2.974051
-1.226034,-3.800040
-2.984702,-1.694690
-0.736195,-3.986495
-1.912580,-3.349786
-3.249795,-2.297017
-1.424127,-2.442465
-1.905231,-2.498960
-1.983511,-3.235275
-1.119769,-2.222671
-1.540645,-2.292434
-2.667551,-0.732645
-0.670729,-2.881311
-3.198408,-1.383791
-0.847157,-3.593539
-1.866657,-1.540935
-2.566765,-3.468724
-0.714637,-2.925442
-3.734948,-0.286998
-3.665463,-1.391492
-2.609271,-3.731014
-2.766936,-2.126688
-2.769995,-1.732321
-2.854341,0.647542
0.290383,-3.699172
-1.032842,-2.320272
-0.115664,-2.443102
-3.599482,-1.814270
-1.761782,-2.075822
-2.628922,-1.383026
-2.716401,-1.354365
-3.213743,-2.154122
-1.402429,-1.447448
-3.135518,-0.691443
-1.230129,-1.401836
-1.340330,-1.515143
-1.887645,-2.072357
-1.667927,-3.581355
-1.985675,-0.291506
-2.174645,-1.991546
-2.716951,-0.945684
0.573844,-3.580172
-0.848067,-3.163653
-1.937991,-2.702668
-1.593835,-1.512537
-1.322177,-1.267928
-2.566048,0.090919
-2.190744,-2.287474
-1.408156,-1.466522
-4.220236,-2.374972
-3.448879,-2.919133
-2.247988,-2.281015
-0.850578,-2.300166
-1.444186,-2.565319
-1.155685,-2.770593
-3.270089,-1.607787
-2.525958,-1.417556
-2.216184,-2.134224
-2.334331,-0.994751
-1.783103,-2.014219
-2.372677,-1.085804
-1.151591,-1.682701
-1.692746,-0.196015
-0.289720,-3.008294
-2.495155,-0.499678
-2.462722,-2.900434
-3.574252,-0.907492
-0.710863,-1.222588
-0.488007,-2.693105
-1.735067,-3.040666
-1.807004,-1.516621
-2.282161,-0.636365
-1.959841,-3.183686
-1.529522,-2.122999
-3.637682,-3.993857
-0.537852,-3.702621
-3.192949,-1.711698
-3.382910,-2.113194
-2.089903,-1.647245
-2.910081,-2.098201
-0.296684,-2.977264
-1.063763,-3.707147
-3.120288,-0.709823
-2.006982,-1.368282
-2.520834,-1.500449
0.122683,-1.438625
-1.581048,-2.087906
-2.647647,-1.885304
-0.887226,-1.624541
-1.153812,-2.433758
-2.882904,-1.331239
-1.440242,-1.602853
-2.919656,-3.157552
-3.790139,-1.185337
-2.845498,-2.472281
-1.775808,-2.660677
-2.589403,-2.287730
-3.704919,-0.270549
-2.767432,-1.241423
-3.913985,-2.186666
-1.650570,-2.871225
-1.281767,-2.199555
-2.545526,-1.528526
-0.737052,-0.822436
-3.393710,-2.831497
-2.387204,-1.053330
-2.704823,-0.696779
-0.771457,-2.338538
-1.562919,-1.390916
-3.401453,-0.720413
-2.241636,-0.724711
-1.158436,-0.883473
-3.198161,-1.387227
-1.795151,-1.344680
-3.352418,-0.026725
-1.618773,-1.117413
-2.304938,-2.685044
-2.798555,-1.579613
-4.225440,0.478410
-2.928927,-1.699398
-3.108651,-0.918298
-1.942409,-2.158113
-1.006874,-3.243652
-3.245687,-2.299700
-3.018961,-1.249378
-3.328947,-2.905068
-2.716418,-2.326729
-2.479361,-3.088105
-1.318047,-2.845511
-1.322390,-1.793079
-0.407888,-3.643482
-2.143095,-2.314712
-0.658052,-2.239771
-4.630403,-1.083659
-1.701813,-3.302548
-1.128272,-1.615882
-2.533902,-1.619950
-2.173677,-2.145336
-2.209519,-0.930146
-3.610350,-2.586192
-2.104648,-2.081888
-2.738941,-1.021953
-2.729798,-1.765499
-2.196635,-0.569550
-1.239079,-4.057110
-2.746500,-1.425892
-2.769982,-0.988197
-2.973660,-1.773578
-2.122954,-1.534414
-0.902554,-2.095753
-0.254750,-3.537543
-1.390447,-3.631855
-3.403852,-1.696073
-0.720718,-2.698960
-0.528928,-2.452862
-2.947066,-1.830577
-3.818315,-2.120254
-3.032305,-2.213926
-1.776164,-2.682546
-3.360362,-1.140917
-2.151000,-2.287173
-1.664159,-3.366142
-2.280561,-1.745828
-2.781390,-1.460673
-1.435554,-1.798693
-2.397541,-3.042050
-3.072568,-1.604573
-2.371182,-2.255331
-2.107150,-3.791572
-3.990683,-3.403231
-2.608392,-0.359592
-0.418222,-1.993526
-3.921363,-0.351954
-2.287776,-1.575954
-4.007146,-1.385486
-1.343393,-1.737209
-2.725945,-1.316863
-3.089038,-0.677484
-1.749946,-1.553011
-1.922132,-2.027606
0.148516,-1.215113
-1.225390,-2.045365
-4.324413,-1.018407
-2.517711,-1.459126
-4.008889,-0.900322
-1.373482,-2.676426
-1.802243,-2.657035
-3.693150,-0.179807
-1.515451,-2.874566
-2.181963,-1.480670
-2.314091,-3.313941
-1.995028,-2.082567
-0.800545,-1.919675
-2.430190,-1.434992
-0.821101,-1.445871
-1.248495,-3.248101
-1.458757,-2.242282
-3.240630,-2.095944
-1.183288,-2.369067
-1.624854,-2.776922
-2.639477,-2.340448
-1.934139,-1.453302
-1.320552,-1.254064
-2.648695,-1.392227
-0.844278,-1.401002
-1.563248,-2.708925
-1.446187,-2.156010
-3.829686,0.076359
-1.626740,-2.184589
-0.956923,-3.230861
-3.144785,-0.193225
-2.559376,-0.427278
-0.430167,-1.657844
-0.295648,-3.371854
-1.072945,-4.640363
-3.155890,-1.535443
-4.165286,-2.009081
-2.531321,-2.684622
-0.941318,-1.510333
-3.295282,-0.191789
-1.222361,-3.984324
-2.541566,-2.264343
-1.731858,-0.592217
-1.596514,-3.298548
-1.104843,-3.149416
-2.034440,-1.943979
-2.580932,-1.026096
-1.928694,-2.030390
-2.102958,-1.954846
-2.015137,-3.187934
-2.372866,-2.126434
-2.418762,-1.509255
-1.520679,-1.494847
0.101054,-2.331805
0.617646,-3.166850
-2.435952,-2.088092
-1.025270,-3.574219
-1.760792,-2.044289
-3.215217,-0.711369
-2.101772,-1.548115
-1.812448,-2.379759
-1.594149,-1.779396
-1.462669,-3.043908
-2.846841,-2.229643
-2.371263,-2.174415
-1.750679,-0.875498
-1.149489,-2.092811
-2.365638,-2.018183
-1.356765,-1.345278
-1.196646,-1.494247
-2.602320,-2.810108
-2.618072,-2.872234
-1.902912,-2.453206
-2.768759,0.378127
-1.468278,-1.320365
-2.369167,-3.058077
-2.276420,-1.362197
-1.634727,-3.258576
-3.655454,-2.028076
-2.640637,-1.673839
-1.990443,-1.021251
-1.812900,-3.327273
-3.298434,-0.758752
-1.828453,-1.260777
-0.716519,-2.381519
-1.819378,-0.710600
-3.226255,-0.710308
-2.629890,-1.325559
-2.690215,-2.438644
-2.702964,-3.091801
-1.220917,-1.459040
-2.617582,-1.270169
-2.095184,-2.445136
-0.795212,-2.386119
-1.449626,-4.108383
-2.679270,-1.112877
-1.935290,-1.857650
-3.712766,-0.231195
-1.224968,-0.716974
-1.081769,-1.191913
-0.756214,-4.405666
-1.129523,-2.286485
-3.831730,-0.759089
-1.728579,-0.034196
-3.557059,-0.846814
-2.582494,-1.078099
-1.215252,-2.357455
-1.527492,-2.348155
-1.687738,-4.075193
-1.592781,-2.089077
-0.760094,-2.713611
-1.711896,-1.637852
-2.147159,-0.509265
-2.670081,-1.625183
-0.998969,-0.671850
-2.817669,-1.110794
-2.168754,-2.429486
-0.117799,-2.174087
-3.048819,-2.220035
-1.256209,-1.473302
-2.020182,-2.794305
-1.979896,-1.361954
-1.913797,-2.685742
-2.961303,-2.163543
-1.594083,-2.526276
-2.853857,-1.573816
-1.904803,-0.929162
0.050052,-0.827124
-3.093165,-0.634382
-2.120228,-2.435092
-3.333452,-0.456048
-1.610007,-4.102115
-2.030155,-1.835400
-1.963098,-3.551338
-0.679580,-4.079750
-1.339965,-1.968263
-1.355134,-1.580879
-2.267392,-1.219378
-3.541401,-1.845293
-0.334892,-1.263694
-0.498055,-3.799737
-3.350825,-2.526112
-0.350162,-1.653842
-2.434832,-2.139620
-2.470452,-2.105907
-3.978601,-1.012426
-2.293360,-3.198862
-1.831420,-2.343146
-3.543821,-1.472910
-2.375471,-1.537802
-0.723693,-4.001608
-0.495917,-1.821043
-2.400278,-1.455051
0.765783,-6.674052
-2.239262,-0.978696
-1.343355,-2.628967
-1.877833,-1.952721
-1.270150,-1.914481
-3.437727,-1.521889
-1.363700,-3.432414
-1.864375,-1.779993
-2.197107,-0.831471
-2.199094,-1.571314
-3.425485,-0.569515
-2.350868,-1.328877
-1.933310,-2.233278
-3.189963,-0.900267
-2.063107,-2.673948
-2.621995,-1.890143
-2.198481,-1.623796
-2.327663,-3.067921
-1.544601,-3.327270
-0.902851,-2.641882
-4.099415,-0.411575
-1.959500,-2.625083
-2.529591,-1.044052
-2.592156,-2.620956
-1.074246,-2.750460
-2.201427,-1.814682
-3.187132,-2.035445
-2.138923,-1.613090
-1.472850,-3.132050
-3.169564,-1.969028
-3.855808,0.411569
-2.076421,-2.175731
-2.888277,-1.523072
-0.953003,-1.594409
-1.523577,-2.340341
-1.212117,-2.528843
-1.661379,-0.655725
-1.912169,-3.535705
-2.077510,-2.539604
-1.725628,-1.752383
-4.187310,-0.264175
-0.204723,-4.033254
-2.788381,-2.181250
-2.133634,-1.728884
-1.829377,-1.379301
-1.654618,-1.797844
-0.923244,-4.039136
-2.206787,-2.798342
-2.177584,-2.166159
-1.163940,-1.952255
-2.614447,-2.469263
-1.100897,-2.145882
-1.574983,-1.229077
-2.927681,-1.461386
-2.484279,0.002094
-0.437891,-3.530328
-1.654063,-2.606413
-1.763903,-3.177518
-3.364470,-1.803592
-2.755416,-2.593721
-3.084321,-0.885645
-2.547889,-1.257005
-1.746499,-2.185130
-3.754102,-1.143324
-0.185631,-4.601233
-0.468892,-2.563093
-1.434088,-1.738460
-2.023281,-1.968043
-1.401968,-1.118007
-1.606953,-1.283877
-2.986784,-1.176507
-2.124872,-2.252931
-3.581795,-1.359267
-1.511993,-2.764251
-1.301318,-3.289976
-2.658159,-0.690435
-1.234214,-1.962957
-3.646429,-0.040459
-2.804273,-0.344138
-1.646361,-2.156341
-2.828259,-1.916711
-0.157362,-4.676713
-0.506722,-4.244732
-0.081255,-3.038636
-0.703786,-2.752105
-2.313142,-0.985349
0.179349,-3.056704
-1.961891,-1.233843
-3.187553,-0.018115
-0.649151,-2.697566
-0.729312,-3.333653
-1.559116,-2.430734
-1.389888,-4.004491
-1.722111,-2.500412
-0.906024,-1.643523
-2.168789,-1.435019
-2.364824,-3.027008
-1.092796,-1.099934
-1.637722,-1.249085
-2.793573,-0.646885
-2.684629,-2.303103
-1.999927,-2.360968
-2.992818,-2.421249
-1.332685,-2.263299
-1.849756,-3.065854
-1.450819,-2.821590
-0.311340,-4.434819
-2.663169,-1.012952
-3.277610,-2.550082
-1.699233,-2.416646
-1.846721,-1.042423
-3.119504,-1.465871
-0.806868,-1.781116
-2.229467,-2.853128
-1.145939,-1.504702
-1.430799,-2.998081
-0.773980,-2.269625
-1.786349,-1.287771
-4.111397,-1.400705
-1.559317,-2.874205
-1.806667,-1.687435
-1.920359,-2.771582
-2.555443,-0.898460
-3.346441,-2.799318
-2.953028,-0.863003
-2.269388,-2.549944
-1.897337,-2.993577
-0.678810,-4.138711
-0.645426,-3.415041
-0.638445,-2.631621
0.038716,-2.843972
-3.257648,-1.808588
-2.345551,-2.508827
-1.601153,-0.598990
-3.366695,-1.321033
-1.338145,-1.139592
-1.948975,-1.040912
-2.525851,-1.397890
-2.545293,-2.665611
-1.787688,-3.114117
-1.645951,-2.254501
-1.798594,-1.985542
-2.783037,-1.632548
-2.070040,-0.791793
-2.631793,-1.912735
-2.578523,-0.938829
-1.768332,-0.696497
-1.827260,-0.598469
-2.087112,-2.344317
-3.487875,-1.497871
-2.984457,0.286364
-1.475240,-1.323486
-3.218613,-2.071418
-1.150197,-2.564055
-1.484104,-1.207767
-2.895948,-2.372770
-1.156201,-2.100736
-1.127248,-4.284111
-1.213914,-1.859371
-1.581824,-1.957243
-2.074596,-2.066256
-1.013891,-2.146283
-1.030601,-3.203056
-3.374700,-1.389546
-1.710586,-4.406241
-2.210203,-1.056181
-2.337402,-2.933626
-1.284429,-1.537477
-0.371669,-2.570156
-1.100380,-4.036603
-1.620810,-1.431537
-2.778602,-0.229642
-3.253271,-0.564669
-0.869646,-1.946268
-2.715418,-0.353759
-1.834507,-0.773521
-2.306421,-1.714110
-2.389530,-1.132890
-2.832653,-1.299284
-2.358626,-0.783758
-2.559917,-2.190385
-3.679241,-1.530417
-1.086591,-2.745386
0.943384,-3.400425
-1.242982,-1.217535
-3.639755,-0.515077
-3.698108,-1.362003
-2.611941,-1.861449
-2.161888,-0.955539
-1.589105,-1.866074
-2.724230,-1.087950
-4.267443,0.130304
-2.861318,0.006709
0.357203,-2.864230
-2.872991,-1.012863
-2.073058,-1.434151
-3.397590,-1.015486
-3.915548,-1.168511
-0.178937,-3.227577
-3.180140,-0.999443
-0.784599,-4.706341
-2.382860,-1.627195
-3.075757,-0.851318
-1.204091,-2.486828
-2.203929,-0.444837
-1.870151,-2.062425
-3.049173,-1.699435
-2.754085,-1.477956
-1.933211,-2.064112
-1.155336,-0.930880
-1.802597,-2.614897
-3.030566,-0.524743
-3.179848,-1.850403
-1.808230,-1.381394
-1.101732,-2.269775
-2.145697,-2.499724
-2.308493,-0.553594
-1.886130,-1.663165
-3.344871,-1.050616
-2.495052,-1.891291
-1.315313,-3.079334
-0.812992,-2.761452
-2.029799,-3.367255
-2.304367,-1.017961
-1.362381,-1.934417
-1.488059,-2.884258
-1.835857,-1.130341
-1.966753,-2.629157
-2.544533,-0.842781
-1.538239,-1.280642
-3.503198,-0.130885
-1.240502,-2.262189
-0.668835,-2.089002
-1.488924,-2.704216
-1.183464,-2.634362
-1.816998,-1.440356
-2.080480,-1.873253
-1.646179,-2.640168
-0.096852,-2.509448
-1.097984,-1.261320
-2.846248,-3.055876
-1.611251,-2.391356
-1.718176,-1.604986
-2.319083,-2.017913
-1.410780,-2.995589
-2.094328,-1.047259
-0.912924,-2.080079
-2.936366,-1.950718
-2.028769,-1.601464
-1.757484,-3.601153
-2.637477,-1.816799
-2.448985,0.170052
-1.932885,-1.115375
-1.779265,-3.552631
-2.520812,-2.765749
-2.658260,-2.125416
-2.251491,-1.921611
-2.388794,-1.284867
-2.334385,-3.034001
-3.011977,-2.730500
-2.814693,-0.656373
-3.214606,-1.754878
-2.641677,-2.024926
-2.628316,-2.370120
-2.617002,-2.761528
-2.683600,-2.960781
-3.432842,-0.406753
-1.666891,-1.657052
-1.265143,-3.515608
-2.379184,-1.459361
-1.052742,-2.299212
-2.009394,-1.485048
-2.678225,-2.003178
-2.862842,-2.994214
-1.680278,-2.565065
-2.286709,-1.201140
-1.735781,-3.038425
-3.278827,-1.015081
-1.706319,-1.508432
-2.006979,-2.144680
-1.981451,-2.527622
-3.034989,-2.787475
-1.417139,-2.042611
-1.661384,-0.927551
-2.521096,-1.070646
-2.253089,-2.203444
-2.274098,-1.402412
-2.109408,-2.757684
-1.376012,-1.467981
-2.081244,-1.890359
-2.125813,-1.392866
-2.236600,-1.805480
-1.057473,-1.937670
-0.844076,-1.583595
-2.107333,-1.839976
-2.984754,-1.668432
-2.439354,-1.445387
-2.697631,-1.985964
-2.316129,-3.516389
-1.858860,-2.650846
-1.479771,-2.635691
-1.805785,-1.694474
-2.164749,-1.184773
-2.461892,-1.262795
-1.583276,-1.487620
-3.341386,-2.140580
-2.752061,-3.051339
-0.675709,-3.833166
-2.101244,-2.322934
-0.074313,-3.150591
-1.143082,-2.367542
-1.660406,-2.837227
-2.550155,-1.798992
-2.009003,-1.713675
-0.525175,-2.997036
-1.743534,-3.367529
-0.963500,-2.222012
-0.288540,-3.060462
-2.256895,-1.668772
-2.358680,-1.931424
-2.804159,-1.622402
-0.631441,-3.445781
-2.447976,-1.059985
-3.697912,-0.555276
-1.977439,-2.255870
-1.564268,-2.908878
-2.247238,-4.046640
-1.485768,-2.490743
-2.834048,-1.741608
-0.996203,-1.973177
-0.928807,-3.234467
-3.183213,-1.525200
0.181506,-2.474656
-2.277026,-0.892606
-1.602342,-1.757031
-0.061907,-4.375387
-3.518572,-1.877333
-1.551390,-2.128948
-1.317109,-2.675516
-2.183027,-1.515001
-2.067473,-2.761580
-2.173501,-1.487347
-2.193923,-1.691581
-1.856092,-1.266942
-2.219563,-1.682709
-0.850786,-1.763336
-1.128818,-3.073972
-2.472681,-3.354422
-2.408042,-1.795220
-2.117019,-2.061808
-2.211624,-0.906911
-0.163607,-2.071055
-1.498212,-1.914207
-2.103300,-1.790986
-1.823075,-0.858608
-2.794624,-1.448722
-2.208785,-2.354708
-2.324423,-1.085675
-1.040463,-1.633028
-2.018186,-0.158308
-1.366085,-2.734105
-0.527962,-0.868326
-1.375938,-1.358890
-2.938107,-1.145837
-1.786682,-1.690535
-3.175327,-0.996679
-1.093414,-1.974301
-0.880413,-2.866847
-2.703013,-0.866740
-2.009602,-2.991632
-3.115869,-1.059797
-0.649930,-2.211213
-3.219559,-1.832182
-4.447718,-0.092814
-1.685714,-0.327701
-2.639631,-1.101189
0.260894,-2.219865
-3.456657,-1.958197
-3.307110,-0.631738
-2.045593,-2.526511
-1.744249,-1.447788
-1.507792,-2.364625
-4.689848,1.165548
-3.315635,-1.642634
-0.092188,-2.443279
-2.164174,-0.121968
-1.303911,-1.441775
0.482668,-3.941447
-3.238773,-1.449519
-3.004274,-1.175516
-2.060277,-2.198323
-3.596643,-0.857721
-1.929209,-2.928021
-1.583302,-2.221694
-2.929680,-1.823611
-2.016959,-1.371070
-1.160625,-2.776239
-1.889594,-2.036556
-1.608765,-2.526734
-1.094884,-1.041068
-1.369538,-1.292048
-3.884140,-1.434828
-1.039736,-1.544091
-2.215036,-1.901347
-2.115782,-0.816692
-2.113691,-2.164563
0.070438,-4.023384
-2.173173,-2.833354
-2.030880,-2.386531
-2.286003,-1.993000
-2.300158,-1.525936
-3.370075,-1.164223
-3.007774,0.075015
-3.161174,-0.586058
-2.025347,-2.512601
-2.969283,0.065945
-0.638138,-2.384247
-1.123072,-2.552637
-1.986291,-0.555733
-2.272718,-1.861279
-1.504796,-1.428357
-2.690925,-1.325408
-1.603529,-4.830945
-2.785772,-2.395478
-1.655479,-2.571463
-3.737103,-0.140525
-2.371245,-1.124208
-0.102329,-4.297162
-0.079821,-2.192976
-0.634840,-3.785984
-2.267123,-2.718716
-2.108975,-1.933303
-1.889956,-1.607553
-2.014853,-1.604671
-3.788036,-1.861629
-3.129040,-1.916662
-1.383123,-2.495791
-2.091687,-1.379259
-0.365904,-2.002903
-1.997833,-2.721574
-1.583728,-3.786785
-0.630559,-3.055082
-2.955337,-1.908868
-1.116927,-3.094719
-1.952764,-1.784259
-1.248501,-2.918695
-3.954598,-1.240166
-1.724784,-1.775235
-0.856137,-2.532549
-0.522930,-2.842553
-2.747258,-2.672163
-3.043466,-1.852394
-1.552145,-1.817688
-1.428911,-3.099376
-4.010186,-2.059621
-3.960734,-1.503520
-1.253208,-2.464380
-2.373339,-1.328671
-2.258956,-2.177089
-2.965639,-0.261404
-3.228782,-1.192575
0.526306,-3.506275
-2.217250,-1.599889
-1.682698,-2.665420
-1.458624,-2.496208
-0.635169,-2.602220
-4.062599,-0.535054
-0.671610,-3.430405
-2.046364,-1.500382
-2.979913,-0.204284
-1.049111,-4.186863
-2.578383,-1.875770
-3.780705,-1.156428
-3.156669,-1.492671
-2.641029,-2.186897
-1.947631,-0.979658
-1.264534,-0.826333
-1.327100,-2.574932
-3.207416,-1.742362
-1.721923,-1.614037
-2.233789,-0.624368
-1.103240,-2.608501
-1.223441,-3.500933
-1.277200,-1.578773
-2.437143,-1.522766
-2.127946,-1.350850
-2.607122,-1.967955
-1.283128,-2.940163
-1.001857,-2.376865
-3.042295,-0.394065
-0.749000,-3.884251
-2.733116,-2.701681
-1.792357,-1.738323
-2.310754,0.129461
-1.026404,-3.090184
-2.266467,-2.446542
-2.125467,-1.954603
-1.853262,-0.790124
-2.359655,-2.130394
-0.090645,-1.866894
-2.585522,-1.014767
-1.050317,-1.337804
-2.717820,-2.994297
-2.843423,-2.384383
-1.560687,-1.095179
-1.001382,-3.898252
-2.998611,-1.500859
-2.150886,-1.431800
-3.093686,-1.552906
0.408381,-4.011517
-0.173615,-2.891209
-2.111414,-2.184617
-3.468961,-2.272883
-1.602679,-1.949447
-2.463384,-2.025446
-0.813783,-1.642974
-3.122483,-1.541690
-2.790261,-0.454658
-2.159663,-1.313747
-0.254798,-2.239938
-2.701468,-1.053408
-2.256707,-1.834768
-1.240210,-2.225242
-1.235808,-2.613493
-1.891730,-1.723089
-2.613478,-0.983185
-3.570617,-2.369325
-2.361201,-1.563742
-2.586463,-1.942617
-2.871515,-0.878054
-1.639129,-2.929186
-2.824469,-1.260820
-2.094772,-2.102941
-2.634500,-0.883170
-1.459798,-3.515973
-2.325476,-2.317565
-0.501438,-4.243588
-1.958793,-2.441208
-3.741468,-2.493071
-0.933281,-2.271057
-2.027484,-3.183907
-1.187393,-2.366400
-2.143026,-2.581933
-2.229800,-1.395332
-0.858385,-3.046829
-0.289567,-2.540341
-3.210085,-1.077589
-3.300391,-1.455823
-2.171252,-2.413537
-1.945498,-1.988257
-2.042786,-2.047398
-1.482539,-1.262071
0.701930,-2.781009
-1.735170,-2.342735
-2.847864,-0.545447
-1.840525,-0.913845
-1.397808,-1.683176
-0.699625,-2.882851
-1.913523,-0.940427
-2.510758,-1.284757
-1.889313,-2.439429
-2.371568,-2.926311
-3.010517,0.009192
-1.812935,-1.372128
-3.148651,-1.844326
-1.916570,-0.813684
-2.179776,-3.353924
-1.041813,-3.054530
-1.029666,-3.142339
-1.433400,-2.567399
-1.576609,-2.459371
-3.000823,-1.957236
-2.669773,-2.182480
-2.035946,-2.045909
-2.215627,-1.599745
-3.085934,-0.940129
-0.991703,-2.078571
-1.844567,-1.271286
-2.550454,-2.758245
-4.244607,-0.358037
-0.636117,-2.646894
-1.377677,-3.014726
-2.179543,-1.963776
-0.890430,-1.519880
-2.353182,-2.546244
-3.207335,-1.515203
-2.357859,-2.546768
-2.163217,-1.797003
-1.899868,-1.950114
-2.356690,-0.940216
-1.437174,-3.237480
-3.191945,-1.590885
-2.006254,-1.154263
-0.781519,-3.624820
-2.779327,-1.367647
-1.234417,-1.934469
-3.295215,-1.383194
-4.422489,-1.361728
-0.921991,-3.532388
-1.854671,-2.434093
-1.899910,-2.825700
-2.104127,-2.485719
-2.575260,-1.394126
-1.844527,-2.227592
-3.206595,-1.276811
-1.385893,-3.591472
-1.557446,-1.961051
-1.937616,-0.413745
-3.081601,-1.801347
-2.905831,-3.257829
-2.032752,-2.572355
1.056907,-2.949371
-2.726262,-3.380949
-0.937202,-1.412027
-3.622411,-0.319218
-1.470669,-1.303738
-1.639511,-1.900205
-3.265074,-1.810862
-3.770724,-1.108965
-1.401209,-2.498969
-2.475016,-0.847579
-1.815134,-1.900696
-2.925299,-1.066307
-1.598203,-3.004724
-3.193079,-1.618158
-0.794302,-3.509887
-1.504498,-1.635004
-0.564293,-3.089235
-3.405692,-1.411653
-3.146001,-3.004590
-2.358384,-0.846020
-2.646339,-2.680942
-2.700037,-1.544961
0.796988,-4.018775
-2.338068,-0.322626
-1.852480,-4.064314
-1.385664,-2.096472
-1.979036,-3.611998
-2.800099,-1.545108
-2.531280,-1.452924
-1.888217,-2.175919
-1.918848,-2.539694
-0.804588,-2.712063
-3.330639,-1.169841
-3.427801,-0.195621
-1.896077,-1.448905
-3.071755,-1.382819
-1.957174,-0.996191
-1.669080,-2.326181
-1.582059,-2.910989
-2.149257,-2.754940
-1.780071,-1.889100
-2.774851,-2.033620
-1.049451,-2.099632
-1.060731,-2.115077
-1.177169,-2.445835
-3.976399,-2.673287
-2.100079,-0.595850
-1.559603,-2.094659
-1.091558,-2.544961
-5.229700,-0.967036
-1.167994,-2.035252
-3.783774,-1.598648
-1.737470,-2.842848
-1.492576,-2.623598
-0.889980,-3.364545
-1.223699,-2.845156
-1.473858,-2.695179
-0.626069,-2.421231
-1.711111,-2.275061
-1.870101,-2.122667
-1.599330,-1.595532
-2.112156,-2.607638
-2.342579,-2.270326
-2.461137,-2.590891
-3.299405,-1.481128
-3.069277,-0.991849
-3.125106,-1.642206
-1.121067,-4.527743
-4.466547,-0.131393
-3.598179,-1.699577
-1.980689,-1.670904
-4.615334,0.297475
-1.208557,-2.440509
-0.994344,-2.596079
-2.330586,-2.423231
-2.373988,-1.517690
-1.832230,-0.515316
-1.771318,-2.640190
-0.574120,-2.904850
-1.268865,-2.385607
-3.351529,-1.332870
-1.082003,-1.903485
-2.311904,-1.086612
-2.379084,-3.056986
-1.888274,-3.121206
-2.361373,-1.354105
-1.695520,-2.732355
-2.571590,-1.747741
-0.507417,-1.513992
-1.189692,-2.141669
-3.101608,-2.421647
-1.002413,-2.178465
-2.618602,-2.846337
-2.632789,-1.949516
-1.033606,-0.278619
-2.025115,-1.362712
-2.339828,-2.779760
-3.189665,-1.416175
-0.904785,-1.301739
-1.099872,-1.684799
-2.612111,-1.940980
-2.653878,-2.062543
-2.159968,-0.592938
-1.371203,-1.286320
-1.681371,-1.404116
-3.318253,1.793369
-1.695153,-2.011342
-0.687925,-2.513430
-2.724081,-2.049938
-3.160646,-1.104964
-1.349132,-2.251371
-1.613075,-2.418605
-3.819640,-0.795045
-2.876671,-1.706828
-1.197966,-2.883583
-3.933969,0.715595
-2.662425,-1.862127
-2.408680,-3.074797
-3.420091,-0.310998
-2.055649,-1.740504
-3.660372,-0.040127
-0.933706,-1.267183
-2.733507,-2.958077
-0.773429,-3.418281
-1.841594,-1.336461
-1.317356,-2.907902
-0.741965,-2.144320
-2.131477,0.089739
-1.371790,-0.762914
-1.291958,-2.492100
-0.794637,-2.632029
-3.473519,-2.980328
-2.533273,-0.611377
-1.378191,-2.340591
-1.091492,-3.678729
-4.022638,-1.131708
-2.706448,-2.689913
-2.011297,-1.425958
-2.393123,-1.138893
-3.512690,-1.041338
-1.377094,-3.210079
-0.794740,-3.126480
-1.640315,-1.882147
-0.606800,-3.406212
-2.765657,-0.662114
-0.364272,-3.647437
-1.358967,-2.628171
-0.800696,-1.460007
-1.915850,-1.767391
-1.724614,-1.800935
-1.425413,-1.801069
-0.972356,-1.651191
-2.506214,-1.646343
-2.482758,-1.024212
-2.673604,-1.240652
-1.723487,-2.141237
-1.076997,-1.943675
-2.982834,-0.438128
-2.664728,-0.208407
-1.349791,-1.814417
-0.795885,-3.018047
-1.030879,-3.078777
-0.206036,-2.699660
-1.204859,-1.888818
-2.856700,-2.987505
-1.846059,-2.684653
-1.233185,-1.258780
-3.565011,-0.666221
-1.280621,-3.463488
-2.469475,-1.638768
-0.887527,-3.616066
-2.989728,-0.718016
-2.235353,-2.153441
-1.329685,-2.126355
-1.737520,-1.491464
-2.463550,-1.516730
-2.629002,-1.963531
-1.287810,-1.371240
-2.117870,-2.099320
-2.765070,-2.400500
-1.343238,-0.960718
-1.166192,-2.566753
-2.004197,-2.044890
-1.584711,-1.700980
-0.704662,-2.606664
-2.941234,-2.821489
-2.271990,-1.614090
-1.164753,-2.674675
-1.202433,-3.482271
-2.874831,-2.810787
-1.503812,-3.498070
-1.847896,-1.710765
-1.701276,-3.247655
-2.064034,-1.824816
-0.479215,-1.692064
-2.244770,-1.925395
-1.161220,-1.829948
-3.340845,-2.396800
-1.620803,-2.825983
-1.676083,-1.696783
-1.112925,-2.966483
-3.457078,-0.513862
-2.065828,-3.268383
-2.117705,-2.961044
-1.387174,-2.070642
-2.272015,-2.208000
-0.033226,-3.134779
-1.640748,-2.251265
-1.414892,-2.994064
-2.164738,-3.169181
-1.221033,-2.793674
-2.600538,-2.083395
-1.136651,-3.219787
-3.144755,-1.794398
-2.341376,-2.319063
-3.230622,-1.275984
-2.065780,-0.919152
-4.011617,-1.341695
-0.206591,-2.628189
-3.175774,-1.441153
0.843762,-4.762875
-1.099658,-3.728041
-1.999096,-1.685261
-3.555827,-0.816910
-0.695851,-2.386857
-2.508119,-1.855013
-2.216522,-2.161511
-1.755351,-0.556709
-1.161261,-2.417847
-1.211472,-3.861088
-2.522390,-1.548011
-1.035053,-2.956186
-3.484624,-1.962302
-3.226031,-0.200941
-2.514194,-1.487151
-3.031896,-0.005781
-1.302975,-1.939635
-1.505206,-2.775042
-3.076350,-0.536066
-1.988084,-0.842291
-2.880364,-1.930814
-3.180638,-0.303215
-2.480243,-1.463881
-2.004469,-0.080575
-1.142236,-1.792349
-3.028821,-2.969286
-0.571907,-3.003802
-2.570455,-0.820469
-1.371256,-0.039138
-2.590055,-1.674868
-1.072822,-1.292177
-0.281870,-2.480170
-2.429791,-2.401788
-0.003837,-2.515569
-1.226322,-2.711316
-0.172912,-1.861228
-2.758210,-2.588169
-0.932067,-1.674798
-1.334755,-3.026677
-2.856959,-0.800750
-0.832242,-2.944405
-1.841507,-2.106078
-2.699450,-1.059964
-1.990603,-2.151307
-3.292713,-1.427633
-0.235185,-3.990110
-2.535767,-1.880595
-1.727160,-2.637088
-2.627881,-2.670413
-3.903942,-2.758393
-2.311010,-1.375690
-3.394650,-2.533776
-2.524848,-2.017652
-3.206677,-0.431602
-1.826176,-3.864330
-1.061812,-2.126627
-2.907357,-0.911245
-2.235332,-2.096714
-1.373644,-1.410632
-1.370416,-1.970783
-1.035739,-1.950987
-2.015129,-1.012751
-4.920956,-1.661030
-2.418221,-1.112652
-2.267249,-1.492160
-2.039561,-1.624073
-2.371467,-0.802238
-2.072123,-2.115353
-2.223891,-2.188985
-4.177110,-1.093653
-2.277417,-0.978743
-1.392642,-2.311307
-3.258768,-1.071258
-2.577051,-0.304713
-1.939274,-3.168787
-2.763418,-2.476881
0.270839,-4.760252
-4.106536,-0.340620
-1.978664,-1.321346
-2.131152,-2.202471
-3.044142,-0.915942
-1.522111,-1.680396
-1.739929,-3.523183
-0.308784,-3.123203
-1.445085,-1.728557
-2.729569,-2.641389
-1.243632,-1.859572
-1.179547,-1.633639
-1.247518,-2.033124
-0.569455,-3.656991
-2.363724,-3.034146
-3.282985,-1.357081
-0.705652,-1.993048
-1.749919,-1.470280
-0.924685,-3.873857
-3.379842,0.233890
-0.957950,-2.817019
-0.440824,-2.165341
0.103308,-3.828010
-2.781725,-2.330904
-1.575672,-2.048785
-1.099876,-4.179680
-2.282204,-2.550857
-1.608956,-2.411120
-1.224807,-2.801769
-1.868640,-1.352492
-1.235283,-3.393120
-3.250737,-2.231352
-2.077914,-1.893988
-0.006905,-4.487441
-2.392391,-1.819460
-1.511172,-2.332654
-2.587614,-0.874797
-2.074907,-3.384083
-3.038741,-2.138998
-1.442236,-2.356819
-2.350014,-0.364172
-2.307301,-2.202191
0.019101,-2.060471
-1.410037,-1.912134
-2.418218,-2.077384
-2.225679,-3.157446
-3.032314,-1.088216
-3.462431,-0.986337
-2.308539,-2.824725
-2.350344,-2.889775
-2.294810,-1.597380
-4.006158,-1.451598
-3.542310,-1.436133
-2.870833,-2.274606
-3.430905,-3.079691
-1.366210,-2.527691
-4.584269,-1.543746
-2.257400,-2.261345
-0.903064,-4.221764
-1.358468,-2.174455
-2.732364,-2.580120
-0.202855,-3.379497
-1.025181,-1.363394
-1.123062,-1.733707
-2.060174,-1.118219
-2.147314,-1.398354
-0.133650,-4.103263
-0.789963,-1.939383
-1.272665,-3.007616
-2.543087,-1.155947
-1.590294,-1.300509
-2.497706,-2.047229
-0.634047,-2.879251
-1.453640,-2.787499
-3.044522,-1.176752
-1.755089,-2.524525
-2.276819,-2.714379
-3.727294,-0.822025
-3.188529,-1.829930
-2.391226,-1.439418
-1.934210,-1.890853
-2.473683,-1.753220
-1.557973,-1.864591
-1.659188,-3.637111
-3.159860,-2.849916
0.360005,-2.554759
-3.627197,-0.943565
-2.348415,-0.617786
-2.447440,-1.631486
-2.143526,-1.058486
-3.330750,-2.218584
-2.559024,0.962352
-0.091106,-3.397928
-3.270507,0.272788
-3.596485,-1.842034
-2.565510,-1.195293
-3.193135,-1.842392
-1.143341,-2.999218
-1.750333,-2.407104
-1.685222,-2.515795
-1.447280,-2.600996
-0.510105,-2.975789
-2.856552,-2.405277
-3.562085,-1.264765
-2.864950,-0.805626
-2.778418,-1.045392
-1.996094,-1.014302
-3.114362,0.188987
-3.062434,-2.286079
0.026969,-4.157379
-1.720103,-2.957621
-1.597215,-1.739991
-1.014692,-2.090115
-2.010200,-1.952188
-3.534740,-0.287151
-1.691161,-1.784937
-3.579745,-0.466999
-2.434985,-1.673301
-2.155810,-2.334282
-0.666924,-1.637018
-2.290687,-3.249954
-1.599697,-1.382486
-3.673283,-1.521182
-1.934206,-0.006855
-1.494538,-2.679528
-0.006592,-2.139709
-0.907450,-3.492339
-3.021567,-1.662446
-1.169521,-2.882720
-4.197936,-0.058064
-2.378450,-2.737109
-1.891641,-1.224636
-1.207059,-2.257209
-2.428520,-3.465201
-1.358898,-0.566719
-0.874633,-2.945987
-3.185274,-0.916712
-0.741846,-3.213195
-3.543957,-0.962578
-2.727892,-2.325636
-1.720508,-1.892800
-2.324740,-2.106757
-2.048894,-1.281608
-2.783512,-1.509417
-0.480631,-1.556250
-2.247930,-2.009558
-1.187050,-3.745431
-1.224029,-2.336557
-1.683899,-2.300903
-0.056555,-2.539016
-1.243754,-2.521124
-1.699588,-2.618545
-1.164185,-2.539512
-0.993871,-2.691874
-1.582084,-1.787896
-2.789847,-1.527734
-2.541134,-1.907149
-3.319247,-1.039733
-2.059661,-2.409149
-0.348288,-1.618014
-2.387201,-1.544712
-1.031025,-1.855864
-1.467072,-2.412149
-4.386438,-0.570814
-2.323013,-1.388442
-2.599851,-1.685052
-1.373845,-2.399662
-2.770886,-3.560752
-1.444325,-2.872342
-0.991062,-2.857951
-1.365622,-2.677817
-3.263932,0.490934
-1.607633,-0.583139
-1.968343,-2.094065
-0.446749,-2.275096
-3.241100,0.148510
-4.601357,-2.135980
-4.078408,-0.025935
-3.174503,0.906153
-2.840458,-1.502578
-3.092051,-2.817973
-4.083598,-2.471407
-0.969709,-1.487053
-3.389123,-2.140791
-1.137979,-3.459456
-1.629600,-1.493849
-3.052576,-2.006178
-2.173170,-1.101493
-1.183979,-0.337837
-2.145099,-0.887078
-3.199482,0.049600
-0.901420,-1.855877
-2.143687,-2.838922
-0.607520,-2.161131
-2.006731,-0.932433
-2.446921,-1.364232
-1.979867,-1.429055
-2.123378,-3.166922
-1.307816,-2.148060
-0.374148,-1.496235
-2.322401,-1.558111
-1.017028,-2.067235
-0.792542,-2.891687
-1.562355,-2.316715
-2.993956,-2.151706
-1.018757,-3.912896
-2.574879,-1.051988
-0.667004,-1.364849
-2.591197,-0.365341
-0.856646,-2.111006
-2.656194,-2.066071
-2.429064,-2.609371
-1.954192,-3.189984
-2.863863,-1.207063
-0.925864,-2.556761
-1.476049,-1.473445
-2.834067,-2.603121
-2.148405,-3.008790
-1.945349,-0.970190
-0.725121,-3.399375
-3.777863,-1.781240
-1.623380,-2.376850
-2.652089,-0.803222
-2.347453,-1.050087
-0.855155,-1.501438
-2.808181,-3.970230
-0.499131,-3.617760
-1.981056,-2.555308
-1.529867,-1.269705
-2.068925,-1.282525
-1.324601,-3.194848
-2.552520,-1.339468
-2.106286,-1.279990
-1.352972,-1.065122
-1.949222,-2.869870
-0.097191,-3.154206
-0.873316,-1.860679
-2.384150,-1.954683
-0.663401,-2.490087
-1.819431,-1.912767
-2.390585,-1.343662
-1.003402,-2.475330
-2.530200,-1.109571
-2.184858,-1.089598
-1.873778,-2.559779
-3.265574,0.591334
-1.616838,-1.700333
-1.487382,-3.111500
-0.777314,-2.937025
-1.715613,-1.200561
-1.283079,-1.650333
-1.335824,-0.204945
-2.697686,0.189843
-3.170835,-1.723390
-1.129789,-0.622655
-2.849925,-1.971854
-2.785761,-2.203844
-1.052064,-2.535036
-3.039427,-1.758495
-2.228597,-3.197778
-2.861042,-3.084986
-1.701144,-2.219279
-0.983071,-4.024187
-2.046248,-2.150329
-1.725775,-1.986212
-0.197950,-3.093390
-2.022073,-2.574125
-0.518776,-3.748801
-2.372645,-1.485783
-2.317450,-2.021594
-2.501294,-2.606167
-2.241423,-2.249678
-0.648536,-2.596745
-0.373867,-3.101847
-2.772105,-1.755134
-3.166530,-1.381810
-2.070901,-3.129454
-2.472017,-2.486641
-1.347101,-2.718273
-1.351675,-1.392391
-2.530802,-0.918206
-2.075092,-2.328924
-2.255111,-2.301171
-1.432373,-2.646420
-1.647760,-3.169165
-3.516785,-1.862894
-0.462889,-2.263837
-0.972384,-1.651590
-0.952141,-2.974077
-3.121408,-1.784564
-3.645190,-0.745160
-2.779912,-1.898142
-3.140096,-0.556545
-3.226762,0.405834
-3.202450,-1.752667
-2.230958,-2.085719
-1.948853,-1.903426
-1.298254,-2.858308
-2.421639,-2.588589
-2.581939,-1.195576
-2.460689,-1.052093
-0.932609,-3.900696
-3.039178,-0.175732
-0.360614,-3.169375
-2.327785,-3.768704
-3.397522,-0.527152
-2.816294,-2.440477
-1.797172,-3.794465
-4.048802,-1.594527
-3.893559,-1.093205
-0.964312,-3.091061
-1.358810,-2.543895
-1.397102,-2.916381
-0.912599,-2.226175
-2.320085,-1.432196
-2.780809,-0.956011
-2.214822,-1.905132
-1.736732,-2.977310
-1.618457,-1.363636
-2.211640,-1.223741
-0.780625,-2.696543
-1.566408,-2.257855
-3.056163,-2.100045
-2.018184,-1.745553
-3.123281,-1.393595
-1.862005,-1.968031
-1.819974,-2.715074
-1.567072,-2.560651
-3.559060,-0.533016
-2.406426,-1.561982
-1.745773,-2.278425
-2.693007,-1.360461
-1.978013,-2.256760
-0.619576,-2.340334
-0.878237,-1.652353
-1.508979,-1.085136
-2.193433,-2.539744
-3.183969,-1.377045
-2.823951,-0.597336
-3.756498,-1.219974
-3.199736,-1.543011
0.523323,-3.627407
-1.513249,-1.524337
-2.068948,-1.909577
-3.237902,-0.643804
-1.632392,-2.455983
-3.558846,-3.285808
-1.745857,-0.895238
-2.167953,-2.252804
-1.464043,-0.792410
-2.299148,-1.486479
-2.196497,-2.873000
-1.999483,-1.958940
-0.690147,-4.036637
-3.132638,-1.125431
0.927395,-3.326220
-1.463064,-3.007203
-3.290976,-1.451098
-0.185181,-3.597253
-2.924641,-1.544470
-2.483512,-2.696284
-1.298742,-3.022935
-2.512827,-1.389398
-2.056583,-0.289806
-3.562776,-2.027188
-1.315743,-1.807261
-2.706141,-2.913199
-2.658198,-3.614254
-2.102142,-2.582779
-1.096934,-1.721591
-1.206081,-3.512135
-0.475537,-2.453127
-2.799643,-0.840282
-2.867156,-2.333182
-2.733458,-2.388452
-2.207349,-2.135999
-1.471285,-2.500412
-1.698798,-0.525746
-1.338172,-0.383838
-1.282063,-0.934050
-2.257332,-1.502878
-1.704760,-1.996139
-3.082484,-2.334968
-3.348262,-2.135732
-2.307755,-1.093291
-3.661888,-1.200215
-0.591515,-2.301227
-1.655779,-3.517455
-2.204014,-1.842677
-1.865678,-1.596595
-2.509457,-1.568416
-2.075195,-1.991791
-2.724273,-2.663176
-2.130536,-0.820430
-2.271778,-1.167718
-1.849743,-3.565515
-2.705290,-1.266142
-2.039574,-1.745935
-1.899344,-1.454115
-2.869903,-3.035190
-2.307403,-1.115050
-1.461828,-3.704218
-2.205156,-0.675770
0.527202,-4.086359
-1.771833,-2.154003
-2.494761,-2.267381
-2.909304,-1.778846
-2.162417,-0.868553
-1.668548,-3.179172
-1.346600,-1.149743
-1.688297,-2.714899
-1.949666,-1.393553
-2.440220,-1.527486
-1.569501,-2.098676
1.706402,-3.837148
-1.747938,-2.069764
-4.188772,-0.552539
-3.649843,0.389504
-2.064766,-1.291336
-2.095731,-3.553226
-0.433980,-2.478603
-2.016820,-3.637278
-1.643959,-1.781339
-1.730279,-1.663333
-2.714632,-0.714090
-2.138745,-2.405572
-2.529879,-1.194806
-0.603463,-2.094355
-1.900583,-1.446503
-1.095144,-1.774140
0.210709,-2.535212
-1.009227,-4.367395
-2.483469,-2.047287
-1.981201,-2.549889
-1.163348,-2.519674
-1.515527,-1.599639
-2.277839,-2.138977
-3.586828,-2.245410
-0.558059,-5.029763
-1.506767,-2.101765
0.307503,-4.319114
-1.624446,-2.238592
0.959648,-2.344381
-2.636741,-2.580437
-1.364679,-1.140480
-1.633130,-3.861672
-1.914126,-2.118577
-1.876716,-0.647991
-3.369344,-2.018343
-1.471601,-3.326700
-2.370134,-1.023160
-2.813466,-0.628420
-1.554994,-2.641806
-0.420300,-2.951556
-0.845667,-1.930035
-1.550873,-0.511128
-2.163017,-1.435909
-2.034222,-2.350353
-1.276427,-1.724425
-0.800405,-3.136267
-0.370427,-3.256598
-1.351091,-2.145287
-1.485467,-2.771511
-2.484696,-1.389423
-3.576871,-0.904675
-0.889712,-1.873496
-1.888616,-2.524602
-2.413703,-1.750151
-2.076692,-2.616304
-3.255130,-0.895514
-1.661607,-2.635277
-1.576729,-0.961987
-2.284936,-2.577859
-3.594014,-0.270435
-1.872347,-2.055819
-0.944103,-3.101303
-2.047780,-0.732100
-1.595804,-2.216243
-3.053352,-0.909119
-2.410928,-1.164761
-1.882788,-3.033347
-4.254715,-2.419917
-2.118606,-3.276695
-2.236284,-0.398935
0.009742,-1.244839
-3.094127,-0.708718
-3.619893,-1.021835
-1.528860,-2.007929
-2.042821,-3.241490
-1.286017,-2.910667
-2.575384,-1.762506
-0.344695,-3.184985
-3.432747,-1.227198
-3.005582,-0.125545
-1.411027,-3.236882
-1.821590,-2.363687
-0.264881,-4.488278
-0.575259,-1.534181
-2.595531,-2.202484
-1.407677,-2.167235
-1.965355,-2.619991
-1.281042,-2.239227
-1.346849,-3.740050
-1.748683,-3.355411
-0.838281,-2.264857
-2.761657,-0.966636
-2.521024,-2.148958
-0.125795,-3.730354
-2.594685,-2.078990
-1.704802,-3.568613
-2.104225,-1.813871
-3.437238,-1.368205
-1.742041,-2.240759
-1.104300,-2.056684
-3.625050,-1.480518
-0.941011,-1.734434
-2.221262,-1.661526
-1.967578,-1.376532
-2.230228,-1.556177
-1.334180,-1.317596
-1.768773,-2.229990
-3.181203,-0.493071
-1.626962,-1.742292
-2.566396,-2.172719
-2.616648,-2.192119
-3.462643,-0.298580
-1.383804,-3.008827
-3.203379,-1.887750
-5.083618,-0.371635
-3.044945,-1.441664
-1.030635,-2.431633
-0.811085,-1.597362
-0.505306,-2.932415
-1.613511,-2.090210
-3.311028,-2.420590
-1.658129,-1.252817
-2.588288,-1.780482
-0.521634,-2.970416
-3.293822,-0.044309
-2.536106,-0.530878
-1.614340,-2.295172
-3.542023,-2.037697
-1.934967,-0.806115
-1.548512,-1.637469
-1.500783,-2.460983
-1.533571,-2.006616
-2.747568,-2.928612
-0.406829,-1.650662
-3.540461,-2.557461
-3.622412,-1.530409
-2.127568,-0.580198
-2.586513,-2.410380
-1.066021,-2.304721
-1.307588,-3.274305
-2.769767,-1.881408
-3.749472,-1.288607
0.458517,-5.236738
-1.836910,-1.299760
-1.784940,-2.492290
-1.102295,-1.155792
-2.574401,-1.918372
-3.771277,-0.217515
-0.896136,-4.490690
-3.372061,-2.405166
-2.821309,-1.958659
-2.936176,-0.896311
-0.125185,-2.960591
-3.819327,-1.457507
-1.053573,-2.444043
-1.413760,-0.232995
-1.571157,-0.028059
-1.824997,-1.791376
-1.769287,-2.753315
-2.418645,-2.163859
-0.112837,-4.553964
-2.896040,-1.031151
-2.449627,-2.313818
-1.459014,-0.882327
-3.030113,-0.604018
-0.377054,-1.855748
-3.657753,-1.823091
-1.191287,-4.234144
-1.121579,-1.976638
-2.589968,-1.069312
-0.692709,-0.935983
-2.072927,-2.014058
-0.454427,-1.333579
-3.141562,-1.892926
-1.841523,-3.838514
-2.665434,-2.833044
-0.454656,-2.477003
-2.025924,-0.482674
-1.227825,-3.774495
-0.635605,-1.724310
-1.143445,-1.034530
-2.599593,-1.512828
-3.361649,-2.367732
-0.091349,-3.649393
-1.045664,-1.020719
-0.619568,-3.007979
-2.430723,-1.226465
-3.267901,-1.364471
-2.439971,-0.998504
-3.265241,-1.245922
-1.286996,-3.341560
-1.361854,-3.203124
-2.166198,-2.745194
-2.596241,-2.582776
-2.184218,-2.311005
-1.698332,-1.908310
-2.026783,-2.751180
-0.921600,-2.055277
-3.362771,-1.152128
-2.718370,-2.986029
-2.568213,-2.883343
-1.038401,-1.884226
-1.150322,-3.751689
-2.057518,-3.611336
-2.608506,-1.114256
-4.064173,-0.931145
0.005388,-3.064069
-1.920817,-2.545807
-3.195127,-0.635110
-3.094380,-1.528267
-1.554693,-2.810680
-2.555104,-1.393995
-3.706882,-2.896350
-1.447007,-4.706672
-2.370352,-3.027308
-3.473976,-0.547409
-2.732554,-2.357238
-0.253577,-2.195185
-3.335703,-0.248475
-0.453194,-3.972284
-2.385281,-1.842686
0.760875,-2.911360
-1.947016,-3.394134
-1.381134,-1.434613
-3.102106,-2.213535
-1.813558,-4.378021
-1.984008,-2.489082
-2.787780,-1.897730
-2.515913,-0.829402
-1.173183,-2.435643
-3.631277,-1.329429
-1.931647,-2.301141
-1.289262,-1.908842
-2.559703,-1.033624
-2.591951,-1.970257
-2.928830,-2.356339
-3.471347,0.821614
-2.624216,-0.967446
-3.199423,-2.490699
-1.476995,-3.656974
-2.191294,-2.090227
-3.185405,-1.780143
-3.299263,-1.521117
-1.190310,-1.914245
-3.062772,-2.188684
-2.877010,-1.034003
-0.566136,-4.276546
-2.229922,-2.939416
-3.350203,-1.024556
-2.295236,-1.498176
-1.774668,-0.552281
-1.713867,-0.543519
-2.542402,-1.326066
-3.591073,-3.034295
-1.677615,-2.465967
-2.392121,-1.633389
-2.950740,-2.372450
-1.222083,-3.961049
-3.994644,-1.273255
-1.264471,-2.630375
-1.057787,-3.814558
-2.805131,-1.632911
-4.307220,-1.391336
-1.919588,-2.518190
-2.605645,-2.621119
-1.102730,-2.108147
-2.301556,-2.768172
-3.776826,-0.174074
-2.149099,-1.086756
-2.333594,-2.456150
-2.522566,-2.177546
-2.403908,-1.760332
-3.462250,-1.679251
-2.315364,-1.070856
-1.427902,-1.841902
-2.029196,-1.303652
-2.497600,-1.452280
-1.787550,-2.820206
-1.392539,-1.764318
-2.044553,-0.949466
-3.066562,-1.150432
-3.751497,-0.352483
-1.405607,-2.261060
-2.789687,-1.951873
-2.086089,-2.360882
-1.724650,-1.479491
-1.483358,-1.943927
-0.352330,-2.757884
-1.842949,-2.628313
-2.120254,-1.426845
-2.347138,-2.541661
-1.537060,-2.367698
-2.835689,-1.987260
-1.314149,-2.422907
-1.854673,-1.998828
0.116716,-4.411629
-3.046891,-1.568984
-3.025716,-2.183029
-0.437680,-3.144503
-2.120775,-2.215112
-2.888982,-1.422859
-1.822546,-2.918274
-0.941921,-2.591431
-1.158455,-1.699024
1.018214,-4.095374
-2.356860,-1.733964
-1.711542,-3.948335
-2.529390,-1.228463
-2.244549,-1.857922
-3.028891,-1.556981
-1.796962,-2.379633
-1.146679,-1.516749
-1.890910,-4.063660
-0.398951,-2.917398
-2.712087,-2.886634
-2.248305,-2.075680
-2.087403,-1.118330
-4.771865,-0.410286
-0.092244,-3.318639
-3.492365,-1.783329
-0.723869,-2.931764
-3.923090,-0.953519
-3.024974,-2.874170
-1.884844,-2.228804
-3.624266,-1.082412
-2.980330,-1.791432
-1.039569,-0.883109
-2.572587,0.533155
-2.449439,-1.760824
-2.013729,-1.520223
-2.692850,-2.018537
-1.647259,-2.948999
-2.337402,-0.483561
-4.544112,0.969758
-1.556645,-2.922245
-1.110475,-1.383277
-3.308148,-2.038661
-2.686510,-2.784966
-2.866505,-1.840303
-2.410021,-3.468710
-2.051091,-0.740243
-1.480902,-2.681113
-1.694038,-2.524222
-1.840283,-3.259968
-4.505117,-2.134598
-2.294910,-1.421758
-3.550529,-0.685857
-2.082673,-2.725788
-2.662043,-2.046189
-1.390985,-3.346099
-1.683014,-3.322943
-2.171148,-2.023389
-2.402346,-1.450424
-2.019688,-4.102863
-0.703457,-2.532777
-2.149481,-0.865841
-2.182105,-0.730750
-1.450410,-0.746649
-1.254677,-0.746059
-1.783501,-2.868438
-1.852132,-2.185348
-1.451961,-2.008372
-2.214975,-2.392200
-1.048218,-1.734159
-3.112812,-2.563465
-3.091485,-0.475007
-2.088968,-0.981961
-3.308896,-1.610218
0.125034,-1.728633
-1.206120,-2.415226
-3.634643,-0.808863
-1.224893,-1.848643
-1.936798,-1.568090
-2.193532,-2.332835
-1.114677,-1.691348
-1.529625,-2.041652
-0.140855,-1.818866
-2.106348,-1.554040
-3.042629,-1.438267
-3.791969,-1.724336
-1.868510,-2.932718
-0.635697,-3.892988
-2.499968,-2.589951
-0.910507,-3.048418
-2.063598,-2.202147
-1.100766,-3.293771
-1.380050,-2.534071
-1.535414,-2.503340
-1.563222,-3.833625
-2.100168,-1.134480
-1.646073,-2.326291
-1.061924,-1.840850
-2.073547,-2.425328
-3.223880,-1.550201
-2.659869,-2.388601
-2.167807,-1.016774
-1.606279,-3.838362
-1.279475,-0.779706
-2.871709,-1.340626
-1.868214,-3.347907
-2.159618,-0.917608
-1.576764,-2.669964
-1.134242,-1.052911
-2.546900,-2.434052
-1.453931,-3.457294
-2.838105,-0.648755
-3.163442,-3.761855
-1.089614,-2.566416
-2.133257,-1.523284
-0.744699,-3.078299
-1.153891,-2.844218
-0.799872,-2.129696
-2.363854,-1.779379
-3.381688,-0.990804
-0.246574,-2.697552
-2.377759,-1.940918
-1.187108,-2.302108
-3.087986,-1.678729
-2.364296,-1.385098
-1.279772,-2.716369
-0.906416,-1.853246
-0.683584,-1.807542
-2.986562,-2.758951
-0.222328,-3.986279
-2.539644,-0.229736
-2.512566,-2.224503
-1.534934,-2.257716
-2.657035,-0.773765
-2.516722,-0.839604
-3.943698,-2.317502
-1.779429,-3.325384
-0.958108,-3.036321
-1.218502,-3.725264
-2.716323,-2.887286
-1.259545,-2.101612
-0.540608,-2.663093
-1.166009,-2.562342
-0.815320,-2.731320
-1.503991,-2.029812
-1.249812,-2.194126
-2.673574,-1.206701
-1.701552,-2.532143
-0.803655,-2.993426
-1.756367,-0.677363
-3.621690,-1.355630
-2.250184,-1.882803
-3.409402,-1.299771
-3.253957,-1.733076
-2.350473,-2.534038
-0.750433,-4.153984
-1.063903,-1.509928
-1.361191,-3.244539
-0.174982,-2.669739
-1.770411,-2.567955
-2.674139,-3.276433
-1.205773,-3.746009
-3.783108,-2.716136
-2.297236,-1.359665
-0.586746,-3.730227
-3.543193,-1.527328
-0.141446,-1.097498
-2.411233,-1.846761
-1.400325,-2.226615
-3.671029,-2.484733
-0.564379,-4.433669
-1.828983,-2.095448
-0.627153,-3.577630
-2.362709,-2.487138
-1.900368,-2.826133
-2.398661,-1.594469
-0.533230,-2.511723
-1.672344,-4.040564
-1.912803,-2.337417
-2.653696,-2.527625
-1.916061,-0.369201
-1.823247,-1.860743
-0.385679,-4.049211
-1.826302,-3.031803
-1.709445,-2.848270
-0.983625,-3.503643
-0.703711,-2.507956
-2.120224,-1.548076
-3.259061,-1.567218
-1.698534,-1.231246
-2.238487,-3.790684
-0.923582,-2.119897
-1.407167,-3.057932
-1.419941,-2.770413
-1.833533,-3.649592
-1.753420,-2.516989
-2.933770,-0.999968
-1.351106,-3.380576
-2.829811,-1.594005
-1.012177,-2.905494
-1.076864,-2.444991
-2.888028,-2.259352
-3.607303,-0.515646
0.497174,-4.116620
0.770085,-3.730255
-2.122508,-2.023673
-1.675819,-1.822437
-1.558007,-2.536884
-3.511880,-3.454076
-2.102018,-1.219879
-2.169846,-1.533437
-3.373483,-0.755571
-2.286622,-2.450528
-0.082573,-3.544489
-2.459932,-3.549720
-1.955343,-2.232797
-1.701722,-2.247609
-0.120976,-2.971874
-1.722952,-1.119277
-1.273495,-2.381318
-0.767297,-4.151119
-0.650635,-3.174486
-1.231097,-3.291260
-2.169186,-2.323263
-0.006010,-2.432882
-1.241272,-1.188627
-1.263167,-3.197529
-1.278057,-1.274452
-3.613160,-0.905908
-1.339754,-2.750611
-2.940529,-1.008597
-1.648976,-1.244896
-2.326500,-0.690025
-1.862656,-0.785247
0.176895,-1.927632
-2.998452,-1.161856
-3.134764,-1.212682
-2.115224,-1.292802
-2.976483,-1.483192
-2.985983,-1.455918
-2.641981,-1.375898
-0.788784,-3.947975
-2.886321,-1.417330
-3.657610,-1.555683
-2.626639,-1.420893
-2.375431,-2.802875
-2.686331,-2.322565
-1.519489,-2.621179
-1.169378,-1.802832
0.153951,-4.332326
-1.690080,-2.318431
-1.016704,-1.959415
-1.710341,-2.156713
-2.746715,-1.201283
-1.114124,-3.312460
-2.715793,-2.930770
-1.417688,-2.650578
-3.557069,-0.071829
-1.291292,-1.018080
-2.144644,-1.126461
-2.280355,-2.985119
-1.315494,-0.862307
-2.981404,-0.360755
-2.180700,-3.369934
-1.179057,-2.603231
-1.091065,-1.906880
-0.774705,-3.354054
-0.840384,-2.168328
-2.885418,-1.945588
-3.551149,-2.071614
-0.895435,-3.989735
-0.339039,-3.773524
-2.132787,-2.272716
-2.828411,-1.894981
-1.274830,-3.522402
-1.249002,-3.362755
-3.394375,-2.362043
-1.227012,-1.815370
-3.269141,-1.412884
-4.442512,-0.609096
-2.387283,-2.783005
-0.974453,-0.224326
-3.173530,0.019923
-1.557864,-2.610069
-2.591771,-0.658722
-2.000852,-1.857235
-2.262574,-0.434046
-0.586808,-3.186162
-2.766791,-1.765365
-3.251925,-1.036596
-3.315885,-1.052458
-2.105994,-1.656744
-3.069378,-0.189625
-1.739795,-2.532460
-1.751582,-2.229921
-1.222661,-2.858671
-2.522962,-0.153387
-1.506397,-4.216798
-2.375885,-3.403219
-0.730270,-2.918521
-2.827662,-2.893277
-3.224259,-1.197702
-1.042880,-1.940564
-2.377042,-1.665378
-1.286864,-2.143515
-1.739357,-2.489011
-0.409845,-2.447595
-3.238641,-0.549466
-1.111258,-1.953292
-2.731671,-1.712098
-3.209148,-1.215309
-0.919077,-3.146715
-2.887685,-1.009546
-1.186031,-3.217094
-2.899127,-0.827049
-2.048856,-2.081557
-2.427867,-0.557465
-0.316580,-2.743492
-1.650742,-0.756272
-1.372514,-1.492253
-2.963057,-2.150841
-2.479153,-0.711426
-1.292391,-2.418097
-4.066888,-0.416151
-3.176320,-1.918560
-1.100816,-2.088620
-2.322911,-1.878326
-3.935312,-0.986501
-1.627692,-1.880535
-0.990637,-2.500133
-2.987997,-1.126605
-1.562768,-2.749672
0.822631,-3.816508
-2.317355,-1.859071
-0.001998,-2.888963
-1.338409,-2.096348
-2.797582,-2.817316
-2.559299,-0.362118
-2.504249,-1.180904
-0.528471,-2.602565
-3.851517,-0.032347
-2.668429,-2.433410
-0.386539,-3.972577
-2.611283,-0.044958
-1.728290,-1.841581
-0.889255,-2.999519
-1.518494,-2.426835
-1.908396,-2.384110
-1.880945,-0.155132
-1.143932,-1.437438
-0.970893,-3.121346
-1.033645,-3.278719
-2.060496,-0.820870
-1.096744,-2.445190
-2.521343,-0.390930
-2.518855,-2.070329
-1.824776,-3.017874
-2.384201,-2.438954
-2.473031,-1.298632
-3.078735,-2.761741
-2.253617,-2.205501
-4.516146,-0.763801
-1.630548,-1.986354
-0.193480,-1.878268
-4.116909,-0.741509
-0.414073,-1.439114
-3.393013,-0.976333
-3.066999,-2.319730
-3.866000,-0.061138
-2.974656,-1.960390
-0.790571,-2.758338
-3.929803,-0.610676
-0.999507,-2.695363
-3.737145,-0.901444
-1.365024,-1.797851
-2.960110,-1.324334
-2.685339,-0.785892
-1.562794,-1.534750
-3.185674,-1.861339
-3.112060,-0.542541
-3.165419,-0.782787
-2.015019,-1.586095
-1.709486,-0.762315
-2.417945,-1.610045
-2.659072,-0.910509
-4.413858,0.705276
-2.630808,-0.487110
-0.593130,-4.143658
-2.369273,-3.130378
-2.343290,-3.027895
-0.918644,-2.839774
-4.343353,-1.018858
-1.213729,-3.319010
-2.643608,-2.898526
-1.790300,-3.001151
-2.062896,-1.511475
-2.056587,-2.321177
-1.359593,-2.588829
-0.381066,-2.071696
-1.030931,-3.625373
-2.951203,-1.447434
-1.723349,-0.559457
-3.322501,-1.879524
-1.094109,-3.093291
-1.780623,-1.013242
-1.562634,-2.922271
-1.918289,-2.352427
-3.347290,-0.756757
-1.676806,-1.411710
-3.395520,-0.639675
-2.176606,0.004377
-2.186262,-2.377376
-3.333515,0.454597
-1.685836,-1.664202
-0.540315,-2.350267
0.094193,-3.023551
-2.201919,-3.451959
-0.504835,-3.971318
-3.310789,-2.079103
-1.177073,-3.317147
-2.233097,-0.834374
-1.629446,-1.387184
-2.803982,-1.613005
-3.429749,-1.854428
-3.004317,-2.161698
-1.514385,-1.267047
-2.190924,-1.821654
-1.864094,-1.472597
-3.521880,0.174320
-1.669137,-2.539516
-1.839221,-3.400018
-0.124215,-4.337387
-0.735195,-3.167752
-2.101543,-2.983979
-0.352980,-3.996359
-0.129310,-3.164528
-2.334147,-1.892651
-3.251471,-0.738703
-1.990625,-1.321911
-1.808012,-2.703279
-2.709157,-2.637368
-3.465738,-0.373484
-0.783216,-1.131257
-0.278004,-2.185845
-2.145818,-0.737152
-1.820037,-2.124098
-1.204528,-1.799130
-2.618496,-1.939990
-1.563518,-2.451295
-0.991348,-1.566879
-2.296879,-0.897009
-2.615831,-2.210675
-3.651938,-2.446244
-2.556796,-2.255323
-1.461669,-3.001665
-1.939016,-2.084399
-2.771309,-1.402576
-2.609703,-2.785910
-0.760607,-2.952324
-2.676411,-1.584061
-3.511911,-1.895981
-2.771033,-2.080744
-1.576405,-3.188511
-1.710607,-1.850497
-2.459590,-1.830892
-1.704189,-0.609070
-1.849189,-2.056015
-1.666206,-2.725753
-2.451771,-0.289570
-1.580745,-1.929004
-3.020398,-1.426119
-0.524396,-2.786295
-2.401655,-0.849066
-0.914422,-1.562467
-2.819975,-2.327614
-0.766345,-3.530849
-2.338666,-1.949281
-3.524484,-0.071533
-2.292399,-3.977942
-1.709051,-1.301995
-3.715276,-0.487136
-4.170759,-1.188169
-2.209366,-2.805032
-3.336518,-1.964559
-2.968840,-2.272989
-3.709411,-0.664845
-3.221714,-2.567058
-1.092162,-3.681235
-2.407025,-0.933884
-3.694841,-1.814890
-2.718910,-1.840987
-1.568775,-2.968453
-1.568614,-1.770342
-2.711842,-0.767086
-1.636904,-0.540047
-2.710600,-1.503234
-1.649429,-0.642926
-1.461714,-2.969223
-3.401084,-0.889389
-2.017351,-0.693562
-1.116639,-3.291784
-3.106505,-1.019922
-0.506833,-4.003137
-2.049778,-0.673729
-1.802143,-1.714076
-1.228792,-1.868023
-2.850156,-0.381644
-1.680609,-1.885280
-2.811028,-1.161270
-2.508124,-1.121567
-2.879131,-0.420731
-0.865990,-1.729516
-2.468287,-1.671448
-0.711709,-3.056912
-4.953749,-1.775628
0.713030,-3.945690
-1.868339,-1.459277
-2.615025,-3.526752
-0.499477,-1.940517
-1.830377,-2.612552
-0.625113,-5.179367
-3.091147,-1.168281
-3.235256,-1.518444
-0.859325,-3.401598
-1.920353,-2.912737
-1.368578,-2.766360
-2.040423,-2.891845
-3.333951,-0.208094
-2.170523,-1.896023
-2.310527,-1.157649
-1.870423,-3.661847
0.865381,-3.073449
-1.318321,-2.089620
-1.718711,-1.368730
-2.608093,-2.719876
-1.277210,-3.073549
-1.054280,-3.800048
-1.126133,-3.202554
-1.510683,-2.369836
-2.861298,-1.381317
-1.723044,-4.325294
-2.473321,-2.192178
-1.698950,-1.971508
-4.123581,-1.623925
-1.165803,-2.919431
-1.757091,-3.731965
-3.658106,-1.389851
-1.440287,-3.707862
-3.288189,-1.407193
-1.220102,-3.620060
-1.512397,-1.595832
-3.088433,-1.689336
-0.488591,-1.408525
-2.988178,-1.263602
-0.241754,-4.217075
-1.282455,-3.580227
-1.279602,-2.951606
-2.426204,-2.305377
-0.982940,-3.195992
-2.517248,-3.380292
-2.890595,-1.838252
-1.876571,-2.343276
-1.913606,-1.940351
-0.714006,-2.973636
-1.159750,-1.755807
-2.044411,-0.632826
-0.544019,-2.169316
-1.736377,-1.573435
-2.354504,-1.186442
-0.580030,-2.464889
-3.041105,-2.431980
-2.187661,-3.025421
-0.338206,-2.808470
-1.379384,-3.941734
-3.937134,-0.510752
-2.007135,-0.868033
-2.595702,-1.254725
-1.698925,-1.763468
-1.457993,-1.847120
-1.848503,-2.297033
-3.869847,-0.610543
-1.801382,-1.768055
-2.282072,-1.425065
-0.836109,-3.001848
-1.640316,-1.219724
-2.037272,-0.756868
-1.629209,-3.366812
-1.717717,-1.149431
-2.196564,-2.543726
-0.431574,-3.205397
-2.119187,-2.314759
-2.827315,-1.259480
-1.550831,-1.549295
-4.119464,-0.324998
-1.735684,-3.253375
-2.958201,-2.132318
-1.819420,-2.465860
-2.751451,-0.055689
0.123247,-2.538422
-0.866637,-2.973072
-1.471416,-2.916888
-0.313180,-2.011298
-1.765879,-2.008531
-1.778914,-3.636151
-1.354630,-2.123910
-1.407550,-1.617911
-2.104303,-1.889232
-2.413271,-1.486429
-2.539948,-0.904841
-2.430690,-0.852853
-2.763562,-0.407504
-3.784055,-0.757131
-3.413303,-1.967414
-2.791967,-1.151588
-1.971538,-0.348951
-2.900143,-1.512603
-0.789783,-2.674206
-1.420572,-1.915829
-2.025889,-2.903589
-1.540171,-1.958877
-2.512370,-2.300716
-3.628662,-0.510080
0.424946,-3.492648
-2.075645,-2.094877
-1.927495,-2.257268
-3.213110,-0.322358
-2.356863,-1.905876
-3.075437,-0.081632
-2.717462,-1.004370
-2.669379,-0.937437
-1.493746,-2.136838
-3.714220,-0.081961
-2.504309,-0.304311
-1.659072,-0.684153
-1.036381,-4.799997
-3.820055,-0.827371
-1.221508,-1.027913
-1.328098,-0.982293
-1.355827,-2.028278
-1.305030,-1.204337
-2.255586,-2.708717
-1.806656,-2.616596
-1.783913,-2.904810
-2.267526,-0.324655
-2.663084,-1.984246
-2.530670,-3.542241
-2.670183,-2.012548
-3.963067,-1.415047
-1.534789,-2.560773
-1.501428,-0.695627
-0.964141,-3.337797
-0.368193,-2.841855
-1.491425,-2.611879
-1.792672,-2.091041
-2.350507,-2.621175
-2.470719,-2.323668
-2.676726,-1.265861
0.103881,-1.697006
-2.214872,0.658344
-2.120637,-2.714549
-2.144435,-0.747537
-3.222241,-2.881499
-0.939086,-2.638409
-2.110778,-3.254232
-3.400183,-3.846456
-1.690534,-2.735490
-1.995001,-1.457378
-1.878482,-1.224269
-2.582320,-2.873268
-2.476024,-2.399477
-0.535393,-2.885590
-0.436303,-2.883488
-1.026231,-3.264315
-0.943094,-1.920011
-2.926833,-1.897412
-1.198812,-1.471775
-3.977398,-1.391412
-2.520036,-0.240316
-2.200064,-1.890696
-2.150011,-3.103393
-2.378562,-1.791495
-2.147247,-1.393942
-3.582225,0.778909
-3.542125,-2.594837
-1.548616,-0.869116
-0.534901,-1.274418
-2.323723,-1.381722
-0.390118,-2.106182
-1.562843,-3.001530
0.077137,-3.180984
-2.503832,-1.485966
-2.318076,-1.035934
-2.075872,-2.708965
-0.603369,-3.574308
-0.785775,-3.051556
-2.062090,-2.339941
-3.399492,-1.586873
-0.512297,-3.713096
-1.298406,-2.580025
-0.998539,-2.580933
-1.649312,-3.334391
-2.557074,-1.489378
-1.447877,-3.503938
-2.248614,-2.894348
-1.877013,-2.375731
-0.880779,-2.469182
-0.493489,-2.260843
-2.140616,-2.519042
-2.449881,-1.515673
-3.658615,-2.342442
-2.707245,-1.812032
-2.076634,-2.011536
-4.096452,-1.764044
-3.044625,-0.248931
-2.848517,-2.585008
-0.832420,-3.728527
-2.553017,-1.452986
-3.232449,-2.230908
-1.490761,-1.413858
-3.884354,-1.369613
-1.865625,-2.475172
-1.003667,-2.088563
-5.043628,-0.070087
-2.220094,-1.484374
-1.608017,-1.058986
-3.391430,-2.744868
-1.289144,-3.777797
-1.421514,-2.718068
-2.725756,-3.097641
-1.666314,-4.452668
-0.158603,-2.850233
-2.242133,-2.710571
-0.845743,-4.167081
-2.288004,-1.236332
-1.914880,-2.352159
-0.854079,-3.921977
-2.818554,-1.856261
-2.803189,0.008755
-1.739703,-2.525663
-3.501642,0.348837
-1.968009,-1.846289
-2.137431,-1.879542
-1.273664,-3.128652
-0.393948,-2.881241
-1.497520,-1.726995
-0.185273,-2.392647
-3.911064,-1.663364
-1.760559,-2.636770
-0.884680,-3.375188
-2.718036,-1.751393
-0.130357,-3.097155
-1.657507,-3.028764
-3.257715,-0.345631
-1.893883,-3.295215
-2.387963,-0.714992
-2.190663,-3.068347
-2.036978,-1.369100
-2.228779,-2.874384
-1.790567,-1.747684
-1.447213,-2.290893
-1.739880,-1.114656
-2.205306,-2.933950
-1.097948,-1.214550
-1.629620,-4.683440
-2.096074,-2.283202
-1.942338,-2.303236
-2.892086,-1.150376
-3.948537,-2.528967
-1.949488,-2.865809
0.030265,-3.926868
-2.146653,-2.320395
-1.839206,-2.057403
-2.556104,-0.801366
-1.130917,-0.561844
-2.066742,-3.293160
-2.083426,-0.049735
-0.761007,-1.861192
-1.245637,-2.169610
-2.870019,-1.761034
-2.618519,0.580102
-1.015082,-2.783864
-3.733274,-2.149309
-2.849305,-2.803873
-2.535072,-1.378955
-2.459757,-3.107144
-1.221997,-2.258806
-1.368253,-1.439216
-2.434020,-0.480685
-1.386791,-2.318234
-1.794050,-3.465885
-3.616777,-1.569747
-0.826806,-3.067999
-1.857697,-2.326521
-4.493989,-0.500478
-2.385365,-1.527942
-3.267008,-1.518781
-1.748534,-2.137319
-1.661050,-4.144501
-1.313169,-1.349193
-1.802525,-2.412560
-3.070948,-1.077868
-1.339589,0.006057
-1.588775,-2.588280
-1.597323,-0.911053
-1.535663,-1.735068
-2.337397,-1.734843
-1.940512,-2.668703
-5.425347,-0.115701
-0.625106,-3.130153
-1.962857,-1.610790
-1.755858,-3.270614
-1.298945,-1.793440
-1.043054,-2.805821
-2.318611,-3.205870
-0.435095,-2.654558
-0.855161,-1.901030
-2.651656,-2.716170
-2.813937,-1.987404
-1.107280,-1.759995
-1.107913,-3.341702
-1.656800,-3.533533
-2.018989,-2.838580
-1.443370,-1.917790
-2.083827,-3.384356
-2.934324,-1.823255
-3.787392,-0.621604
-3.034288,-3.269804
-2.133479,-4.145661
-2.295585,-1.786211
-2.141998,-1.050592
-2.945179,-1.279861
-1.784499,-1.636559
-1.780752,-3.157261
-4.236819,-1.569345
-2.262410,-1.396378
-1.361097,-3.306746
-1.582630,-2.200697
-2.320021,-1.710909
-1.833428,-1.507122
-1.763948,-0.701745
-2.894486,-1.087722
-2.342935,-1.233241
-2.576679,-2.291919
-3.173142,-2.892107
-2.753487,-0.896165
-2.072501,-2.348217
-1.648059,-0.514427
-1.373705,-0.724047
-3.081972,-1.723431
-2.227352,-1.382580
-1.505854,-2.901873
-1.579618,-2.320157
-1.623146,-2.108187
-1.739151,-0.993181
-2.826539,-1.875401
-4.176002,-0.519465
-1.365587,-2.036917
-4.306610,0.708196
-2.264037,-3.375289
-0.517234,-3.471808
-3.181670,-2.238143
-2.849020,-2.464552
-0.883568,-2.484684
-0.697496,-1.992423
-0.939193,-1.951365
-4.334575,-0.411107
-4.128900,0.142387
-1.600201,-2.695840
-0.949711,-1.648499
-2.488297,-0.205735
-0.780024,-3.030673
-0.152376,-2.836525
-1.329605,-2.167317
-2.443304,-3.312549
-2.285370,-0.752239
-3.176397,-2.935003
-3.018620,-1.718968
-2.692670,-1.797933
-1.415207,-2.087175
-1.372418,-2.794267
-1.358101,-0.475450
-1.515763,-1.644748
-0.137868,-2.167499
-1.366314,-2.765877
-2.832683,-1.947232
-3.266998,-1.394810
-2.185490,-0.746808
-2.146719,-1.144850
-3.983530,0.400074
-1.927007,-1.736760
-1.936364,0.265639
-2.312026,-2.600353
-3.688341,-1.674747
-2.070913,-1.624462
-1.931313,-2.117227
-1.003039,-3.865242
-3.832179,-2.209090
-2.081810,-2.230756
0.571691,-2.879314
-0.833298,-2.617775
-2.016353,-2.828507
-1.973812,-2.382542
-2.231760,-2.555192
-0.619635,-2.375908
-2.036163,-2.024150
-0.440758,-1.984843
-2.872139,-3.023570
-2.620967,-2.143227
-2.269590,-0.691979
-3.029988,-1.431419
-1.777924,-1.973470
-3.291944,-1.745809
-1.146948,-0.985129
-1.549371,-2.476700
-4.383965,0.142728
-0.696056,-3.361325
-2.920442,-0.022843
-0.943865,-2.640740
-1.441697,-1.746269
-1.219791,-2.285691
-4.960511,-1.651856
-1.853927,-0.827006
-1.012471,-3.708126
-2.024498,-2.706412
-1.489516,-2.885227
-1.993763,-0.518584
-2.631231,-0.374968
-2.570994,0.602322
-1.428329,-1.140706
-2.475244,-1.740995
-1.450640,-1.536842
-2.979012,-0.440534
-1.901761,-2.587718
-0.214542,-3.424524
-2.775971,-2.268666
-2.181554,-1.362112
-0.875939,-3.445805
-3.536860,-1.096321
-1.935050,-1.904493
-1.632840,-1.678456
-2.177634,-0.557783
-1.466570,-2.009564
-2.786480,-1.331853
-1.305399,-2.551023
-1.827535,-2.876693
-2.284800,-1.903517
-2.927620,-2.623607
-2.978104,-3.282161
-1.139063,-2.949871
-2.782170,-0.680980
-2.266555,-2.110190
-1.130091,-1.564130
-1.404643,-3.320895
-3.095801,-1.248126
-3.333948,0.024648
-3.813036,-1.812592
-3.342185,-1.507204
-2.801721,-1.561980
-2.746069,-2.360162
-0.434655,-3.414788
-2.192460,-2.701336
-1.880829,-4.794225
-2.580948,-1.674117
-1.370632,-2.416557
-2.743717,-0.986717
-0.549995,-1.317517
-2.154237,-3.255393
-2.214223,-2.041338
-3.083352,-1.442937
-2.289856,-2.575911
-2.627668,-1.228762
-1.836678,-2.313312
-2.700225,-2.737136
-2.454921,-0.441051
-2.068325,-1.997865
-0.273201,-1.999464
-3.089244,-0.516361
-2.094942,-0.674577
-3.317913,-1.538282
-1.496465,-2.035352
-1.799555,-1.447386
-2.433997,-1.319032
0.841320,-3.668484
-1.692019,-0.238767
-2.507928,-3.334978
-1.615387,-1.927933
-0.931286,-1.696920
-1.478745,-2.622140
-0.399811,-0.825878
-0.923448,-2.492821
-0.788241,-2.868794
-0.623435,-2.276621
-2.650702,-1.077777
-0.821589,-3.231615
-1.321413,-1.848195
-0.640891,-2.204047
-3.524982,-1.849419
-1.835486,-2.215850
-3.214587,-1.472234
-1.630261,-1.270680
-3.146266,-2.711055
-1.119616,-1.976151
-3.799654,-2.449736
-1.700842,-1.353154
-2.139935,-1.206490
-3.807745,-0.235708
-2.733692,-2.205804
-1.616346,-2.715628
-3.109688,-1.637920
-3.615798,-1.477368
-2.277881,-1.170053
-1.730663,-1.284698
-1.590004,-2.876123
-1.161206,-2.829782
-1.467900,-1.675645
-1.990280,-1.320303
-1.626444,-1.967882
-4.242646,-1.102896
-0.088841,-3.274246
-1.956006,-3.425725
-2.964566,-2.039810
-3.254627,-0.588904
-2.235328,-2.586252
-2.981819,-2.609102
-0.639475,-4.914679
-3.446905,-1.477234
-0.802085,-3.286716
-3.380689,0.472583
-1.716027,-3.102438
-1.765815,-3.144450
-2.638913,-1.697035
-1.704126,-3.632141
-3.623380,0.362127
-0.652424,-2.135216
-1.070557,-3.066554
-1.695306,-2.122368
-1.119870,-2.751639
-0.674225,-3.702507
-2.643668,-0.330980
-2.160202,-3.365734
0.199394,-3.581924
-2.048256,-1.566071
-3.387658,-0.459448
-2.896215,-2.501165
-3.488350,-0.675608
-1.188636,-2.603507
-2.664721,0.799920
-0.571924,-2.252705
-1.796956,-1.215452
-1.932201,-1.452914
-4.018869,-1.730301
-2.896849,-2.272663
-1.598026,-2.401003
-1.417886,-3.163502
-1.083584,-3.509696
-2.010550,-1.123997
-0.669803,-2.002406
-1.783335,-0.783276
-0.310836,-3.377913
-3.388588,-2.329936
-4.409081,-0.227481
-2.007623,-1.065632
-1.394713,-1.219459
-4.282711,-0.826901
-1.642747,-1.441576
-0.053610,-2.882116
-2.835960,0.119847
-1.609975,-0.850566
-2.969370,-2.350246
-1.675838,-2.579786
-1.991732,-2.102498
-1.597645,-2.183512
-3.195651,-0.590237
-3.641445,-2.552476
-1.565682,-1.347483
-2.507253,-0.347645
-2.055795,-1.530270
-0.994897,-2.160085
-1.081573,-2.237533
-2.028480,-1.956578
-2.586497,-0.852296
-2.493600,-2.004127
-3.221162,-0.445874
-2.606783,-1.312270
-1.221737,-2.423317
-1.265163,-2.297059
0.627427,-5.028241
-2.464788,-2.489641
-2.526156,-1.896067
-2.270645,-2.280881
-2.568714,-0.885314
-2.226999,-1.711010
-4.270297,0.112887
-1.983009,-3.190052
-1.968451,-0.400330
-1.408010,-2.876886
-1.750773,-2.373324
-0.065701,-3.127572
-3.983059,-1.921496
-2.713647,0.331185
-0.428090,-5.745228
-1.226859,-1.457100
-2.240257,-1.738359
-2.900853,-1.907241
-3.158034,-0.945582
-0.983495,-3.811983
-2.464411,-1.825269
-1.557957,-2.239110
-2.925768,-2.304613
-3.125136,-1.005986
-2.314768,-1.587850
-1.189007,-1.899350
-2.033636,-1.893047
0.565248,-3.745296
-1.474847,-1.770220
-3.012895,-0.163738
-2.190110,-2.096317
-3.945648,0.429033
-2.273015,-1.909925
-2.198902,-3.751784
-3.707069,-1.072314
-1.888211,-2.217847
-3.624254,-1.142038
-1.966789,-1.521048
-1.540261,-3.938203
-1.258940,-2.497390
-2.160425,-1.958658
-2.993381,-1.863415
-1.909075,-2.204467
-0.130535,-1.567770
0.491335,-3.250654
-2.288739,-0.902973
-1.416218,-1.250203
-1.415490,-2.192071
-2.179549,-2.052762
-2.579906,-2.368853
-0.634774,-1.784912
-4.235559,0.755515
-2.595867,-1.152102
-2.122193,-1.334015
-2.128232,-0.334818
0.179824,-1.352026
-2.050446,-1.810958
-1.846951,-2.562131
-2.215215,-1.147629
-2.716916,-1.737920
-0.558473,-5.237060
-1.843567,-1.820552
-1.982984,-2.709918
-2.310760,-1.796872
-2.395098,-3.220408
-0.802835,-2.264573
-0.834508,-2.501837
-3.596192,-1.194870
-1.121243,-1.891407
-3.390061,-1.254734
0.031549,-2.776673
-2.305321,-1.294050
-3.385480,-1.799628
-2.481422,-1.803845
-2.122483,-1.078479
-2.546439,-0.855000
-2.075017,-1.640821
-2.629780,-1.994526
-1.477972,-2.119691
-2.888829,-1.762164
-1.905259,-3.770040
-1.177430,-3.362127
-1.754638,-2.528199
-1.862695,-3.949848
-2.046123,-1.826909
-2.130574,-1.054388
-2.282458,-1.602874
-2.046614,-0.529327
-1.028851,-2.200888
-1.349930,-2.431036
-3.063082,-1.210585
-1.405083,-3.054129
-1.711742,-3.362470
-2.778738,-0.688891
-1.869044,-3.115348
-1.567098,-3.152629
-3.053276,-1.056814
-3.865902,-0.173837
-1.037592,-2.034638
-0.459390,-3.352162
-2.041291,-4.140839
-1.480726,-1.684498
-2.138398,-1.767867
0.173129,-4.328092
-1.563632,-1.815106
-0.668803,-2.501541
-1.708516,-2.590784
-3.051922,-2.137504
-3.391104,-1.963537
-2.685134,-1.550337
-3.399401,-3.665738
-1.593499,-2.616723
-3.359108,-0.676812
-1.017684,-2.148658
-1.046409,-1.921378
-2.676114,-2.223443
-2.511697,-0.887267
-2.866763,-1.315353
-1.560351,-0.519161
-2.347759,-2.050884
-3.003554,-0.329337
-0.742304,-1.522570
-0.693228,-2.777607
-2.457016,-0.471239
-1.840884,-3.399676
-1.846384,-1.448868
-0.915569,-2.782649
-0.207358,-2.731798
-1.587268,-2.576759
-2.362919,-0.865878
-1.895708,-1.074809
-1.630478,-0.921989
-0.548201,-3.511366
-2.021094,-2.197877
-2.323788,-1.462216
-3.306252,-1.877621
-4.180600,-0.210373
-2.351459,-1.854782
-2.337661,-2.197249
-1.888182,-1.531721
-0.084311,-4.244237
-0.521999,-1.156933
-1.994814,-0.505127
-2.442164,-1.475479
-1.753882,-1.123143
-3.364621,-0.333328
-0.998238,-2.077187
-1.065931,-2.543671
-2.644073,-1.464003
-1.443678,-3.010873
-2.252768,-2.800825
-2.391613,-3.060351
-2.345261,-1.321398
-2.423050,-1.962847
-2.196192,-2.632754
-3.116411,-2.241429
-2.389391,-2.244307
-3.258484,-0.214733
-2.552626,-2.553397
-0.571258,-2.932942
-3.353326,-0.237721
-2.056933,-1.753321
-1.987548,-1.809114
-1.893418,-3.080149
-1.347890,-1.158692
-3.289640,-1.943783
-1.414501,-1.856502
-2.418004,0.209291
-1.405399,-1.770370
-2.275740,-1.843988
-2.016681,-1.908694
-3.719956,-1.684513
-1.635717,-0.824865
-2.955478,-0.475549
-0.955986,-2.267236
-3.405002,-1.110138
-2.412335,-1.792935
-1.625856,-2.689313
-2.570429,-2.347807
-1.507668,-3.381938
-3.016877,-2.448936
0.606213,-3.233709
-1.219529,-2.974480
-3.517855,-1.920404
-1.069698,-3.562885
-2.843338,-1.178309
-2.140717,-2.154706
-1.770900,-0.797254
-4.658284,0.510198
-2.821877,-0.178858
-3.336221,-2.873773
-1.841872,-2.496392
-2.409464,-1.788003
-0.497250,-1.472740
-4.144326,-1.878497
-1.441110,-1.927967
-3.362587,-1.057389
-1.766092,-2.139124
-3.340945,-2.194592
0.372644,-3.118093
-0.081240,-1.796100
-1.344603,-2.840355
-3.385195,-2.746762
-4.678134,0.283137
-1.857011,-3.309356
-2.167861,-1.541285
-1.705085,-3.666857
-3.241732,-1.413975
-0.583517,-3.564405
-0.677080,-1.372890
-1.701888,-2.606338
-2.475489,-2.095380
-2.890316,-2.126556
-1.589342,-2.003844
-3.278316,-1.307871
-0.711391,-1.747377
-1.550480,-2.506261
-3.449559,-0.482984
-1.872018,-2.301142
-1.133358,-2.415859
-0.810519,-2.410973
-1.895440,-1.869086
-4.222505,-1.226574
-1.702109,-1.659809
-0.990768,-2.058116
-1.382476,-2.325901
-1.812158,-2.026057
-2.080024,-1.951941
-1.922318,-2.742387
-2.247299,-1.699995
-1.228934,-2.427682
-0.821697,-1.622863
-3.461170,0.850217
-2.747609,-0.438223
-2.767811,-3.131250
-1.450689,-3.226051
-2.917865,-0.826003
-2.351429,-3.493757
-3.740917,0.274231
-3.054623,-1.481038
-2.051891,-2.291974
-1.132824,-1.021389
-0.977694,-3.063570
-2.370935,-1.745882
-3.729799,-2.005846
-4.316651,-1.053868
-1.246025,-3.203429
-1.226922,-2.348574
-2.210556,-1.675887
-0.841805,-3.297648
-1.400952,-1.366774
-1.981394,-1.635948
-4.279624,-0.880483
-2.231814,-2.904036
-2.553865,0.228708
-3.050044,-0.402559
-2.558545,-1.899497
-3.307033,-1.974335
-1.097284,-3.322588
-3.890918,-0.622537
-1.528428,-2.183800
-2.152211,-0.595768
-1.078063,-3.018612
-2.032052,-1.643183
-2.339757,-0.840159
-1.445889,-1.401732
-2.394801,-0.716817
-1.185589,-2.101513
-3.299245,-1.214605
-1.331560,-1.103694
-2.387297,-1.700555
-3.501035,-0.969464
-0.920696,-3.858472
-2.723466,-0.755840
-1.528422,-1.410449
-2.255673,-1.966665
-2.914248,-1.467777
-2.821932,-1.972800
-1.519599,-3.346129
-2.301404,-2.346549
-1.539893,-2.613548
-2.712981,-2.838070
0.384467,-3.984499
-2.805687,-2.564548
-2.160602,-1.404946
-0.758593,-1.282041
-3.298705,-1.100366
-2.399486,-3.058395
-2.937234,-0.815946
-3.779767,-2.354184
-2.928183,-1.581464
-2.245410,-1.233365
-2.330788,-2.366548
-2.763380,-2.072531
-3.270648,-1.451001
-2.392593,-2.353200
-2.653350,-2.378411
-0.151996,-1.553475
-2.546389,-1.084162
-2.292418,-1.401941
-1.544657,-1.698623
-0.486043,-1.918422
-1.703361,-1.494934
-3.116986,-0.391807
-0.688324,-2.092131
-4.442205,-1.504317
-1.766055,-1.942506
-2.394293,-2.851649
-2.159815,-3.689309
-2.140370,-0.486073
-3.192258,-0.837312
-1.700525,-1.229551
-2.272956,-2.676326
-1.417971,-2.406481
-1.145323,-2.381381
-0.947773,-3.294881
-2.284960,-1.582528
-0.995842,-2.269110
-3.271821,-2.817176
-2.605415,-1.816782
-1.960330,-2.869596
-1.028061,-2.765356
-2.396286,-1.450541
-2.531549,-0.887047
-0.720180,-4.196340
-3.663893,-1.605491
1.284329,-3.452879
-2.598402,-2.084654
-0.950562,-2.420032
-2.250357,-1.422441
-2.476830,-2.803753
-1.436281,-1.498574
-1.230122,-2.168809
-1.248957,-1.949799
-1.144498,-2.841815
-2.733043,-1.942407
-2.328808,-1.700743
-2.300637,-2.377117
-3.336289,-1.608841
-2.666887,-2.182321
-1.621263,-1.735874
-3.287945,-3.788251
-1.914458,-4.243540
-2.061318,-1.943694
-2.009579,-2.616878
-2.915165,-2.532154
-2.790409,-1.134471
-1.390993,-3.027426
-2.576655,-2.804132
-2.098262,-0.936267
-1.631409,-1.428043
-5.234171,-0.644222
-2.716511,-2.626607
-3.228466,-0.525225
-1.525610,-2.734747
-2.931127,-0.616588
-1.757320,-0.754601
-2.264506,-0.611486
-3.017532,-3.236352
-2.421918,-2.242541
-3.568094,-2.202225
-2.623002,-1.188457
-1.997017,-1.384221
-2.141844,-2.191145
-2.686339,-0.720501
-2.637816,-1.444709
-2.101476,-1.911764
-1.180078,-4.201047
-2.832032,-3.045392
-2.351747,-2.542513
-1.849200,-1.980796
-0.228197,-3.446726
-2.772087,-3.550719
-1.411030,-2.209298
-1.881996,-2.584656
-2.372873,-2.106370
-2.431870,-2.894591
-0.609113,-1.506808
-2.019950,-1.710926
-1.640773,-2.753915
-1.365027,-1.760775
-3.265408,-1.188942
-2.097236,-2.137798
-2.425933,-1.105480
-1.417275,-1.573079
-2.834262,-1.936863
-2.095372,-2.081148
-1.257131,-2.968179
-2.439023,-0.466065
-2.401326,-0.819531
-2.480800,-2.120563
-3.311392,-2.334935
-0.865755,-2.029489
-1.253844,-2.106180
-1.410498,-2.039334
-0.030342,-2.697860
-1.714472,-3.647364
-3.056281,-0.946538
-0.950959,-1.481395
-2.857886,-1.591615
-1.346663,-1.579426
-0.443791,-2.112753
-2.051784,-2.819705
-2.573992,-0.691403
-0.514837,-3.591988
-0.643701,-2.557961
-3.220370,-0.241911
-0.897138,-2.212921
-1.993284,-2.080501
-1.527380,-2.367935
-3.140633,-3.263565
-2.091209,-2.046408
-3.303720,-2.703012
-2.429104,-1.542289
-3.243363,-2.385764
-1.868195,-4.006792
-2.299250,-2.045820
-2.571522,-2.820930
-2.200301,-4.295791
-1.159740,-3.490297
-1.515628,-2.551997
-3.004081,-1.684899
-2.034173,-1.187566
-2.751069,-0.759145
-2.603488,-2.476550
-2.424144,-1.952144
-3.146439,-0.762292
-1.153499,-1.430573
-1.583849,-2.419347
-3.607067,-0.126698
-2.222504,-0.273706
-1.067685,-2.023540
-0.691862,-1.268199
-2.878567,-0.378141
-3.252444,-1.443147
-3.939631,-0.964751
-2.709481,-2.004479
-1.872581,-0.382346
-2.233507,-1.451412
-1.851373,-2.048165
-0.892568,-1.474083
-2.861305,-1.486103
-0.594358,-0.489751
-1.509216,-1.037832
-1.263887,-2.262516
-1.726823,-2.808488
-3.135197,-1.760396
-0.625052,-2.689721
-1.717217,-2.562784
-1.074837,-4.194460
-2.307902,-1.925676
-3.237230,-1.662492
-1.832944,-2.120571
-1.524465,-1.878026
-0.803542,-2.684162
-3.398162,-1.425172
-2.168301,-1.474322
-2.509159,-1.489350
-2.173133,0.283421
-2.384383,-1.301705
-2.668703,-2.644836
-1.340806,-3.813159
-2.326502,-1.866228
-4.575115,-1.930072
-1.818576,-1.748034
-2.705755,-1.150921
-2.227906,-1.596062
-2.390478,-1.628804
-3.543742,0.121587
-2.540007,-2.198118
-0.948506,-1.541374
0.180452,-4.123653
-1.728374,-1.771541
-1.471778,-1.012411
-2.117103,-1.947005
-2.057859,-0.409309
-2.089055,-0.899401
-1.749020,-2.125575
-3.023326,-0.449963
-1.774121,-2.193329
-2.335086,-0.538687
-1.089397,-2.548011
-2.025976,-2.039560
-3.270850,-0.966689
-1.909031,-2.905960
-2.216461,-2.518785
-1.696062,-3.193908
-1.661145,-3.099687
-3.325581,-2.634401
-1.442329,-2.657801
-3.117702,-1.128225
-1.911191,-2.176755
-0.091094,-3.249813
-2.127455,-1.058049
-4.819389,-0.479133
-0.358397,-2.935735
-2.200540,-2.785088
-2.064466,-2.553878
-2.362795,0.624607
-1.321837,-4.154712
-1.687132,-3.002396
-1.425722,-2.768512
-2.289836,-3.063777
-0.337589,-2.116073
-1.894756,-2.513875
-0.914871,-3.548346
-2.534390,-0.870058
-3.304231,-1.899366
-0.377062,-2.489502
-2.844806,-1.413657
-3.340253,-1.862744
-1.730990,-3.886472
-2.204684,-1.578598
-1.937770,-2.842622
-4.220626,-0.038505
-3.275276,-0.871073
-0.858040,-1.725300
-2.696184,-1.327926
-1.721672,0.241978
-1.129895,-2.398368
-2.112884,-2.821657
-0.370486,-2.037181
-0.165781,-3.326359
-0.399071,-1.828434
-1.945513,-2.418495
-2.920835,-0.202365
-2.077069,-1.117119
-0.691001,-2.567286
-1.647152,-1.991924
-2.974890,-2.135619
-2.607444,-1.578913
-0.999479,-3.147086
-1.720526,-1.685842
0.262389,-3.874253
-1.151779,-2.038347
-2.165075,-2.168307
-1.679575,-1.987015
-3.231828,-1.659283
-0.967709,-1.562945
-1.503643,-2.129107
-1.788412,-3.926095
-1.444102,-3.245790
-2.325826,-0.524647
-0.603246,-3.937999
-2.656980,-1.448373
-2.966235,-0.360264
-1.857513,-2.321157
-2.373797,-2.472160
-2.442169,-0.815402
-2.272123,-1.485303
-0.866118,-2.629689
-1.110671,-0.887059
-1.241625,-3.481671
-0.734935,-3.483084
0.100414,-2.914912
-3.025721,-1.133911
-1.884142,-3.639960
-1.077750,-2.296879
-0.364104,-1.727320
-3.290568,-0.708608
-1.884608,-2.684588
-3.712583,-0.944113
-2.798291,-1.179917
-3.028162,-1.792236
-1.723775,-2.300407
-0.828608,-1.922167
-1.626606,-2.950426
-2.594205,-0.240868
-4.329367,-1.578907
-2.128690,-1.781028
-1.351295,-2.324245
-1.640627,-2.197381
-4.787545,1.104676
-1.900407,-1.278373
-2.705459,-2.392574
-0.588551,-3.440740
-2.748744,-3.214858
-3.357594,-0.535403
-4.362520,-1.869343
-3.505689,-0.979516
-2.983028,-0.802103
-2.165273,-1.380210
-1.955077,-2.691437
-2.423181,-3.048729
-1.932088,-2.764703
-0.475175,-3.066159
-1.883662,-1.870295
-2.722940,-1.514920
-1.035077,-2.660981
0.476649,-4.584744
-2.139193,-0.813882
-2.662182,-3.579205
0.599501,-3.961449
-0.684792,-1.297909
-0.606780,-3.050884
-3.336408,-0.457130
0.764962,-1.992351
-3.482452,-0.744794
-2.294404,-0.875934
-3.246662,-2.135082
-1.550371,-0.988913
-2.238358,-1.364491
-1.987086,-2.916893
-0.259428,-2.983108
-2.479398,-2.861981
-3.139050,-1.447861
-1.505191,-2.991057
-1.603769,-1.938209
-0.736769,-2.252857
-2.676686,-1.837976
-2.072933,-2.349698
-1.297104,-1.183022
-1.530333,-2.280201
-1.129032,-2.339013
-1.574566,-1.095816
-0.936612,-2.372812
-3.313537,-1.124080
-1.794686,-2.014576
-1.706457,-2.116224
-2.640201,-1.473775
-1.761188,-1.972150
-1.829167,-2.520547
-1.242635,-2.799507
-2.522331,-1.746806
-1.378228,-2.717989
-2.279904,-1.592127
-4.259055,-0.397361
-1.480173,-1.740530
-0.434280,-1.637501
-1.723426,-1.715430
-1.507147,-1.474215
-0.293626,-2.134527
-1.871445,-1.470096
-1.191927,-2.470830
-0.573874,-2.250482
-0.805906,-3.039920
-2.444927,-3.117701
-0.965159,-2.585248
-1.558144,-3.111026
-1.865905,-1.219253
-2.595538,-1.451039
-2.129108,-1.752146
-0.962770,-2.757791
-0.787641,-2.598083
-3.199131,-2.965069
-3.108956,-1.413076
-0.998273,-2.045824
-1.559905,-1.842683
-1.032343,-2.163988
-1.968322,-1.626761
-1.030509,-1.339721
-4.721710,-1.482007
-3.342118,-1.737623
-3.330231,-2.447445
-2.767333,-2.068904
-1.818696,-2.613398
-1.717565,-2.989844
-1.732275,-2.421656
-1.349486,-0.789805
-1.116627,-2.756664
-3.023583,-1.685309
-0.999786,-4.909492
0.693059,-3.152942
-2.153886,-1.090138
-3.137660,-1.437811
-3.826762,0.162229
-1.381976,-1.508022
-1.910376,-0.754578
-3.383718,-0.969528
-2.616566,-2.292629
-0.171468,-2.991735
-3.819937,-2.162303
-1.350838,-2.593079
-1.108605,-0.846394
-1.542709,-2.628598
-2.737895,-1.612309
-1.856208,-2.730852
-2.289612,-1.886078
-2.412316,-1.230226
-0.350962,-5.400565
-1.076325,-1.943672
-1.248334,-2.377075
-2.248179,-1.211554
-2.099960,-3.048127
0.621887,-1.650952
-1.474119,-0.685298
-0.654346,-2.097335
-1.601544,-2.427404
-2.191720,-2.687716
-1.271104,-2.768004
-1.428214,-2.445066
-0.920688,-2.371851
-0.783193,-1.579873
-2.007248,-2.094933
-3.636342,-0.858938
-1.998096,-2.702878
-2.544635,-2.190545
-2.695901,-1.350678
-2.363408,-0.910407
-1.924664,-2.812310
-1.711198,-2.279934
-2.066706,-1.488163
-2.312940,-2.368239
-1.232792,-2.248854
-1.156807,-2.282958
-1.746561,-0.719523
-1.746145,-2.579009
-0.468682,-4.474391
-0.919132,-2.575196
-3.274857,-0.144385
-3.213716,-1.497614
-1.083534,-3.158487
-1.890358,-2.970732
-2.781979,-2.403941
-2.915474,-1.483967
-1.910929,-1.989285
-0.963039,-1.771412
0.032314,-2.748979
-1.239069,-1.840184
-1.749031,-1.400472
-1.778234,-1.983330
-2.902889,-1.001262
-2.975783,-0.672020
-1.542851,-2.811960
-3.389014,-1.850767
-2.869538,-1.496230
-0.779442,-3.013302
-1.679430,-2.892195
-1.400650,-2.484457
-1.466805,-2.142247
-2.605938,-0.852374
-2.537768,0.589117
-2.324941,-2.827680
-1.690427,-2.191219
-4.114976,-0.259827
-2.581275,-2.099886
-2.306964,-2.907422
-0.052771,-2.586298
-3.108155,-1.261447
-3.574369,-1.732537
-1.762732,-2.063006
-2.997665,-0.804795
-2.706748,-1.763212
-1.596414,-1.139226
-0.032024,-2.831901
-2.521136,-2.884817
-1.123617,-1.586302
-1.432616,-2.268044
-1.515773,-4.309893
-0.561113,-2.426079
-1.406131,-1.494173
-3.382032,-1.376120
-3.629252,-0.915127
-2.386593,-0.653915
-2.022990,-1.910347
-2.219808,-1.664754
-1.900082,-2.575819
-1.059948,-1.721835
-0.872878,-3.623964
-1.831776,-2.396322
-2.931139,-2.417110
-2.444473,-0.668573
-2.687770,-1.519789
-1.523169,-2.802032
-1.719618,-1.614196
-1.749356,-1.890191
-1.481061,-2.232613
-1.650211,-2.081838
-0.226232,-3.286664
-2.203175,-1.267862
-1.499915,-3.210216
-1.082790,-2.587229
-2.918321,-1.778242
-2.488161,-0.209453
-1.934033,-1.695081
-0.809987,-3.719053
-1.370418,-3.539568
-2.067558,-1.176385
-2.570119,-1.188189
-3.247822,-2.341311
-0.987841,-3.221376
-2.741070,-1.706194
-1.167408,-3.524354
-2.053823,-3.670666
-3.309945,0.542816
-1.250055,-4.671997
-2.046660,-3.442674
-4.464568,-0.337752
-2.566001,-1.939795
-0.465515,-2.487138
-2.596884,-1.462684
-3.945288,0.180344
-0.647050,-1.437677
-1.535807,-0.836273
-3.473369,-3.541072
-0.108724,-2.808565
-1.363194,-2.383481
-2.892198,-0.928317
-1.261280,-2.749806
-2.296684,-2.111472
-0.978315,-3.377167
-2.641211,-2.801970
-1.563335,-3.153516
-0.324762,-3.547003
-2.477374,-2.066952
-0.611251,-2.981762
-2.423628,-1.477790
-1.739022,-1.667035
-2.376201,-2.541557
-2.135158,-2.256894
-1.496972,-1.618762
-0.870232,-2.952293
-1.374320,-3.543861
-3.134330,-0.408363
-2.968615,-2.689857
-2.832238,-3.240553
-2.655744,-2.591220
-2.402455,-1.436241
-0.756036,-2.862371
-3.914290,-0.288435
-3.813858,-2.289128
-2.689673,-1.879600
-1.469469,-1.935416
-2.597858,-3.019580
-4.047712,-1.402489
-1.208882,-2.663000
-1.905035,-1.666993
-1.541204,-1.310376
-3.017461,-2.168239
0.325555,-4.174468
-3.895903,-1.356470
-0.913290,-2.731855
-1.857142,-1.020573
-3.303201,-0.460714
-1.645512,-3.250605
-1.013600,-1.955191
-1.086126,-1.952297
-0.535875,-3.176965
-1.088481,-2.389410
-1.379295,-1.823175
-1.636340,-2.389633
-2.750765,-1.351127
-1.670261,-1.569264
-2.725936,-2.858876
-2.467190,-3.456261
-1.547888,-1.980800
-1.410577,-1.194766
-2.982456,-0.760809
0.407362,-3.736017
-0.891069,-2.227702
-1.942721,-1.401195
-1.239368,-0.370451
-3.091428,-2.188712
-3.143005,-1.287438
-2.393529,-0.063586
-3.177351,-2.100283
-0.930976,-1.728272
-3.700224,-0.237850
-2.352080,-2.828047
-0.872915,-2.894303
-3.350543,-2.136812
-2.032088,-0.595634
-1.719676,-0.627462
-2.125163,-1.509471
-1.620161,-1.020416
-2.730486,-1.799267
-2.149979,-1.416574
-1.304822,-1.672595
-1.726586,-1.568127
-2.804352,-1.921421
-1.509316,-3.205947
-1.133952,-1.274521
-1.772063,-1.854182
-2.935480,-1.423373
-1.115094,-1.833327
-2.774044,-1.789945
-1.600240,-2.314443
-1.663471,-1.092551
-2.952474,-2.031032
-1.164202,-2.526076
-2.545638,-2.298334
-4.035801,-2.212130
-3.064139,-2.482821
-2.895202,-1.369788
-2.843047,-1.547947
-4.081028,-1.784772
-3.065585,-1.542264
-2.116301,-1.466609
-0.295420,-2.707165
-2.282486,-1.600573
-2.270958,-1.603810
-2.958564,-1.512858
-2.438007,-0.989695
-0.927906,-1.225849
-2.293598,-1.511401
-2.549448,-1.555319
-3.050862,-0.970495
-3.243786,-1.824494
-0.243457,-3.353909
-1.763945,-2.428718
0.878028,-3.177402
-1.423262,-1.242164
-0.744667,-3.156684
-2.285939,-1.580094
-2.897172,-2.492743
-2.695880,-2.146800
-1.456790,-2.526703
-1.842444,-2.451974
-3.051417,-1.104633
-1.717789,-2.405232
-0.956142,-2.881295
-2.468140,-1.217876
-1.731007,-1.667516
-1.500501,-2.460251
-3.358008,-0.936068
-2.209996,-1.157106
-0.999861,-2.312197
-1.259923,-2.311015
-1.319970,-2.398969
-2.055942,-1.832120
-2.500853,-2.029802
-0.949109,-2.969285
-2.663425,-0.753331
-2.642771,-1.868116
-2.576754,-2.253742
-1.454613,-2.188289
0.438046,-2.708507
0.099783,-2.211068
-1.697880,-3.150902
-1.875380,-2.564043
-1.661330,-2.709240
-2.528138,-2.369282
-2.021970,-0.565811
0.611859,-2.756471
-2.540259,-1.202181
-1.419393,-2.413991
-1.472260,0.082174
-4.662580,-0.866040
-1.781260,-2.141216
-3.205481,-0.878374
-1.319041,-2.627171
-1.173033,-1.840453
-3.612436,0.522995
-2.205668,-0.558743
-2.593015,-1.805728
-1.192002,-1.711995
-2.741366,-2.240911
-3.520791,-1.253325
-1.462106,-3.414789
-1.778976,-1.248300
-2.499005,-2.057852
-0.914755,-2.314124
-1.749210,-1.909786
-1.728802,-1.971757
-1.125277,-0.449348
-2.542259,-1.845130
-2.626902,-2.322732
-0.545140,-2.205183
-1.703906,-1.177085
-1.080546,-3.894983
-2.670453,-2.153907
-1.306259,-3.772652
-1.515313,-2.071585
-4.011668,-1.040925
-1.858665,-3.592273
-2.433927,-1.441263
-1.579841,-3.250981
-1.926354,-2.141004
-1.011017,-2.811796
-0.783620,-3.167367
-1.645659,-1.953232
-3.234337,-1.136340
-2.990686,-2.989995
-4.637857,-1.222736
-3.202534,-3.346067
-0.417234,-1.847319
-2.498842,-0.516146
-1.007607,-1.341464
-1.877959,-1.432197
-3.747130,0.837452
-1.688097,-1.801474
-2.904780,-0.472748
-2.034185,-0.677881
-4.658567,-0.276238
-2.378225,-1.162188
-1.989672,-2.657710
-3.941841,-1.080399
-1.061221,-3.501764
-0.879769,-3.966113
-1.045436,-2.868518
-3.546454,-1.042804
-2.373569,-0.875169
-0.352976,-4.198946
-1.483635,-2.134907
-2.328278,-1.340895
-1.541573,-3.091747
-0.664961,-3.268654
-1.415674,-2.051658
-2.770401,-1.563370
-2.352214,-1.863605
-1.435772,-3.364390
-0.232945,-4.162800
-2.033544,-3.061593
-2.446289,-1.027430
-2.133747,-1.174629
-2.004486,-2.007590
-2.385345,-0.947382
-2.911572,-1.132036
-1.027219,-2.735678
-1.172451,-2.174014
-2.223522,-1.725037
-1.160157,-1.839167
-3.080365,-1.480123
-0.846466,-2.974088
-3.657916,-1.603873
-2.817833,-2.003142
-0.653743,-2.415073
-2.639358,-1.512933
-2.341967,-0.974513
-0.670736,-3.244993
-2.986618,-0.539568
-0.269994,-4.800655
-3.140948,-1.416217
-1.948057,-0.005841
-2.102851,-2.514989
-0.749525,-2.492231
-1.679182,-2.723055
-1.256231,-3.176333
-2.378957,-3.603026
-0.900591,-2.353219
-3.221599,-0.885070
-1.886190,-1.827828
-4.204596,-0.805254
-0.932750,-3.118845
-2.358079,-1.675288
-0.375868,-2.739324
-1.603180,-1.842442
-4.076401,-1.386887
-0.229075,-3.205361
-0.438030,-3.961848
-1.325316,-2.314831
-1.177150,-2.330884
-1.697000,-3.545079
-1.964059,-1.930660
-1.515869,-1.004555
-2.883232,-0.665151
-2.569886,-1.167975
-2.839538,-0.796580
-1.897976,-2.854489
-3.088322,-1.094764
-4.212215,-0.892225
-3.297022,-1.129464
-3.003568,-2.298163
0.332176,-2.852190
-1.127403,-1.887226
-0.938138,-2.075134
-2.234040,-2.976437
-2.087572,-0.967827
-2.627007,-1.517746
-1.019919,-4.049028
-1.521172,-2.737090
-3.037983,-1.079381
-1.471073,-5.119852
-1.654986,-2.858338
-3.034249,-2.418249
-0.575774,-2.970636
-4.137225,-1.826313
-0.778459,-2.110301
-3.270913,-1.654778
-2.982030,-0.973063
-2.923638,-1.780395
-2.836144,-2.329664
-1.674423,-2.622455
-0.918089,-0.675381
-4.410856,0.022951
-3.835947,-1.273206
-2.688610,-1.997042
-0.279075,-1.060166
-1.989784,-2.660059
-1.518330,-3.250937
-0.657277,-3.119871
-2.008562,-1.653721
-2.273794,-2.293585
-1.351654,-2.489342
-2.273270,-2.362496
-0.982073,-1.478478
-3.816335,-0.403896
-1.386079,-2.657021
-3.005539,-1.038134
-2.636284,-2.021249
-0.608840,-2.629606
-1.840822,-1.503342
0.397912,-2.565269
-3.122097,-2.685135
-3.041382,-1.332007
-2.265282,-2.212441
-1.938979,-2.108541
-0.120796,-3.013442
-1.874652,-1.679158
-2.646204,-1.232936
-3.021947,-2.448476
-1.238370,-2.676618
-1.960471,-1.638821
-3.264776,-0.829433
-2.284779,-1.656230
-1.889151,-2.321680
-1.379294,-2.737716
-1.886291,-2.265400
-0.540939,-3.558002
-1.271376,-2.790477
-1.026938,-2.923135
-2.055959,-2.570322
-2.062835,-1.561689
-1.672903,-1.758309
-1.442098,-2.157950
-2.463099,-2.536233
-0.723308,-2.111291
-3.008523,-0.278223
-0.781082,-1.791194
-2.362660,-1.301694
-4.025475,-0.834501
-3.076726,-1.737875
-0.173612,-1.224326
-1.510466,-0.640347
-2.269545,-1.328035
-0.968912,-2.053345
-1.981681,-1.937843
-1.824246,-2.276532
-1.960148,-1.916971
-2.734500,-2.822348
-2.530846,-1.592175
0.078940,-5.666824
-0.950677,-1.770727
-2.869873,-1.817279
-1.282578,-1.612879
-2.009218,-3.076738
-2.204543,-0.679388
-1.232338,-2.280049
-2.260173,-2.330494
-3.344137,-1.319833
-2.620680,-1.311244
-2.128227,-2.426999
-1.270517,-2.979385
-1.509975,-2.397509
-1.038815,-3.112860
-2.688211,-1.985063
-2.216927,-0.933508
-1.333781,-3.424625
-0.627615,-2.949305
-2.911309,-2.689818
-1.281151,-2.410527
-1.492742,-1.297104
-1.006857,-3.002040
-1.077374,-2.812473
-1.707324,-2.020918
-1.264500,-1.973172
-1.888705,-3.126567
-1.268116,-0.878015
-1.254773,-3.889779
-1.636919,-1.235856
-2.569378,-2.038618
-2.105821,-1.377847
-0.998516,-2.176639
-2.844956,-2.904741
-2.167765,-2.401298
-3.794545,-1.534406
-1.452999,-2.289794
-3.117486,1.072411
-1.786177,-1.864530
-3.027552,-1.984884
-1.330675,-1.313108
-1.147738,-0.902457
-1.658392,-2.430261
-2.580782,-2.720562
-3.124673,-1.209074
-2.522723,-2.075653
-2.877707,0.110363
-2.662630,-2.561564
-2.102793,-0.814231
-1.268620,-2.874774
-1.523063,-1.389959
-1.387910,-1.650047
-1.858366,-3.197062
-4.242365,-1.070077
-0.956936,-2.258111
-1.819096,-2.738214
-2.906929,-3.249046
-2.882525,-0.941591
-2.155424,-3.560880
-1.614718,-3.979585
-2.078192,-1.684565
-2.163852,-1.103562
-1.775085,-0.687073
-2.555912,-0.485693
-1.844688,-1.434573
-1.754905,-2.466094
-3.769346,-0.787769
-1.634818,-2.727255
-1.756561,-2.707986
-2.072320,-1.652647
-1.694991,-0.116932
-1.713789,-2.351773
-1.054443,-4.237864
-1.641586,-1.894831
-2.117010,-1.265910
-2.236154,-0.058158
-2.190276,-2.611851
-2.100237,-0.965939
-2.207131,-1.971864
-1.584497,-2.457738
-2.931748,-1.736514
-1.006556,-2.393851
-1.189990,-2.658846
-2.084849,-1.914741
-0.576489,-1.689605
-2.602168,-1.912239
-1.370487,-0.797288
-1.310844,-1.155804
-1.431591,-3.419559
0.841523,-2.865759
-0.439047,-3.386749
-3.019257,-0.009580
-1.684317,-1.032559
-1.162316,-2.319998
-1.969067,-2.164179
-1.577394,-1.247285
-3.490171,-0.776844
-1.466955,-3.352625
-2.946452,0.427228
-0.224418,-2.114573
-1.051382,-2.284012
-0.301602,-1.535528
-2.031148,-3.018662
-0.291200,-1.081923
-2.739754,-2.288461
-2.191082,-3.556597
-3.093040,-2.157503
-2.562486,-0.647429
-1.295320,-1.468558
-2.723129,-1.119961
-1.127996,-2.458470
-2.107350,-1.401196
-1.904867,-1.767979
-1.580624,-1.057285
-1.397391,-3.604197
-2.445059,-2.314930
-2.739199,-2.373956
-0.142368,-1.797136
-2.387013,-2.784229
-1.382350,-1.581229
-3.774556,-1.686516
-1.224368,-2.552926
-2.770581,-2.829426
-1.288466,-3.779137
-0.695602,-3.762869
-3.367386,-1.298457
-2.922413,-1.047891
-2.674056,-2.991683
-2.954878,-0.928695
-0.423525,-3.194620
-1.460259,-2.478420
-1.600094,-1.184170
-0.737807,-2.690311
-1.890096,0.410583
-2.728242,-0.910351
-1.462125,-0.985773
-1.353987,-1.850110
-3.954836,-0.154539
-0.686273,-4.174540
-2.672606,-2.164344
-1.846827,-2.448219
-2.958779,-1.987187
-0.790921,-1.802031
-1.219716,-2.054499
-2.023630,-1.999488
-3.570480,-2.291982
-2.107566,-1.339671
-2.922509,-1.452962
-3.226721,-3.225810
-1.332108,-2.492307
-2.350741,0.196520
-1.266416,-1.859553
-2.680495,-2.935464
-1.608351,-0.560364
-2.123294,-2.783963
-2.119739,-2.003053
-3.757432,0.763294
-3.559720,-3.335610
-0.949787,-1.197987
-1.658398,-1.519752
-2.582778,-1.903884
-3.370269,-0.440825
-1.377070,-2.601405
-3.976017,-1.503434
-2.197240,-1.729125
-0.282843,-2.950389
-1.782830,-1.338642
-3.013385,-1.042175
-2.231098,-3.193432
-1.436513,-2.552540
-0.873792,-2.542756
-2.099020,-3.663799
-1.407379,-2.408393
-1.353420,-3.534843
-1.703693,-2.795185
-1.939024,-1.423077
-2.108600,-2.930339
-1.859554,-1.622721
-2.824484,-0.029345
-0.980302,-3.160690
-2.820144,-2.030049
-1.359302,-1.966739
-2.215617,-1.782654
-2.156811,-3.288792
-1.775037,-2.316190
-0.704319,-3.247710
-2.685516,-2.006476
-2.211541,-1.512754
-1.944253,-2.471718
-2.140410,-2.715791
-2.721106,-2.124166
-1.074931,-2.427803
-1.759512,-2.178791
-0.779350,-3.743954
-4.345994,-1.434814
-3.384616,-0.354170
-1.640630,-2.563791
-4.204403,-2.073091
-3.092975,-0.641381
-3.750790,-1.997533
-2.967184,-3.361167
-3.528492,-1.454217
-2.103437,-3.830992
-2.348890,-1.579220
-1.220774,-2.516123
-2.204203,-3.555085
-0.862582,-1.492699
-2.613802,-0.930827
-2.392997,-1.970334
-2.354713,-1.079964
-1.828481,-1.972438
-0.849433,-3.630865
-1.572829,-3.639350
-3.039573,-2.225036
-2.149184,-0.818815
-2.249321,-2.356196
-2.616708,-0.830923
-3.575810,-1.505699
-1.883814,-2.334751
-1.868924,-1.506190
-1.451664,-1.212933
-2.199966,-2.849044
-1.818553,-2.971524
-1.739752,-2.529437
-1.687642,-2.080431
-1.076279,-1.874920
-1.434902,-4.791955
-2.405793,-0.671474
-2.754662,-0.608611
-2.131404,-2.127025
-0.538675,-3.313654
0.477362,-2.011248
-1.143936,-2.931497
-3.487604,-0.878424
-2.982246,-3.604538
-0.584930,-2.853533
-3.894293,-0.996858
-0.816155,-0.475392
-2.002827,-1.021098
-0.560374,-1.887253
-1.834444,-3.033561
-3.599648,-1.037290
-1.183725,-1.190090
-1.326752,-2.910056
-1.635906,-2.692823
-1.363936,-1.295967
-3.344346,-0.499814
-1.031742,-2.290220
-1.985611,-1.976491
-1.914958,-3.702128
-2.518344,-2.551115
-0.799443,-1.717893
-1.385696,-1.507211
-1.964549,-1.451614
-0.947198,-1.899890
-2.401386,-1.863016
-2.626349,-2.088894
-1.773300,-2.281972
-0.765380,-1.675900
-0.599181,-1.318299
-2.175420,-2.058910
-1.351948,-2.225643
-4.043362,-2.494574
-2.998277,-2.989819
-2.350443,-0.649871
-1.931287,-1.860318
-1.035430,-3.511856
-1.694339,-2.754666
-2.114473,-0.603823
-2.690476,-1.632930
-1.308542,-2.600934
-2.367287,-1.853695
-1.121604,-2.263140
-3.273897,-2.038037
-1.278724,-1.943374
-2.823853,-1.111580
-2.190120,-1.557342
-3.381060,-1.728149
-2.676182,-2.212676
-3.471479,-1.586868
-2.795512,-2.087989
-2.431974,-1.128737
-1.227087,-0.811978
-0.928557,-2.145372
-2.551814,-0.521829
-1.530698,-2.703900
-1.623870,-2.673430
-1.453147,-2.910096
-3.430621,-0.888617
-2.454373,-2.271058
-1.573681,-1.599648
-1.714729,-0.866978
-1.330460,-3.425908
-0.879959,-1.595124
-2.967286,-2.449775
-2.891108,-0.999299
-1.979264,-0.437185
-0.361758,-2.055009
-2.142700,-2.271220
-2.730193,-2.462308
-2.104088,-2.138604
-1.510733,-3.135659
-3.074480,-1.103198
-0.926583,-2.625258
-2.664943,-1.337059
-2.204469,-4.342039
-0.692717,-2.253025
-3.231870,-1.564177
-1.446787,-1.855410
-1.411936,-1.651744
-1.675002,-1.843401
-2.112430,-2.671496
-3.760508,-1.741461
-1.527819,-2.566524
-3.183063,-1.695821
-2.803110,-2.583410
-1.469526,-0.706760
-0.666657,-4.060729
-1.252984,0.196631
-2.873998,-1.855440
-2.484755,-2.742099
-2.174212,-0.779683
-3.382912,-0.947164
-0.553180,-1.951854
-3.689765,-1.298110
-1.279990,-1.930488
-1.765735,-2.202621
-1.288880,-3.833442
-2.270202,-2.428574
-1.162861,-3.151283
-1.225992,-2.745940
-3.010158,-1.291107
-1.094152,-1.832150
-2.236246,-0.965746
-0.041156,-4.407149
-1.917651,-2.907933
-3.184165,-1.359293
-0.672803,-3.081029
-2.454620,-2.467808
-2.616066,-0.853052
-2.214982,-1.301052
-3.021319,-1.134086
-1.028391,-3.178829
-1.097216,-3.964841
-3.952453,-1.148131
-0.648519,-2.681859
-3.580719,-2.085592
-2.489650,-2.058743
-2.437625,-1.865048
-1.058032,-3.423325
-1.570096,-0.486200
-2.533083,-1.857843
-1.057621,-3.100831
-1.519369,-2.174852
-1.708573,-1.811847
-0.833927,-1.456955
-2.858952,-1.847743
-3.444993,-1.711018
-1.660318,-3.140668
-3.239786,-0.938966
-1.373490,-2.462406
-1.674854,-0.735965
-0.071911,-2.664777
0.243516,-3.337230
-2.399897,-0.385033
-3.025180,-2.039923
-3.180743,-1.886763
-1.415197,-3.041069
-1.562552,-2.196744
-1.232918,-2.437387
-0.792130,-3.169056
-1.257131,-1.729040
-3.050140,-1.119819
-1.040171,-4.434101
-3.044869,-1.098487
-3.066466,-0.036841
-2.156710,-1.714740
-1.320689,-3.310625
-2.533049,-1.812037
-1.890924,-1.079838
-2.060185,-2.371359
-0.806332,-2.358782
-1.559011,-0.253910
-2.201484,-1.895154
-2.548693,-1.739262
-1.188904,-2.722316
-2.134430,-1.341477
-1.852628,-1.083483
-2.315483,-1.413916
-0.781031,-2.973090
-2.412846,-2.708768
-2.174668,-1.307135
-2.090613,-1.353792
-2.230676,-2.016052
-3.458784,-0.392980
-1.011915,-5.415796
-3.960510,-1.873486
-2.136493,-3.079311
-1.544909,-2.068981
-1.832194,-2.983414
-1.315636,-0.052484
-2.925034,-1.988990
-1.882359,-0.373503
-3.692738,-1.850974
-2.687169,-1.771870
-2.232555,-2.141594
-2.819714,-1.533235
-3.229364,-0.773607
-1.520575,-1.907651
-2.009144,-1.390438
-1.217366,-1.448138
-2.863731,-1.148544
-2.843962,-1.419043
-2.081207,-1.093475
-2.626326,-2.193804
-0.819707,-2.886799
-0.845950,-2.099725
-0.034752,-2.648008
-2.471277,-2.383001
-1.710913,-2.492663
-3.030938,-2.194312
-1.331531,-2.992729
-1.615142,-1.668364
-2.427904,-1.961579
-2.122030,-1.712486
-1.723864,-2.159874
0.330026,-3.396541
-1.725548,-0.776470
-1.011947,-2.416553
-1.233052,-4.532579
-2.084130,-2.494536
-2.317851,-0.503805
-2.812712,-0.589397
-3.195980,-2.085719
-2.586231,-0.161877
-0.570913,-2.961040
-0.601724,-1.548661
-1.109319,-2.798090
-2.187731,-1.865624
-3.015004,0.706057
-0.338232,-3.174643
-1.573025,-1.592683
-2.590677,-2.221930
-1.302457,-3.099450
-1.798657,-2.007435
-0.652897,-1.641129
-2.026565,-1.099477
-2.398619,-2.638907
-3.261728,-1.731737
0.034620,-3.468997
-1.512751,-2.821511
-3.066202,-1.864177
-0.002736,-2.777840
-1.320831,-1.421824
-2.214424,-1.129930
-2.060236,-1.777158
-2.575279,-0.610249
-1.243391,-2.263608
-1.619936,-2.692670
-2.809453,-1.824985
-1.937785,-1.682112
-1.346286,-1.934030
-1.148096,-1.909273
-2.026763,-1.800391
-1.338967,-2.895656
-1.656540,-1.319039
-1.211059,-1.768232
-1.178531,-2.487306
-0.789035,-1.666796
-3.038124,-0.676169
-2.295101,-3.221873
-2.223841,-1.568622
-3.476369,-1.989993
-1.908066,-1.662948
-1.160608,-2.722867
-1.783121,-3.042233
-1.673532,-2.592567
-3.233662,-1.088110
-0.861026,-2.326084
-2.480281,-0.700271
-3.089690,-0.718050
-2.486696,-2.217179
-3.257668,-0.834496
-1.933602,-2.459406
-2.509516,-1.406939
-2.326381,-1.998154
-1.902300,-2.245766
-4.131732,-1.669500
-1.844064,-1.067774
-0.443527,-3.627951
-3.227017,-1.525951
-2.698552,-2.233426
-1.389858,-1.332553
-3.340824,-0.403939
-1.047619,-3.262852
-0.576742,-3.717244
-3.516895,-1.845988
-2.228763,-2.587425
-3.354037,-0.247276
-2.590148,-1.117257
-2.118711,-0.800648
-2.298764,-2.232422
-0.310690,-1.930578
-3.822330,-2.400872
-1.580108,-2.003809
-3.999554,-1.103122
-2.569096,-1.830634
-0.290712,-2.363858
-0.679612,-2.349604
-0.864056,-3.625957
-2.137007,-1.146215
-1.885641,-1.128940
-1.053870,-1.553742
-1.941436,-1.323757
-2.069162,-1.439402
-1.603809,-3.337844
-1.274164,-2.211520
-1.638284,-2.657792
-1.228155,-1.353973
-3.252680,-2.208625
-2.290006,-2.013416
-1.801941,-2.197414
-3.381760,-1.431745
-2.031250,-1.678114
-2.127445,-2.510878
-1.556179,-2.864460
-2.817971,-1.540367
-2.492629,-2.664342
-1.474524,-2.296120
-0.033696,-2.921411
-0.605073,-1.631939
-3.281141,-2.553707
-2.399358,-1.918666
-1.442765,-0.940499
-2.723387,-1.502339
-0.353881,-2.773341
-1.862491,-0.979607
-1.728722,-1.976169
-1.743305,-2.169847
-0.529251,-3.152480
-2.583090,-1.920762
-2.089099,-1.038339
-3.722604,-1.297448
-1.910754,-0.751346
-0.998743,-1.606338
-1.336492,-2.593800
-1.437975,-4.429284
0.054629,-2.635895
-1.714846,-3.058205
-2.725332,-2.018223
-2.111730,-0.024625
0.184147,-3.663886
-0.895634,-4.464494
-2.885504,-2.058194
-2.210433,-1.758506
-0.244029,-3.098558
-2.239526,-1.721647
-1.243938,-2.366392
-1.383468,-3.624559
-1.762855,-1.206992
-1.358288,-2.184702
-1.970347,-1.615349
-1.475522,-2.673726
-1.217694,-1.283918
-1.745373,-3.658417
-4.443063,0.752032
-2.153937,-1.203896
-2.218973,-0.882028
-2.108922,-0.764058
-1.608853,-1.318923
-3.540550,-0.263534
-2.706278,-1.873533
-1.680829,-1.966318
-1.616674,-2.290847
-1.535287,-0.944090
-1.041852,-2.537985
-1.093760,-2.140204
-1.893493,-0.429045
-1.558564,-2.295877
-2.367018,-0.974345
-0.189226,-4.498221
-2.598633,-1.611163
-2.181700,-0.776226
-1.514700,-1.884477
-2.751804,-0.229692
-1.425167,-2.759967
-2.491412,-2.443814
-3.249120,-1.395835
-1.376244,-1.551916
-1.777733,-2.558876
-2.497217,-1.911697
-3.785002,-1.130442
0.408865,-3.565868
-2.094152,-2.713479
-2.122784,-1.457825
-0.746745,-2.066366
-1.759121,-0.266306
-1.524677,-2.319054
-2.365545,-1.961402
-2.109986,-1.411590
-2.577969,-1.748525
-2.102269,-2.464826
-1.381743,-2.682206
-2.293831,0.332880
-3.369774,-1.094105
-3.376511,-2.670403
-2.060040,-2.328514
-3.493019,-0.246572
-2.078143,-1.990291
-1.482327,-1.986116
-1.151409,-2.298723
-3.183617,-0.703742
-1.765441,-2.309879
-2.970215,-0.890567
-1.067974,-2.123372
-1.501237,-2.732191
-2.601976,-2.205054
-0.228201,-3.322356
-0.565092,-4.361470
-2.464329,-1.116471
-2.310975,-2.584519
-1.338486,-2.085027
-2.502947,-2.732212
-1.455272,-2.979350
-2.265535,-1.629904
-0.247011,-2.405932
-1.136106,-2.422848
0.061407,-1.579475
-3.534705,-1.239708
-2.591223,-2.438005
-1.480234,-2.096820
-3.351026,-1.887361
-0.880847,-2.177387
-3.533106,-1.240021
-3.446457,-1.789135
-2.314561,-2.829847
-0.693986,-1.396741
-2.093420,-2.188511
-1.660800,-2.639018
-1.231410,-2.631786
-2.200477,-2.256931
-1.436365,-2.380799
-1.488453,-2.751682
-2.712281,-3.493815
-3.661187,-2.171465
-0.020953,-3.083710
-2.078283,-3.998200
-3.477211,-1.160808
-3.509625,-1.405646
-0.737525,-3.584119
-0.751710,-2.844036
-2.120715,-0.949578
-1.039962,-1.579701
-1.129556,-2.736343
-0.893865,-1.133509
-3.029904,-0.937939
-1.404070,-1.060352
-2.365639,-3.667426
-1.369238,-3.045260
-2.660567,-0.303659
-1.728726,-1.804694
-0.341806,-1.569664
-3.023786,-0.922664
-1.585502,-1.712990
-2.861176,-2.960205
-2.743526,-0.087836
-2.531968,-1.887638
-3.330443,-3.313439
-0.157423,-2.075479
-3.422318,-2.526381
-2.245817,-3.679472
-1.406685,-2.758479
-2.994475,-0.220414
-1.864845,-2.388177
-0.761558,-2.148122
-3.716629,-1.621640
-0.669128,-3.649389
-1.701002,-2.040332
-0.907476,-3.808141
-2.318038,-2.460763
-1.808663,-0.322804
-1.088924,-2.021877
-2.155764,-2.774407
-0.998867,-2.232504
-1.667366,-2.778691
-0.692448,-2.673623
-1.669264,-0.875708
-2.309958,-1.277134
-2.633104,-1.622832
-1.629767,-1.439041
-0.438831,-1.859487
-1.541929,-0.436908
-1.569815,-3.605764
-2.260391,-1.616047
-2.238857,-3.030506
-1.659559,-2.123316
-1.071999,-3.338380
-1.937350,-1.274953
-2.152639,-2.648413
-2.203163,-2.003602
-0.956484,-3.494025
-1.477843,-2.499374
-1.638804,-2.909638
-1.523036,-1.838575
-0.747929,-0.587176
-0.448729,-2.639585
-2.629493,-2.764730
-2.429036,-3.084437
-2.224068,-2.080920
-1.936702,-3.123423
-2.960342,-1.199360
-2.092998,-1.730134
-2.256865,-2.069682
-2.196131,0.432452
-3.243195,-0.735359
-1.412493,-1.494750
-0.488715,-1.800971
-2.825258,-1.454474
-1.930695,-1.442421
-1.112572,-1.853062
-3.233622,-1.029017
-1.640780,-2.464631
-1.831945,-3.835631
-2.104760,-2.855194
-3.761591,-0.694617
-2.708758,-1.919450
-3.640414,-0.553492
-0.587834,-2.741912
-1.623150,-1.173782
-1.812593,-2.079530
-0.276817,-2.887696
-2.116410,-2.007788
-1.942568,-2.339711
-3.198067,-1.727522
-3.446557,-2.158788
0.365152,-2.954424
-1.061262,-2.832944
-1.595814,-2.060012
-1.523008,-1.433982
-0.426813,-2.902256
-2.721699,-2.810560
-2.343037,-3.260853
-0.769260,-3.667376
-2.871087,-0.816291
-3.087319,-0.836730
-2.618841,0.065435
-1.141777,-2.787222
-1.446768,-2.698050
-3.756860,-0.884753
-1.532758,-3.587245
0.215175,-0.469795
-4.711977,-2.160974
-2.283472,-2.345487
-3.443682,-1.735321
-1.388162,-3.183325
-1.075192,-2.273263
-1.208647,-1.788106
-0.865342,-2.268899
-0.690589,-2.694657
-1.121269,-1.987095
-0.277729,-4.505527
-3.112721,-1.089123
-0.880162,-3.826826
-2.737650,-2.073262
-2.462951,-0.451949
-2.062837,-0.906322
-0.810279,-1.702598
-2.995962,-1.132915
-1.774821,-4.591919
-3.662612,-1.948452
-0.963588,-2.559330
0.342794,-1.908459
-1.466590,-1.055317
-4.171890,-2.366076
-2.652785,-1.363351
-1.958600,-2.066799
-2.090725,-0.263906
-0.928941,-2.993756
-3.317808,-0.889604
-2.067144,-1.715571
-3.457265,0.205625
-2.921411,0.665009
-1.652986,-2.046233
-4.348083,-0.793646
-2.273555,-0.955270
-1.950843,-2.429584
-1.438151,-1.859402
-2.906118,-0.354868
-0.157812,-2.336334
-3.155906,-1.089695
-1.887297,-3.020884
-3.870094,-2.009287
-3.177314,-1.274015
-3.957425,-3.463954
-0.803929,-3.875441
-0.830633,-2.410943
-1.295548,-0.770388
-2.769598,-1.880483
-3.290981,-1.172083
-1.548183,-2.449695
-2.876736,-0.072213
-1.902986,-0.136502
-3.476943,-1.751511
-1.654622,-0.722220
-0.692864,-3.322507
-1.010979,-2.860551
-2.311775,-0.345489
-1.509796,-1.828817
-1.571669,-4.176783
-4.482832,-2.543636
-1.066305,-2.256788
-3.609178,-3.227051
-2.885878,-1.975411
-2.416629,-2.207371
-2.300363,-3.499267
-1.070978,-1.692833
-1.822582,-2.554609
-2.032936,-3.253181
-1.025106,-2.753316
-3.642001,0.617540
-1.541221,-0.467283
-1.867924,-1.057448
-1.959253,-1.588724
-0.935183,-3.374787
-1.820842,-2.794123
-0.701088,-1.867901
-1.753063,-2.391396
-3.573594,0.349052
-1.477699,-1.463911
-1.632862,-2.791797
-1.562014,-2.188431
-2.878793,-2.070421
-2.050236,-1.345311
-1.677724,-2.487804
-1.769829,-3.739086
-0.646245,-2.633118
-1.489176,-0.583280
-2.007293,-1.940997
-2.825455,-2.241504
-2.591329,-1.026586
-0.993725,-2.634602
-3.322577,-2.008881
-3.140774,-1.309469
1.144962,-4.172998
-3.724615,-1.398931
0.111067,-2.783209
-0.792908,-1.862209
0.254463,-2.849306
-2.659269,-0.800168
-0.445465,-3.916942
-3.716031,-1.970968
-1.349409,-2.254142
-0.346049,-2.353449
-2.833791,-0.924018
-2.646114,-1.894360
-2.809562,-1.788158
-2.075787,-2.416622
-2.639672,-0.153269
-0.462178,-2.200197
-0.382461,-1.764669
-2.264097,0.456869
-2.393942,-1.886546
-1.550208,-2.074610
-2.326652,-4.082981
-1.633417,-2.325656
-2.282488,-1.320288
-1.537225,-1.293305
-1.580299,-3.091725
-5.418483,-1.765286
-2.687405,-0.749185
-1.550716,-1.553113
-3.351883,-2.107417
-1.396901,-3.083781
-0.167258,-3.841383
-1.969236,-0.865031
-2.442309,-2.307261
-2.233358,-1.845370
-2.702591,-1.342790
-2.901001,-1.360420
-3.028597,-0.793859
-1.648782,-2.684353
-3.265000,-2.005725
-1.353208,-1.577586
-3.023042,-2.127770
-2.940545,-2.401460
-1.471626,-1.148526
-2.629522,-2.502390
-1.737365,-2.068168
-2.404227,-0.512645
-1.218737,-3.105351
-2.643312,-1.961458
-3.105628,-2.242403
-1.712722,-1.259957
-1.958853,-1.865408
-2.953245,-1.490859
-2.553978,-1.476582
-0.762414,-2.335274
-2.633976,-0.207502
-2.526053,-0.963300
-2.361231,-1.732589
-2.459100,-3.606795
-0.635340,-3.350083
-0.687565,-2.898343
-5.125936,-2.099370
-0.064855,-1.749266
-2.778293,-1.333373
-1.246463,-2.167723
-3.482710,-1.786677
-3.092701,-0.508837
-2.300456,-0.675546
-2.047719,-1.506850
-2.626934,-1.730167
-2.691366,-1.568193
-1.218614,-1.217475
-1.762036,-1.824456
-2.031554,-2.334273
-4.402523,-1.061895
-2.646032,-2.555786
-3.117126,-0.944454
-2.511502,-3.323510
-4.029000,-1.298805
-1.955656,-1.112566
-4.158280,-0.392979
-1.472767,-2.954508
-2.432291,-3.451327
-3.625368,-0.792682
-1.547989,-1.824554
-3.780678,-1.379889
-2.917600,-2.298185
-2.142841,-1.564945
-1.473632,-2.292913
-2.258894,-1.822785
-2.504999,-2.859374
-1.362525,-3.251700
-1.413103,-3.160185
-1.889921,-2.021829
-2.407985,-1.435131
-1.834861,-1.628733
-1.622574,-3.210670
-2.025392,-2.671812
-0.193804,-3.230209
-0.229628,-1.958766
-2.894075,-2.607650
-2.560942,-1.405780
-2.500780,-1.996786
-1.924153,-3.537118
-1.573804,-3.794295
-1.716285,-2.335322
-0.208850,-2.888472
-0.909109,-0.663774
-0.532688,-1.234340
-3.625714,-2.333629
-0.809873,-2.872176
-0.934670,-3.961587
0.448361,-2.309649
-3.120931,-1.218052
-2.680825,-0.061267
-3.414453,-1.144878
-2.280793,-2.815799
-2.307799,-2.504758
-0.503978,-2.364425
-3.022839,-1.859575
-2.664378,-1.026804
-0.931506,-1.477733
-1.375709,-0.846770
-2.164152,-1.183976
-1.346836,-3.210267
-2.681233,-0.156831
-2.366143,-2.986794
-2.904085,-0.029272
-1.581173,-3.563375
-3.841711,-0.665906
-1.916053,-2.764472
-3.007984,-2.392292
-2.909133,-2.497604
-1.470639,-3.894996
-0.489451,-2.788185
-2.707220,-1.455482
-0.762153,-1.856050
-3.191092,-1.987594
-2.154101,-1.546913
-1.247693,-0.003299
-1.014005,-2.431571
-2.436469,0.154713
-2.810182,-2.497461
-0.032340,-3.141192
-2.232574,-1.639297
-1.755520,-1.265964
-2.279820,-1.333525
-0.966203,-1.994318
-1.016170,-2.016084
-1.365236,-2.045334
-3.197046,-0.142381
-3.412312,-0.959122
-2.260585,-2.094029
-0.028302,-2.902987
-2.243702,-1.258376
-3.634446,-1.500965
-0.188215,-2.570418
-1.831657,-1.953492
0.006610,-2.534485
-2.869124,-1.706476
-4.488005,-0.875463
-1.221236,-1.791803
-3.745335,-1.747800
-1.381696,-1.872505
-2.581245,-0.029831
-2.561751,-1.348563
-1.595596,-1.906284
-3.348908,-0.865113
-1.190801,-1.663946
-3.169328,-1.330567
-1.714644,-3.998799
-2.665026,-2.439572
-3.634552,-2.082183
-3.565843,-0.770953
-1.578857,-2.962300
-0.493737,-1.991559
-2.533223,-1.369926
-0.985797,-3.069246
-2.648096,-3.982854
-1.096700,-2.298060
-1.703447,-2.441542
-2.470552,-0.667497
-4.794979,-1.398570
-0.816487,-2.275372
-2.323866,-1.576667
-1.363010,-2.410539
-3.072256,-2.779736
-2.443527,-2.073503
-2.556055,-1.099289
-3.693900,-0.306173
-2.299225,-4.189432
-0.998754,-2.623895
-2.850684,-1.754519
-1.592529,-2.337535
-1.819095,-1.160823
-1.862459,-2.880172
-2.861907,0.645136
-0.970234,-1.887227
-3.250855,0.567813
-1.286895,-2.608293
-0.965360,-3.999587
-1.876871,-1.903373
-2.775689,-3.975984
-1.803545,-1.468284
-2.766408,-1.439444
-1.759694,-1.993801
-2.400842,-1.692608
0.710285,-3.313238
-2.209821,-3.014078
-1.604169,-2.284145
-1.742539,-2.797500
-1.537951,-2.100237
-1.139334,-2.523223
0.198300,-2.192414
-3.065988,-1.208682
-2.873987,-2.294183
-2.063848,-1.090744
-1.779504,-1.318212
-2.044602,-2.056781
-1.150585,-2.293511
-1.068340,-2.517301
-1.590607,-1.065410
-3.383730,-2.373073
-1.770119,-2.919367
-0.882869,-2.150530
0.620392,-3.195938
-2.771879,-1.042366
-2.264910,-1.660079
-1.574165,-1.299492
-1.506097,-1.893564
-0.979205,-2.488258
-1.549810,-2.022205
-1.026637,-2.524117
-1.177068,-1.258078
-1.977641,-1.529126
-1.461586,-2.226323
-2.587624,-1.766616
-2.028985,-2.777638
-2.260717,-2.392442
-2.648304,-2.142101
-2.366795,-2.578957
-2.978648,-0.996502
-1.716050,-1.688470
-3.496859,-0.422045
-0.117883,-2.700182
-1.072751,-3.423688
-3.200364,-1.134859
-1.363749,-2.354950
-2.355080,-2.338303
-2.146033,-0.625991
-2.926095,-0.522144
-2.020498,-3.234782
0.523040,-3.489925
-2.377960,-2.040956
-0.917262,-4.265839
0.249919,-2.808013
-3.203501,-2.102442
-3.777083,-0.945059
-2.126675,-1.521705
-2.070220,-2.232872
-2.169430,-2.110549
-2.071334,-1.639881
-0.995385,-1.903370
-1.080004,-2.529795
-2.140587,-2.728406
-2.090163,-2.570665
-2.617754,-1.476798
-3.661484,-1.289927
0.099925,-3.705166
-3.247452,-0.263753
-1.695310,-3.327610
-3.944113,-0.435267
-0.525856,-2.283724
-2.886169,-3.141184
-3.511639,0.096045
0.007043,-2.611251
-1.646564,-3.461464
-0.257972,-1.802521
-4.045353,-0.502588
-4.620612,-1.666393
-2.109510,-0.526317
-3.266168,-0.656935
-2.848795,-1.868319
-2.103887,-2.060329
-1.240658,-1.624686
-1.339566,-0.967262
-1.119097,-0.689590
-3.106195,-0.980605
-2.571199,-2.268788
-2.630003,-2.352516
-3.323938,-1.019670
-3.448647,-2.832647
-1.954490,-2.417172
-2.536299,-0.941213
-2.660556,-0.896795
-2.856128,-0.724742
-0.853307,-3.237006
-3.598987,-3.666202
-0.098785,-1.859479
-1.814906,-2.290440
-0.787115,-4.560119
-2.651820,-1.812928
-0.390977,-2.311641
-2.043260,-3.257674
-2.442519,-2.372440
-1.323674,-2.737432
-2.276114,-3.390806
-2.050771,-1.083306
-1.472897,-1.906938
-2.635496,-3.274458
-2.825919,-1.273267
-2.183931,-1.922396
-1.771726,-2.086225
-1.507856,-1.228613
-1.791178,-1.032281
-4.110828,-1.500555
-2.779084,-0.567818
-1.928191,-1.082242
-1.469385,-1.928030
-1.789966,-3.622087
-2.495188,-1.574279
-2.396302,-2.401345
-2.551939,-1.874401
-2.203019,-2.283665
-1.408902,-2.798111
-3.263230,-1.209734
-2.022894,-2.242212
-0.833627,-1.937132
-0.863455,-3.221921
-0.985885,-2.446887
-1.524829,-1.292885
-2.595344,-1.323058
-2.226742,-0.937500
-0.823185,-2.403683
-2.012702,-1.497828
-2.074214,-2.780137
-2.808481,-4.599794
-0.166067,-1.394678
-2.553000,-1.128539
-2.962300,-1.297730
-1.805711,-2.484525
-1.689456,-2.964246
-1.954079,-1.981458
-2.636205,-0.339147
-0.860704,-3.433749
-2.346666,-4.261657
-1.786948,-1.635831
-1.843321,-1.719773
-2.223983,-2.803757
-0.997765,-1.633448
-3.084797,-2.435937
-1.475751,-1.250467
-2.015934,-0.697255
-0.648001,-3.226215
-1.400910,-2.004118
-1.697927,-3.168642
-2.458219,-2.463534
-3.244244,-2.794906
-4.410820,-2.374379
-3.073968,-1.506944
-0.659667,-3.170340
-2.187713,-0.653784
-3.404181,-1.454257
-3.066426,-2.711617
-1.899621,-1.762278
-2.592966,-3.242718
-0.532053,-1.560632
-2.580971,-1.903705
-1.669846,-1.945539
-1.406956,-4.090279
-1.618095,-2.893208
-3.518287,-0.411059
-1.524085,-2.419395
-0.698475,-4.205615
-1.862065,-3.158481
-2.739054,-0.600866
-1.585064,-3.681774
-1.002670,-3.184064
-1.965251,-1.618615
-1.210678,-2.967688
-1.353135,-1.449925
-3.388117,-2.047147
-0.424125,-3.686887
-1.928621,-3.032332
-1.055164,-2.365290
0.226385,-2.378044
-1.062337,-2.305129
-2.179727,-3.338540
-2.500614,-2.753403
-2.139990,-1.885207
-1.322730,-2.525834
-2.954633,-1.155311
-1.169076,-2.430983
-2.524863,-1.760039
-3.339232,-0.960309
-3.615959,-1.038770
-2.846348,-1.373446
-3.245664,-2.780528
-3.719707,0.036643
-3.569386,-1.808296
-2.238311,-1.941110
-0.441446,-2.273269
-2.153756,-1.900405
-2.968391,-1.886292
-2.094590,-1.815228
-1.602510,-1.370187
-1.897383,-2.632590
-1.795821,-2.859941
-2.989995,-1.080696
-2.750264,-0.978714
-1.996468,-3.510495
-1.187936,-3.702923
-2.232709,-0.466499
-1.617044,-1.456044
-1.833279,-2.794549
-2.584376,-1.249359
-2.609602,-1.339171
-1.782797,-2.432946
-2.146052,-1.614086
-1.253793,-2.867910
-0.857716,-3.491399
-2.725535,-4.320335
-4.300079,-0.472216
-0.373352,-2.003727
-1.710701,-3.740688
-2.069598,-2.425375
-1.904952,-3.012352
-1.018432,-1.345078
-0.184841,-2.974555
-3.641314,-0.984883
-2.386950,-1.735012
0.098441,-2.879454
-2.290995,-2.229990
-0.421745,-3.057353
-1.828836,-1.565359
-2.887473,-1.925726
0.906756,-5.016695
-1.764650,-2.071533
-3.338885,-0.709843
-2.411245,-1.211662
-1.445812,-3.844371
-3.438766,-1.440700
-2.831676,-2.192270
-2.522721,-1.229856
-1.408770,-1.924646
-2.586039,-2.136227
-1.675795,-1.655095
-3.023652,-1.105068
-3.919372,-0.825145
-1.357264,-4.053798
-1.985369,-2.002607
-2.442803,-2.225253
-3.172061,0.682991
-1.059983,-3.041946
-1.699867,-1.614503
-1.537066,-4.177060
-0.192339,-2.303553
-1.028744,-2.162726
-2.599784,-1.579900
-3.330342,-1.897179
-2.700081,-3.516630
-2.480756,-2.311566
-3.867191,-0.074125
-2.383180,-0.964005
-1.436710,-1.571203
-1.790847,-1.733565
-3.945953,0.138217
-1.896830,-2.810986
-1.869468,-2.013349
-2.842223,-2.739772
-0.524065,-4.444657
-2.019249,-1.917561
-2.212136,-1.424861
-2.077739,-2.942940
-2.338195,-1.435689
-0.740865,-2.634360
-2.434084,-0.776449
-3.210561,-1.540048
-2.816600,-1.341241
-3.323803,0.217931
-1.513742,-0.770000
-1.286192,-2.163122
-3.529477,0.342666
-2.266061,-2.003754
-1.306228,-2.983327
-1.405977,-2.824232
-1.410197,-1.601054
-1.944444,-2.652187
-2.420020,-0.883284
-1.488716,-1.910382
-1.879668,-2.333517
-3.414604,-0.723225
-1.639590,-2.342530
-0.381929,-3.786022
-1.229913,-0.788701
-1.861045,-1.701039
-1.165717,-0.565680
-3.593863,-1.857135
-3.536946,-1.407981
-2.083807,-3.215931
-2.985016,0.171359
-2.547840,-0.416272
-2.758046,-1.561646
-2.436614,-2.079728
-1.582963,-3.057519
-4.229924,-0.152378
-1.828113,-0.094717
-3.070121,-1.717899
-1.302650,-2.578497
-3.242656,0.666199
-2.566840,-1.637335
-2.233986,-1.576769
-2.596107,-2.279301
-1.061202,-2.609991
-1.308269,-3.316842
-1.860276,-1.808930
-3.592792,-1.660258
-0.264310,-2.429375
-3.973926,-1.070159
-0.995234,-2.459204
-2.013939,-1.929548
-0.964102,-2.316202
-1.929636,-2.340414
-0.624648,-2.584011
-1.709624,-2.335527
-3.553815,-1.493026
-2.704011,-2.854141
-0.902404,-1.809377
-0.547267,-3.217051
-3.114331,-0.336916
-2.050278,-3.061455
0.452256,-2.889929
-2.536496,-3.265485
-1.654693,-3.423403
-0.377041,-1.234604
-2.557136,-0.958557
-2.120110,-0.046028
-1.736776,-0.822027
-1.876449,-2.986282
-0.959636,-2.746416
0.939892,-3.615189
-1.159327,-2.014385
-0.239035,-2.649718
-3.146130,-0.750960
-2.970185,-2.056049
-1.553303,-1.474410
-0.974400,-1.499222
-0.620030,-3.708622
-0.178128,-3.505709
-1.903452,-2.272419
-2.782738,-1.501017
-4.026410,0.834937
-2.363375,-2.311335
-0.992779,-2.570192
-1.048562,-1.960554
-1.968202,-2.110714
-2.175300,-1.976720
-1.205257,-0.725230
-2.256692,-1.319966
-2.735823,-1.372686
-2.674994,-4.344089
0.150041,-3.402098
-2.393383,-1.754604
-4.062931,0.028672
0.420591,-3.670097
-2.645368,-0.634547
-3.898648,-1.862232
-2.497015,-2.333011
-1.692859,-0.786827
-1.355390,-1.993007
-1.249718,-2.767797
-0.654182,-1.544817
-1.020732,-2.891032
-4.158340,-1.786621
-2.317918,-1.570970
-0.802028,-1.981867
-3.157074,-0.184940
-2.466454,-2.980474
-2.232696,-1.920956
-2.167947,-2.328939
-1.478993,-2.491945
-0.415465,-2.548123
-1.282938,-2.605025
-1.394060,-1.955740
-2.262144,-1.230818
-1.083938,-3.108519
-3.558541,-0.783345
-2.913775,-1.096367
-1.638457,-2.174983
-0.829353,-2.270773
-0.983651,-2.462687
-2.721237,-0.853032
-1.414364,-2.399930
-1.469815,-2.741516
-1.927447,-2.833800
-2.054123,-0.961935
-2.791103,-0.966780
-3.610766,-1.066133
-2.658191,-0.432248
-1.922962,-1.853972
-2.566532,-0.771598
-2.451569,-1.998669
-1.145380,-2.746305
-0.642857,-2.624919
-0.309906,-3.383106
-1.979971,-2.459443
-3.201647,-3.680623
-2.051151,-2.816540
0.300953,-1.179976
-0.599091,-3.004768
-1.767106,-3.145105
-0.269484,-2.602216
-3.353186,-1.267078
-3.307849,-1.727980
-1.313156,-2.007881
-1.502581,-3.236730
-2.002573,-1.960134
0.050336,-1.817363
-0.792836,-2.254392
-2.918711,-1.886659
-2.821486,-2.019098
-1.649328,-1.526612
-1.310829,-2.277691
-1.413338,-2.411020
-2.275237,-2.091401
-0.023581,-3.195529
-3.653997,-0.206391
-1.365047,-2.426861
-2.352717,-0.367740
-2.566953,-0.987867
-2.525685,-1.356029
-1.361324,-3.017227
-1.574063,-2.133380
-0.216823,-3.272139
-0.051056,-3.537609
-2.565697,-0.539464
-0.912494,-2.463903
-1.757102,-0.537122
-1.803658,-1.170223
-2.047470,-2.804594
-2.309397,-0.812457
-2.055577,-3.156256
-2.084843,-1.871379
-1.759627,-1.354543
-2.887094,-1.105054
-1.500886,-3.224794
-1.543345,-2.576816
-1.676752,-2.568009
-2.385454,-2.257622
-1.365032,-0.807322
-2.196444,-2.485221
-2.663136,-2.131950
-2.211649,-2.466796
-1.512775,-3.365806
-1.948580,-3.093138
-2.891798,-0.676828
-3.494798,-1.863531
-1.535849,-2.044970
-3.807644,-0.945068
-0.790715,-3.018659
-0.563609,-1.730578
-2.612238,-1.673443
-1.818416,-2.308202
-0.398794,-3.559233
-1.261881,-2.105362
-0.881366,-2.436103
-2.390371,-1.449903
-4.028105,-1.856633
-2.406786,-1.637961
-2.426757,-2.555052
-0.324381,-2.783299
-1.783218,-0.418164
-4.473993,-1.074144
-1.740745,-2.008525
-2.119729,-0.453433
-1.379279,-3.161717
-4.023727,-1.649364
-0.848822,-2.713398
-4.617624,-1.059422
-1.774390,-1.671210
-3.049544,-0.503728
-1.048038,-4.237878
-2.968079,-0.591659
-0.778257,-2.728247
-3.513241,-2.981225
-0.026433,-3.662789
-3.630853,-0.105390
-0.684944,-4.927477
-2.174536,-1.090686
-2.073748,-2.410142
-2.135082,-0.760044
-3.077944,-1.875967
-2.955275,-1.397739
-1.799359,-2.841312
-1.733094,-1.696592
-0.615454,-4.115298
-1.082679,-1.880949
-1.414901,-2.916081
-2.681365,-1.279034
-3.402802,-0.747358
-2.599363,0.662045
-2.187540,-1.394184
-2.075833,-1.107572
-1.522769,-1.308492
-1.740296,-0.873598
-0.633733,-3.150004
-3.450165,-1.691360
-2.068570,-1.322804
-3.666177,-0.673380
-2.460762,-2.095056
-1.068320,-1.312225
-2.329322,-2.379911
-2.101214,-2.417709
-1.887203,-2.651684
-2.160417,-3.026364
-2.549256,-2.429352
-3.144475,-1.167516
-2.148513,-1.440831
-0.542884,-3.723614
-3.876145,-0.899731
-3.695001,0.239302
-2.328004,-1.432632
-2.355195,-0.543362
-2.199065,-2.231262
-0.359197,-2.827050
-2.478787,-2.365009
-1.531498,-2.536878
-1.125749,-2.825669
-0.863158,-3.669256
-0.893607,-2.906038
-1.432671,-3.126334
-3.524534,0.389533
-1.871376,-0.831045
-3.145966,-2.258342
-2.214818,-4.495058
-2.704963,-2.355189
-1.665937,-2.653936
-1.490279,-2.544217
-1.946235,-2.436368
-0.538529,-3.219758
-3.746208,0.022503
-4.249207,-0.319108
-1.791020,-2.228840
-1.270489,-1.564581
-0.330033,-4.124664
-3.688844,-0.807796
-2.502120,-0.893764
-1.778835,-1.904567
-2.989125,-3.137203
-2.706397,-1.909701
-0.614153,-2.998848
-1.787276,-1.231322
-1.344418,-1.796826
-1.845736,-1.809002
-3.035764,-2.294876
-2.274611,-1.621483
-1.708006,-2.177658
-5.167722,-0.751718
-1.480151,-1.708001
-0.735339,-2.893613
-3.056333,-2.532693
-0.602262,-1.614321
-0.841905,-3.597028
-1.854839,-2.140913
-1.601168,-2.316537
-1.614064,-1.675693
-2.511629,-1.048850
-2.986737,-2.576768
-1.543271,-1.342737
-1.263598,-4.053580
-4.040980,-1.456893
-2.186846,-2.364795
-3.088450,-0.608643
-2.657395,-1.286917
-4.099898,-0.644066
-1.668995,-1.073931
-3.419016,-0.848966
-0.438280,-3.945834
-3.891628,-0.871631
-2.405742,-1.901371
-1.281357,-1.406505
-1.199418,-0.758645
-2.779859,-1.088901
-1.752582,-1.915652
-1.460861,-3.596791
-2.195811,-0.884629
-0.424506,-2.715979
-2.263442,-2.567788
-1.283417,-1.828304
-2.378566,-1.324120
-2.898234,-2.242679
-2.702191,-1.755052
-3.940461,-0.439573
-4.008526,-0.152671
-2.064970,-2.229342
-0.247265,-2.426388
-1.770542,-1.602367
-3.464274,-0.666857
-1.847222,-2.007868
-1.803415,-4.025412
-0.077136,-2.681605
-1.325516,-1.890106
-2.564937,-3.012723
-3.194520,-1.694459
-2.040431,-1.036065
-1.724587,-1.801328
0.694965,-1.769941
-1.990549,-1.228225
-2.878673,-1.260503
-1.524847,-1.390193
-1.485970,-2.122895
-2.772365,-1.962146
-3.231498,-2.462825
-2.010043,-0.420086
-2.035744,-0.466963
-1.452404,-2.772571
-2.044218,-1.826970
-2.077865,-2.835285
-3.912129,-0.920935
-3.186928,-0.317977
-1.904324,-1.552688
-4.631572,-1.992889
-2.236521,-1.614474
-1.690779,-1.368717
-2.046827,-3.104064
-1.254879,-3.652471
-2.342916,-1.152236
-2.994887,-1.464914
-0.813422,-1.532855
-2.507063,-0.740748
0.559133,-2.601435
-1.833923,-1.993174
-2.305340,-1.530130
-1.778548,-2.076418
-2.126811,-1.024389
-3.605135,-1.492416
-1.100744,-2.046301
-0.559366,-3.279044
-1.043754,-2.405069
-1.447930,-2.911648
-1.625312,-2.128342
-2.313957,-0.654094
-2.732313,-2.377342
-4.276602,0.191419
-2.115909,-1.641827
-2.729946,-2.117114
-1.469064,-0.709434
-0.243831,-3.723855
-0.534258,-2.476867
-3.052078,-1.075575
-2.493209,-2.387745
-0.093214,-4.176984
-1.793409,-2.163561
-0.023364,-5.701994
-0.674063,-3.242838
-3.088144,-2.074432
-2.050544,-2.528353
-3.952171,-0.432635
-2.038177,-2.777820
-0.030464,-3.323054
-1.963447,-2.424924
-2.946844,-2.630977
-4.443663,-1.376945
-3.545827,-0.469100
-1.329882,-1.998973
-1.234123,-1.834075
-1.910278,-1.376965
-2.987910,-1.186394
-2.576397,-0.905684
-3.338877,-1.028381
-3.569277,-1.203815
-0.944267,-4.420555
-1.581311,-2.156141
-1.620457,-1.592834
-0.098025,-2.177530
-2.697490,-0.367338
-3.872022,-1.680699
-2.235093,-1.024510
-2.414345,-0.738764
-2.182739,-1.412779
-3.344269,-1.279085
-2.594232,-1.958765
-3.204448,-3.467886
-1.464235,-2.972090
-1.800288,-2.533195
-1.139970,-3.192459
-3.089277,-1.209281
-2.508023,-0.259471
-1.206915,-2.223709
-1.389824,-3.664079
-1.842496,-1.648950
-3.478665,-0.684229
-2.103133,-1.799057
-2.882105,0.224414
-1.936202,-1.269924
-1.765462,-1.159764
-2.897362,-1.404699
-2.005195,-1.832953
-2.385409,-2.122394
-2.546292,-1.962758
-1.552559,-2.566183
-1.620505,-1.153825
-2.059862,-0.830010
-3.827838,-0.757526
-2.240333,-1.008446
-1.775223,-1.331975
-1.740420,-1.588784
-0.772250,-3.225626
-2.099244,-0.872340
-1.295408,-2.786401
-1.273173,-3.114663
-1.755869,-1.208643
-2.671306,-1.105932
-1.505978,-2.633364
-4.896559,-0.502017
-0.866488,-2.958362
-2.180328,-0.956122
-3.009294,-2.510204
-2.692703,-3.073046
-2.114134,-1.430069
-2.482122,-2.700860
-2.102368,-3.520827
-0.371342,-0.460418
-2.121653,-2.298475
-2.763073,-2.387376
-1.343072,-3.275853
-2.599665,-1.066763
-1.487576,-1.763559
-3.111622,-0.152208
-2.060115,-3.823237
-0.054816,-3.076159
-0.934540,-2.247083
-1.412121,-2.199825
-2.998570,-1.784266
-3.042412,-1.617322
-0.981497,-2.197408
-2.317405,-1.222586
-1.237004,-3.147066
-1.454858,-0.261417
-3.802479,-0.665451
-0.564225,-1.705841
-2.754123,-1.713691
-2.734389,-2.514970
-2.173888,-0.426267
-2.770838,-0.103343
-1.275456,-1.830399
-2.792491,-0.262419
-2.643324,-1.165431
-0.287836,-1.856839
-1.361157,-1.424640
-3.691804,0.600229
-3.485303,-1.450309
-0.737562,-1.997464
-2.194729,-3.146635
-0.670038,-3.546607
-1.302483,-1.699639
-0.454668,-2.167882
-1.542828,-3.643137
-2.093337,-1.853523
-3.089832,-2.085823
-3.144843,-2.533314
0.815092,-2.987070
-2.908208,-1.095523
-0.477421,-3.980642
-2.618743,-1.841481
-3.037467,-0.333302
-1.998434,-3.597393
-2.336942,-0.822029
-1.812097,-0.502556
-2.349443,-1.556736
-2.044654,-0.720563
-2.579606,-1.388954
-2.790474,-1.113371
-1.516712,-2.361818
-1.766581,-2.319267
-0.767753,-2.233232
-1.829912,-1.459561
-2.868750,-2.033408
-3.258498,-0.966685
-1.580006,-2.205509
-0.902337,-0.496989
-2.759356,-1.726205
-4.458851,-1.171320
-1.860404,-2.695267
-1.823194,-1.830609
-2.168707,-1.414104
-2.575618,-1.484592
-3.922785,-1.689157
0.580733,-3.839990
-0.854499,-1.428168
-2.608552,-0.802633
-1.240543,-2.083619
-1.626880,-2.313480
-1.587849,-2.153004
-1.282375,-1.716940
-2.646634,-1.862551
-2.247541,-3.022485
0.157116,-3.224336
-2.300230,-2.917111
-2.745624,-1.975834
-2.586086,-2.706121
-2.518093,-1.393851
-2.646620,-1.781054
-2.941702,-2.513666
-3.762408,0.177162
-3.611785,-0.654319
-1.336561,-3.154983
-2.020342,-2.096237
-4.040024,-0.815704
-1.119750,-2.167246
-0.646161,-3.394344
-1.906059,-1.660592
-1.308265,-0.703998
-1.555950,-3.088403
-2.414608,-1.359009
-3.006748,-2.398404
-3.663106,0.114633
-0.324214,-3.064480
-0.579898,-2.490971
-0.357636,-2.636312
-1.429936,-3.544389
-2.425059,-2.186598
-2.284765,-3.245062
-1.272498,-1.843655
-3.212937,0.040497
-3.437303,-2.251202
-2.300908,-2.350708
-1.327752,-3.944355
-2.857158,-1.700183
-1.040734,-3.595566
-2.587811,-2.086441
-1.412131,-3.508074
-3.804893,-2.272962
-1.825456,-2.289694
-1.824452,-3.133686
-2.361669,-0.658320
-2.362894,-2.180476
-1.895342,-1.700275
-1.687441,-1.881205
-3.269405,-3.881901
-1.490026,-1.825039
-1.854717,-1.801614
-1.861513,-2.331472
-1.176173,-0.880270
-2.374450,-0.915575
-2.843227,-2.488493
-2.607812,-0.484933
-2.338824,-1.705023
-2.588328,-1.642774
-3.049370,-1.788531
-0.946434,-4.254741
-2.272998,-2.028741
-2.520093,-2.775989
-2.779786,-2.256817
-3.137428,-2.277333
-1.760216,-3.212949
-2.727865,-1.734020
-1.797584,-1.061993
-3.425958,-0.342883
-0.420073,-2.328699
-3.338794,-0.721049
-2.975324,-0.691377
-0.878606,-3.752395
-1.744355,-2.619327
-1.673946,-3.290742
-4.033954,-1.702728
-1.062449,-2.316502
-1.317036,-2.282625
-1.433673,-2.128892
-2.030373,-3.828162
-2.546732,-3.241444
-2.510443,-2.626260
-0.289966,-2.238003
-3.005157,-2.531063
-2.029640,-2.113311
-0.034828,-3.617520
-3.036592,-1.386256
-2.025667,-2.531535
-2.458544,-1.790918
-2.223168,-2.586250
-3.897653,-0.361958
-2.473992,-1.260543
0.031360,-4.402060
-0.513127,-2.510138
-0.655872,-2.849308
-2.722784,-0.996809
-2.201226,-2.194684
-2.563094,-2.777005
-1.628302,-1.320211
-1.235296,-2.746319
-1.754076,-1.933279
-2.289710,-3.218836
-2.189040,-4.129347
-2.473258,-1.129085
-2.335944,-2.361121
-1.873897,-2.154606
-1.790166,-2.693028
-3.759459,-1.491357
-3.667412,-1.947715
-4.587176,-1.802424
-2.732387,-1.926310
-1.922962,-2.212253
-3.505267,-2.456306
-1.880726,-1.934061
-1.482823,-2.628233
-1.147462,-2.297765
-2.206701,-1.576316
-1.950051,-0.802761
-0.030263,-1.747605
-2.591028,-1.910118
-4.199043,-0.216011
-1.206079,-3.303745
-0.974418,-1.940645
-1.852278,-2.047634
-1.472002,-1.361868
-1.823157,-2.381868
-1.613938,-2.806766
-2.090472,-1.180872
-3.524127,-0.579934
-1.572989,-2.029849
-1.914321,-2.726408
-2.476151,-1.915672
-1.446420,-1.947891
-1.268303,-0.731167
-3.181990,-1.585353
-2.340211,-3.032617
-0.526254,-2.211523
-2.452504,-2.933602
-1.049512,-4.422177
-1.303127,-2.693155
-1.307343,-1.994175
-0.576320,-2.197226
-1.652772,-1.888928
-1.041032,-1.942032
-1.467560,-3.766390
-0.572406,-2.251659
-2.268878,-2.679512
-1.743908,-2.084092
-0.987465,-2.852970
-2.135064,-2.370793
-0.459046,-2.652409
-3.061359,-3.873341
-2.117862,-1.501216
-2.601322,-0.985446
-2.363310,-2.123563
-1.242931,-2.081217
-2.582866,-2.854414
-1.729043,-2.325204
0.097341,-3.350566
-2.681954,-2.680842
-1.793549,-2.308731
-2.360631,-0.722207
-2.745704,-0.878409
-1.887688,-3.019530
-1.426102,-2.639766
-1.463744,-1.507290
-2.791603,-3.232146
-1.455023,-3.520752
-2.557016,-4.248721
-4.450469,-1.732083
-1.173925,-2.167679
-3.245514,-2.224169
-2.514518,-0.424384
-1.829263,-2.143486
-1.082490,-2.665093
-2.439224,-2.047494
-2.393302,-1.275186
-5.233636,0.331976
-3.580487,-1.271829
-3.756497,-2.842932
-1.320255,-2.207678
-3.210336,-2.794798
-0.904935,-1.618347
-2.410861,-0.628677
-4.909520,-0.835384
-1.642891,-2.326036
-1.304340,-2.570792
-3.071520,-0.818156
0.247151,-3.570243
-3.076651,-3.102619
-2.334809,-3.400891
-2.002701,-2.501232
-0.553666,-3.195298
-0.400349,-2.275617
-2.276070,-1.984747
-2.955935,-0.783823
-2.332675,-1.732340
-1.526257,-2.069561
-5.029639,-2.389957
-4.122005,-0.886046
-3.025157,-2.691873
-3.983005,-1.399759
-3.092556,-1.148623
-2.488688,-2.770512
-3.129564,-1.017904
-3.654662,-2.411617
-1.102809,-2.646485
-0.452894,-3.185849
-1.815659,-2.962042
-2.358666,-1.470567
-0.465011,-2.411847
-3.444991,-2.569500
-1.550816,-2.075936
-3.565452,-3.758000
-1.676227,-1.566222
-1.901745,-2.042775
-3.675381,-1.908856
-2.467959,-1.192447
-0.245011,-3.057260
-3.397301,-0.268875
-3.012877,-2.052507
-1.973230,-3.044674
-2.601781,-1.916191
-1.146098,-2.150156
-3.489856,-0.597800
-0.615991,-3.343842
-1.750192,-1.418399
-1.279323,-1.839669
-2.779195,-1.518886
-2.245315,-0.824504
-0.574883,-2.464762
-2.019825,-2.227630
-1.285910,-1.472882
-2.834366,-0.689306
-2.285621,-1.818678
-4.679332,-0.005455
-1.461509,-2.236051
-0.690411,-2.260834
-1.082709,-3.631157
-2.154415,-2.850254
-3.559006,-1.755983
-1.504299,-3.172584
-2.003820,-0.543709
-3.109252,-2.204441
-0.676860,-1.751059
-2.747898,-2.697907
-4.184983,-0.384804
-2.280423,-2.404320
-0.524459,-2.179559
-2.012284,-1.672408
-1.041540,-3.257735
-1.874136,-2.951518
-2.573636,-1.764228
-2.239470,-1.039793
-1.396289,-2.149753
-1.993680,-2.794230
-1.038798,-2.875230
-0.668343,-1.953511
-3.170682,-0.354394
-2.201599,-1.779825
-3.074496,1.036926
-1.922273,-2.276623
-2.872930,-2.306667
-1.110223,-4.227735
-2.211202,-2.733760
-3.994571,-1.474685
-1.760666,-4.073758
-1.640306,-2.758016
-1.948498,-2.086300
-1.987743,-3.064714
-2.812591,-2.087110
-3.417715,-2.064694
-0.330952,-1.626809
-4.567252,-0.793810
-2.238913,-0.147544
-2.954098,-1.112725
-0.286274,-3.629019
-2.237162,-1.524423
-2.819106,-1.992993
-2.778052,-3.616052
-3.219787,-1.677878
-1.657700,-2.089134
-2.050787,-3.021729
-3.113306,-2.670160
-2.333890,-1.005667
-1.770941,-2.723087
-1.335670,-3.046524
-1.985310,-2.333160
-4.129109,-1.619947
-0.847918,-2.420659
-4.211607,-0.652408
-3.451591,-1.698530
-1.657736,-2.332102
-1.611613,-2.807622
-0.481942,-2.843763
-1.554193,-3.109655
-1.687203,-3.041569
-2.093793,-1.843467
-4.303714,0.058633
-1.244532,-1.418474
-2.244117,-1.854606
-1.787343,-2.018673
-2.171506,-0.483147
-2.659898,-0.873223
-1.163445,-0.798396
-1.239984,-2.061781
-2.494745,-0.460948
0.067814,-1.252690
-2.916739,-0.023279
-0.638520,-2.381709
-0.114348,-4.117864
-2.316980,-2.132224
-3.319303,-0.576942
-0.790995,-2.455875
-3.221648,-2.531570
-3.108059,-0.790652
-2.647994,-0.941480
-1.496147,-2.079606
-1.767345,-1.941861
-2.447250,-1.405838
-2.588838,-1.783244
-1.117706,-2.107458
-3.514647,-1.002852
-2.977480,-2.431595
-2.989917,0.135942
-1.670860,-2.682039
-2.959291,-0.864786
-3.041116,-1.945089
-2.573913,-1.574672
-2.457567,-1.939945
-1.765352,-2.130770
-0.359108,-1.372588
-0.836604,-2.663542
-1.881715,-1.357366
-0.677925,-5.009015
-1.064906,-2.014849
-1.923742,-2.381063
-2.434176,-2.406831
-2.311087,-1.496921
-1.677006,-0.806815
-1.745572,-2.144252
-1.772922,-3.479753
-1.942118,-1.954962
-2.309363,-1.115285
-1.377841,-0.937286
-1.824548,-2.365089
-2.837253,-2.346651
-2.560058,-1.368497
-1.806735,-1.650466
-2.120025,-1.468935
-0.877789,-1.552737
-1.076527,-3.609054
-1.881858,-2.838818
0.334627,-2.690572
-2.872097,-1.759251
-2.684034,-1.476491
-2.228031,-2.732055
-2.331084,-2.301222
-0.680266,-2.364140
-0.585622,-2.009839
-2.132574,-3.370388
-2.678099,-1.768677
-0.503615,-3.241673
-1.863642,-4.125543
-1.841833,-0.669172
-1.052357,-1.736004
-2.360971,-0.971792
-2.151098,-2.445034
-1.974011,-1.377974
-1.070411,-3.253880
-1.977128,-2.305065
-2.081656,-3.250975
-1.875363,-2.402359
-1.265911,-2.084757
-0.674543,-3.045063
-0.479707,-3.586539
-0.491521,-4.398337
-2.693498,-2.731513
-0.280565,-2.737541
-0.677608,-3.441227
-3.207078,-0.650500
-2.381839,-2.331708
-1.468898,-2.698876
0.235426,-3.222704
-3.053656,-2.694133
-2.548941,-0.771815
-1.262131,-0.501606
-1.318349,-1.151490
-1.795880,-1.751693
-2.463452,-3.421870
-0.460355,-3.624092
-2.384515,-2.795455
-1.534899,-2.014965
-3.464040,-1.228102
-1.470661,-0.790110
-3.034254,-1.735211
-1.995426,-1.819800
-2.532526,-1.428412
-1.908993,-1.071321
-1.749399,-3.571206
-2.603897,-1.549379
-2.203639,-0.708687
-0.816024,-4.021011
-2.403478,-2.620232
-2.229740,-3.048939
-2.103182,-2.862850
-1.847243,-1.250337
-1.055111,-0.347143
-2.362405,-0.736245
-2.082326,-2.224532
-3.229058,-1.023971
-2.116335,-2.055849
-2.021853,-1.086619
-3.073611,-1.230141
-1.992072,-1.676562
-4.161112,-1.625039
-2.331446,-2.311622
-1.964062,-2.886428
-3.692261,-2.758476
-2.790866,-3.030678
-1.507143,-2.706600
-1.308130,-2.010722
-2.103162,0.061321
-1.412950,-1.425966
-3.505948,-0.970317
-4.155733,-2.019953
-1.455090,-0.939449
-2.181205,-2.009184
-1.096524,-1.435012
-0.817067,-3.573936
-2.570522,-1.111586
-2.686729,-0.631010
-1.300610,-2.117925
-1.865801,-4.151389
-1.430470,-2.489635
-1.209919,-2.615701
-2.980741,-2.879369
-1.062105,-1.996857
-2.769561,-1.926893
-1.658398,-0.586428
-1.261692,-1.996873
-2.744107,-1.733277
-0.193635,-2.155698
-3.081798,-1.196245
-2.773529,-0.671613
-3.940865,-1.851643
-0.859690,-1.566872
-4.491569,0.101795
-1.305838,-2.011100
-2.031497,-1.435221
-0.246777,-3.991964
-3.874641,-2.479736
-1.486238,-4.287665
-3.028351,-1.901263
-0.932447,-3.012571
-0.699835,-2.848568
-4.274871,-0.093827
-0.543737,-3.909158
-2.229309,-1.380670
-3.023006,-1.570789
-2.983456,-3.468489
-3.186869,-2.123301
-2.608876,-2.262364
-1.445557,-1.596016
-1.991216,-2.748442
-2.323477,-2.319008
-0.251069,-1.882342
-0.066728,-3.279414
-2.295484,-2.530350
-2.283656,-1.681940
-3.710864,-1.423638
-1.047209,-1.941188
-1.549121,-1.904126
-2.770954,-0.666854
-1.646240,-2.704752
-2.981789,-0.862998
-1.631765,-1.984625
-1.006202,-3.230551
-1.979428,-2.115455
-1.812954,-2.495846
-1.171162,-1.368560
0.257423,-3.558450
-1.955760,-2.106042
-1.397321,-2.100871
-3.771002,-2.125195
-3.741344,-0.114534
-2.792099,-2.602117
-0.825963,-1.814970
-1.851597,-1.732645
-0.615213,-1.414020
-1.302017,-1.567472
-1.695228,-1.957236
-1.842730,-1.232702
-2.876829,-1.597240
-3.498826,-1.491312
-1.120729,-3.170689
-2.851825,-2.170434
-2.624979,-2.759785
-1.280634,-1.747529
-1.880259,-3.341407
-2.721694,-2.065897
-4.002258,0.194245
-3.544690,-1.769984
-2.899140,-2.106954
-2.221023,-2.531248
-2.739835,-0.939013
-1.421149,-1.217789
-1.498546,-1.471067
-3.489288,-0.370563
-1.747490,-1.297963
-3.180165,-0.691631
-1.014682,-2.118750
-2.066607,-1.076439
-2.501745,-1.291489
-1.878021,-1.419734
-0.079832,-2.590487
-2.812761,-2.033375
-1.501018,-1.180392
-2.617415,-2.114641
0.336189,-1.871296
-0.325598,-3.337489
-0.970831,-1.986729
-0.142461,-2.249168
-2.001765,-2.218379
-2.025002,-2.567592
-1.321519,-1.960128
-0.883430,-3.865553
-3.340044,-0.750387
-2.141652,-3.133133
-0.495447,-2.522349
-0.885326,-2.310141
-1.213722,-2.912024
-2.316996,-2.436660
-3.124597,-2.991303
-1.700763,-1.854071
-1.170418,-2.616581
-2.036091,-1.770260
-0.787768,-3.117061
-0.823183,-3.806258
-1.892485,-1.899171
-1.094798,-3.189373
-3.177942,-1.801747
0.129888,-3.600320
-1.503571,-3.135523
-2.074475,-1.848266
-3.005601,-1.236242
-2.905609,-2.787300
-2.889742,-1.801642
-4.904989,0.691384
-2.048683,-1.313609
-1.704826,-1.858413
-4.330152,-0.423601
-0.708720,-4.594175
-3.103183,-1.375875
-3.655938,0.383051
-1.823722,-2.954795
-2.645761,-3.418719
-1.893772,-1.412705
-1.938057,-3.613520
-0.712822,-2.289951
-2.587941,-1.196722
-4.266445,-1.422643
-1.539431,-1.900353
-2.282083,-0.914162
-1.967185,-0.713323
-3.236398,-1.918016
-2.453725,-3.241526
-2.265542,-0.539874
-1.133113,-3.246857
-0.540265,-3.580750
-1.867655,-3.300054
-1.037628,-1.080524
-2.814458,-1.437277
-1.018773,-1.102902
-3.245345,-1.065318
-2.933328,-2.065264
-1.639335,-1.596452
-3.203717,-1.436417
-2.793326,-1.058233
-0.795486,-1.295233
-2.241920,-2.866044
-1.054824,-2.219513
-0.730806,-2.439830
-1.298398,-2.776675
-4.355294,-0.527207
0.433165,-3.065676
-1.193495,-3.618912
-2.286761,-1.024558
-0.115629,-4.227463
-1.723763,-0.247721
-0.393066,-2.538795
-0.905885,-2.052490
-1.214054,-3.015981
-1.858382,-1.187374
-2.708517,-1.720714
-0.675535,-1.545483
-2.477797,-1.997677
-2.154553,-1.222616
-0.584767,-2.928958
-1.017835,-3.627018
-1.210442,-2.918733
-1.721539,-2.478618
-0.397097,-3.679025
0.095500,-1.811987
-1.782807,-2.475004
-1.940681,-0.736825
-0.693630,-2.733323
-2.744484,-1.070855
-2.398541,-2.113401
-1.774871,-2.332902
-1.187106,-1.924819
-0.817220,-2.327304
-2.964994,-0.665177
-0.144160,-3.243643
-1.706355,-2.821304
-1.760764,-1.133830
-0.532420,-3.410008
-4.274394,-0.824587
-2.134437,-2.481555
-3.234336,-2.016141
-0.223904,-2.944060
-2.799782,-2.386413
-2.581618,-2.700215
-2.659578,-1.062135
-1.671162,-2.908992
-2.139831,-2.935178
-2.578889,-0.257968
-1.809750,-2.504758
-1.107823,-3.052795
-1.833103,-0.985704
-2.066299,-3.618442
-0.849677,-2.594108
-1.466128,-1.541489
-1.228164,-1.156130
-1.871970,-4.618412
-3.569818,-1.225968
-2.051962,-1.813648
-2.519894,-1.953830
-1.691595,-3.340276
-2.137039,-1.091462
-2.081815,-2.514984
-3.233295,-2.248328
-3.462300,-0.085324
-1.446940,-1.723159
-2.428644,-1.336302
-0.157516,-3.431534
-3.538443,-1.016775
-2.405697,-0.745268
-2.169593,-1.660242
-2.276924,-1.307244
-3.154156,0.120911
-2.083781,-0.859026
-3.653379,-2.427438
-2.208673,-2.410897
-2.562385,-1.994326
-2.722482,-1.698636
-2.645202,0.295272
-0.585653,-3.091475
-1.473994,-2.273992
-3.147464,-2.131288
-1.581416,-3.267750
-1.783585,-2.738669
-2.578773,-1.198735
-1.405370,-2.914256
1.062053,-3.042339
-1.519347,-1.488050
-2.704940,-1.331128
-0.216170,-4.341760
-2.275985,-1.663506
-2.901972,-1.099990
-4.125098,-0.934547
-2.962791,-2.066143
-3.168170,-1.584932
-1.221917,-4.264399
-0.811860,-1.629503
-2.418621,-1.134494
-2.506809,-2.619506
-1.468042,-3.083709
-1.772085,-2.884685
-1.173011,-2.820908
-0.783575,-2.084789
-2.670801,-0.728179
-3.196626,-2.355575
-4.124710,-0.156884
-2.270891,-0.896139
-1.412212,-3.215636
-3.117637,-2.428437
-3.120150,-3.274952
-1.321176,-1.303623
-2.729544,-2.733710
-1.213648,-2.171236
-1.918481,-1.629586
-2.233698,-2.532061
-2.074647,-1.857410
-3.124494,-1.345378
-2.114821,-2.030397
-4.345809,-0.407188
-2.145621,-2.811811
-2.440177,-0.181868
-1.219364,-1.595042
-1.933134,-1.364845
-1.057743,-2.780880
-2.882794,0.360247
-2.221878,-0.827058
-3.714164,0.499930
-0.820460,-1.966529
-1.691260,-1.819964
-2.457012,-2.251774
-1.783732,-1.249393
-2.399816,-1.120254
-2.655721,-3.003246
-1.681810,-1.763901
-0.163916,-3.903089
-2.375219,-2.539448
-2.186444,-0.869364
-3.585190,-0.443008
-3.528109,-1.291145
-1.338799,-1.981720
-1.512946,-2.649231
-2.730101,-1.275947
-1.498346,-3.091206
-1.469457,-1.942994
-2.943122,-3.505905
-2.358211,-0.996345
-1.643865,-3.489438
-3.290379,-0.950217
-2.999601,-1.694370
-3.028912,-1.893941
-2.187262,-1.455843
-0.150021,-3.726002
-0.831159,-2.075836
-2.327336,-1.919965
-4.266974,-1.636243
-2.731359,0.606809
-1.218320,-1.893282
-3.662933,-2.822257
-2.535942,-2.729105
-0.968710,-3.317761
-1.174039,-1.610144
-1.545729,-2.849087
-3.275997,-0.907705
-1.127177,-2.015967
-2.409576,-1.490494
-3.424088,-1.823584
-0.496906,-1.504757
0.291507,-4.964326
-0.939604,-2.989377
-1.970412,-0.922626
-2.105990,-2.816796
-0.719201,-3.232874
-4.136143,-0.451554
-1.869740,-1.994068
-0.922180,-1.654573
-2.638170,-0.543563
-3.174464,-1.510770
-1.344559,-3.332779
-2.405132,-1.919442
-2.438738,-1.453043
-0.219726,-2.539497
-1.164031,-2.049667
-1.706474,-3.174571
-1.911381,-3.520464
-0.590441,-3.028940
-1.023790,-2.630281
-1.648099,-1.471842
-0.587548,-2.351607
-2.586719,-4.155701
-2.602357,-2.272825
-3.148386,-0.550625
-1.825441,-1.972990
-0.727124,-1.588596
-1.293661,-2.243035
-1.289928,-2.708414
-0.814408,-2.956988
-1.781711,-1.669443
-2.390857,-1.580030
-3.775395,-0.242893
-2.076534,-2.008692
-2.318495,-1.967578
-1.305041,-1.942897
-1.431083,-1.514912
0.401562,-2.878744
-2.801028,-1.250410
-1.612512,-1.746806
-1.091946,-2.869651
-3.156375,-2.887628
-2.977473,-2.374774
-2.268846,-0.393094
-3.469394,-0.853041
-2.696787,-3.279495
-3.343396,-2.165260
-0.896881,-3.406857
-1.523283,-3.438462
-1.600050,-1.518479
-2.372497,-1.438059
-2.929444,-0.942936
-1.928929,-2.841141
-3.028869,-2.072174
-2.516263,-1.912103
-1.701913,-3.153337
-3.264794,-1.592769
-1.992522,-2.476142
-2.148101,-0.313595
-2.974908,-1.400738
-2.751252,-2.158441
-3.060776,-2.696313
-2.231354,-1.823828
-2.387862,-1.624457
-3.104927,-1.658567
-2.418966,-1.108717
-2.365181,-0.478125
-0.917106,-2.565861
-0.410654,-2.429678
-1.451184,-2.928839
-1.819168,-1.442353
-1.938740,-1.295625
-1.888759,-1.867142
0.043153,-3.017063
-1.963057,-2.467380
-5.031741,-1.677091
-3.202457,-3.037411
-2.643578,-2.055543
1.085735,-3.996605
-0.408655,-2.642606
-1.388055,-3.076226
0.189970,-3.765329
-1.686238,-2.680321
-2.741712,-2.906302
-2.880262,-1.683238
-4.227497,-0.252100
-2.340912,-3.015672
-0.163730,-2.958584
-3.201678,-1.363722
-1.484137,-1.273997
-2.008276,-1.506907
-2.401832,-2.250682
-1.401437,-0.733814
-1.115570,-2.016964
-2.451963,-2.137826
-2.385838,-0.835167
-1.628328,-0.623056
-3.562647,-0.383386
-2.621792,-2.805584
-3.364309,-0.708724
-1.939444,-2.993978
-0.306107,-1.935174
-3.521927,-1.966063
-0.685448,-3.192687
-1.245747,-3.006311
-2.810248,-0.120335
-1.023460,-3.987657
-1.647895,-1.222338
-1.103981,-2.527493
-0.729998,-1.517938
-2.635658,-1.557604
-1.236308,-3.825146
0.323033,-4.050786
-2.218575,-1.064969
-0.828230,-1.891695
-3.704085,-0.961279
-2.953290,-0.906851
-0.928212,-1.840592
-1.697597,-3.787345
-1.771144,-2.457391
-0.331525,-3.177811
-1.978731,-3.330619
-2.777337,-1.652073
-2.686261,-0.854498
-1.279581,-1.622444
-2.373914,-1.645812
-2.171028,-1.284714
0.126865,-1.768676
-2.014758,-1.897597
-0.414023,-3.457441
-2.723693,-2.426108
-1.549360,-3.349935
-1.637790,-2.148911
-1.655515,-2.041732
-2.313361,-1.143751
-2.172478,-1.541835
-2.323828,-1.822935
-1.475152,-2.618015
-2.241905,-1.110611
-2.677428,-1.797772
-1.918861,-2.293783
-1.027296,-2.078757
0.605004,-2.582997
-3.771033,-0.178960
-1.926333,-1.224504
-1.059806,-2.372592
-4.043698,-1.759020
-0.377243,-2.872559
-1.959414,-2.427208
-2.280148,-2.846823
-2.304935,-3.015419
-3.066755,-0.799982
-1.758956,-1.574401
-4.942641,-0.109850
-0.419933,-3.610753
-0.587338,-3.751324
-1.993333,-0.478675
-1.115645,-3.827627
-1.937784,-1.308254
-1.964620,-0.560264
-2.690922,-1.428952
-2.884801,-1.045392
-2.485024,-2.009199
-2.950568,-2.679060
-3.400664,-1.608460
-2.394187,-3.932353
-1.766900,-3.191515
-2.835440,-2.459096
-1.955477,-2.724611
-0.356624,-3.405261
-1.790164,-2.169899
-2.715201,-1.277265
-1.250337,-1.827048
-1.970243,-2.534352
-2.969869,-1.810154
-2.930654,-0.908946
-3.388735,-0.671167
-3.640797,-1.998361
-2.765681,-0.545029
-1.008547,-2.126524
-1.151265,-3.346066
-0.802937,-2.277067
-3.305560,-1.143391
-1.387356,-3.589519
-2.065096,-1.905622
-2.120325,-2.709378
-3.720258,-0.899743
-0.705067,-2.147606
-1.499400,-1.988682
-0.989042,-2.504875
-3.194844,-1.921451
-1.989896,-2.914939
-0.742177,-1.656744
-1.248462,-0.803508
-2.718676,-0.150434
-2.679565,-0.160505
-3.203827,-0.251513
-2.265408,-1.076663
-1.196323,-1.957498
-3.389496,-1.210916
-1.533116,-3.017901
-3.293530,-0.943589
-1.563059,-3.475476
-1.573697,-3.139175
-0.485667,-2.908720
-1.568805,-1.896743
0.525838,-3.453413
-1.678880,-1.821105
-3.133582,-0.498569
-4.768564,-1.111160
-2.626716,-3.176751
-2.234027,-1.689471
0.032611,-1.859102
-2.791816,-3.414369
-2.241219,-1.063104
-1.190565,-2.021071
-1.385637,-3.031509
-1.878791,-1.196873
-2.047033,-2.435379
-2.987500,-3.058889
-2.748177,-3.232390
-1.982335,-3.440060
-2.822948,-1.907980
-3.995671,-1.851561
-1.746848,-2.168604
-1.347620,-0.498789
-0.675553,-4.082021
-4.189980,-0.731098
-2.852454,-2.087311
-1.200546,-3.614991
-4.295950,-0.870605
-1.869055,-2.385579
-2.229132,-0.641981
-3.688182,-3.501548
-1.828912,-3.369107
-3.463975,-1.457079
-3.253853,-0.337958
-1.854878,0.110649
-1.992594,-3.627350
-1.684908,-1.361016
-1.406001,-2.557613
-2.494956,-0.386984
-1.360497,-2.368160
-1.914627,-3.535335
-4.242858,-1.890346
-2.350551,-2.019743
-2.817739,-1.867258
-3.099781,-1.122443
-3.147559,-0.633585
-0.819549,-2.637886
-2.415151,-1.691860
-0.921584,-2.217779
-1.594102,-3.265915
-2.562214,-1.648605
-0.779405,-4.182483
-2.486349,-1.783401
-1.781424,-1.956531
-2.337113,-1.546777
0.854517,-4.909740
-1.537520,-2.431848
-3.460880,-1.611582
-1.822329,-1.700628
-2.386477,-2.922598
-0.974670,-3.059879
-2.426665,-3.501155
-1.959092,-3.341480
-3.390266,-2.094006
-2.150244,0.309961
-1.665520,-2.948253
-2.275317,-0.640674
-1.793424,-2.646322
-2.052072,-2.799619
-2.711669,-1.132907
-1.339529,-2.595857
-0.420617,-1.075892
-1.414434,-1.845370
-2.451787,-1.698860
-2.276032,-1.513477
-4.202154,0.105062
1.352075,-3.163035
-1.515405,-2.398129
-1.828534,-2.770383
-2.032454,-3.970033
-1.121511,-2.364241
-0.321489,-3.173167
-3.865562,0.152358
-0.595423,-3.002064
-2.177201,-0.518569
-1.860333,-1.535228
-2.435169,-0.962564
-2.595124,-2.043727
-3.094465,-1.441359
-4.573726,-0.066097
-3.333812,-1.943700
-1.881746,-2.707473
-1.103118,-3.471291
-2.435797,-1.811608
-3.498847,-1.432567
-2.900187,-1.692388
-2.586212,-0.630420
-2.957971,-1.203397
-3.981240,-1.678727
-2.317383,-1.544393
-2.760123,-1.315614
-1.693711,-3.398136
-2.119831,-2.140286
-2.265197,-0.780960
-2.028586,-1.945747
-3.044451,-1.200489
-2.484570,-2.838171
-2.805768,-1.284046
-3.588051,-1.618962
-1.101386,-1.952539
-2.874054,-2.309076
-3.451357,-1.853438
-3.206860,-1.772791
-2.992723,-0.894386
-2.338478,-1.742564
-2.034449,-1.882590
-2.642605,-1.420364
-3.634465,-1.101673
-2.463265,-0.972560
-3.007695,-0.871383
-2.126242,-1.555663
-0.750068,-2.856106
-4.027237,1.636408
-2.224861,-3.575659
-1.503529,-1.413143
-1.021932,-1.088872
-1.211799,-2.563228
-1.540221,-1.728365
-2.098433,-0.712932
-1.263774,-1.478434
-1.618904,-1.021377
-3.289578,-0.692115
-1.314544,-2.481775
-3.610445,-1.894599
-1.230163,-2.087242
-0.275892,-4.758270
-1.510847,-2.572641
-1.872753,-2.430144
0.037648,-2.267884
-2.425078,-3.477946
-3.370701,-1.404386
-0.611291,-2.710701
-1.466417,-2.365096
-1.682790,-2.780143
-1.747413,-3.466604
-5.420443,0.592457
-0.167929,-2.701612
-2.222104,-1.760484
-1.780715,-2.625809
-1.174190,-1.689273
-1.212924,-1.643104
-2.056097,-2.149049
-0.043132,-1.812142
-2.013582,-1.987640
-3.401575,-0.181919
-2.426722,-1.513547
-0.721231,-2.062009
-1.261772,-3.714968
-1.201428,-2.547313
-2.917629,-2.945061
-3.627009,0.386843
-1.358132,-2.208533
-2.552172,-1.777967
-2.138292,-1.456103
-2.910667,-1.020273
-2.382979,-1.825888
-2.009402,-2.760109
-1.536102,-2.928744
-1.292790,-1.701319
-1.837831,-2.494780
-1.770747,-2.277155
-3.660240,-0.718904
-2.311087,-1.339213
-2.532814,-2.425298
-3.416326,-2.509311
-1.386974,-3.154627
-1.763516,-2.152413
-2.889755,-0.480077
-2.314208,-2.021717
-2.285468,-2.849037
-0.812505,-4.462774
-3.369837,-1.341876
-1.035074,-1.943879
-0.005037,-4.580975
-0.902382,-2.804040
-2.195709,-1.231131
-3.029158,-0.416847
-0.998895,-0.567718
0.943211,-2.742502
-3.582783,-0.565664
-1.716830,-2.941464
-1.151948,-1.651696
1.141157,-3.131422
-1.410795,-1.412410
-0.573313,-2.703045
-2.052914,-1.383069
-1.592211,-2.790445
-0.548358,-2.687549
-3.021526,-0.696160
0.998747,-3.642035
-3.430370,-3.224024
-1.051755,-4.001912
-2.510395,-2.511104
-0.772317,-2.313754
-2.553564,-0.496953
-0.111683,-2.945316
-0.603983,-1.433464
-1.617209,-1.166396
-2.265219,-1.301944
-1.077494,-1.715047
-2.971800,-1.359269
-1.974864,-2.737585
-2.589848,-1.173807
-2.429373,-1.931127
-4.006942,-1.481965
-2.186389,-0.831686
-2.450028,-2.999826
-1.733021,-1.070489
-3.206022,-0.136868
-1.121842,-2.184853
-2.272544,-1.405600
-0.934650,-2.466884
-1.193116,-0.379219
-1.228095,-1.076535
-3.179935,-0.770123
-3.463136,-1.320250
-2.101462,-2.434317
-2.865716,-3.138571
-3.710561,-0.593945
-2.558855,-1.195818
-2.403336,-2.873809
-1.326240,-2.909432
-2.075841,-2.897944
-1.174381,-2.364461
-3.342644,-1.823829
-1.130305,-2.654672
-2.041565,-2.324683
-2.706414,-1.108773
-0.994053,-3.805438
-0.651052,-3.528133
-1.730370,-4.030736
0.772096,-2.787694
-0.975387,-3.340271
-1.991988,-1.888968
-2.563212,-1.487796
-1.497300,-2.282957
-2.156018,-1.793273
-2.867896,-1.757841
-2.489014,-2.836805
-2.106956,-2.531193
-3.645196,-1.817260
-1.850528,-2.673645
-3.219125,-2.057253
-1.963896,-1.957451
-3.227376,-1.627518
-0.630233,-2.894719
-1.053424,-3.469315
-1.485477,-1.898778
-0.812856,-3.483257
-2.453070,-2.407962
-1.245769,-1.865182
-1.742834,-2.621115
-2.876015,-1.342095
-3.978230,-1.660157
-1.375095,-1.848614
-1.494221,-2.740157
-3.481401,-1.293286
-2.044615,-1.208732
-2.046362,-1.913625
-0.746878,-2.522084
-0.718095,-2.890667
-1.748423,-2.646321
-1.575947,-1.924556
-3.297015,-0.591651
-2.096213,-3.343341
-2.916855,-0.907771
-1.770159,-2.171325
-2.868986,-1.541086
-2.078184,-3.231752
-1.237747,-3.107010
-3.184937,-1.323546
-1.663419,-1.212062
-1.343765,-0.682531
-2.137164,-2.019817
-0.673288,-1.334387
-3.785759,-1.673610
-3.578400,0.076380
-1.852619,-1.629105
-1.071218,-2.731888
-1.912831,-2.447512
-2.962637,-1.301832
-1.922421,-1.749840
-2.183175,-0.548800
-2.201974,-2.176300
-4.938896,-1.641425
-2.823207,-1.320845
-2.473655,-1.485511
-2.900236,-0.680640
-1.502406,-3.963561
-1.509949,-1.882419
-3.466780,-1.202630
0.130655,-3.699574
-1.965072,-1.891698
-0.449930,-2.357277
-1.139026,-2.552920
-1.963815,-1.486302
-1.816835,-3.106529
-2.462453,-0.984912
-1.727299,-1.146945
-2.480940,-1.889102
-2.223357,-1.326173
-2.853375,-2.029689
-0.712024,-2.407817
-2.843080,-3.100118
-1.471631,-3.846895
-2.948519,-1.099858
-2.207243,-2.146006
-0.703179,-2.537024
-2.917186,-1.787322
-2.841752,-0.413319
-1.404212,-2.883097
-1.525141,-2.162466
-1.115290,-3.589756
-3.481398,-2.105461
-2.441881,-2.784388
-2.619203,-1.037489
-1.250143,-3.792279
-3.165559,-3.141459
-1.459244,-3.364728
-3.401037,-1.175632
-2.807508,-1.665430
-3.420899,-2.131314
-1.428286,-2.681032
-1.992118,-1.684095
-1.913912,-1.580135
-1.902931,-1.923023
-1.931572,-3.686491
-1.875410,-3.811597
-1.724823,-1.336085
-0.674872,-2.316622
-2.668138,-1.885611
-1.139680,-1.744840
0.568121,-3.456702
-3.070590,-1.518637
-1.106195,-1.267024
-0.956627,-3.225413
-2.455667,-1.334626
-1.136697,-1.046534
-1.571964,-3.491392
-0.362978,-4.715687
-1.264093,-2.416045
-3.313130,-1.650792
-1.178478,-1.425596
-1.578273,-1.903026
-3.435649,-1.494237
-0.207979,-2.170987
-3.165101,-2.161874
-1.185090,-3.015280
-2.716067,-0.302200
-3.142317,-1.294108
-2.392542,-2.405809
-2.201436,-2.921374
-1.607983,-3.118168
-1.663990,-1.915311
-3.625798,-0.739703
-2.598775,-1.580445
-3.461527,-1.793778
-1.204757,-2.132396
-2.203682,-1.196371
-4.087298,-1.646419
-0.632991,-2.805754
-2.376889,-0.968018
-4.803734,-0.112140
-2.355188,-1.715702
-2.350220,-1.273956
-1.357842,-2.254356
-2.008188,-1.863616
-1.741543,0.222224
0.301812,-3.012970
-2.927236,-1.814438
-1.244965,-1.872972
-2.068263,-1.980733
-1.784887,-2.974207
-1.418640,-3.091274
-1.711473,-1.934070
-0.909468,-2.335015
-0.829272,-2.401832
-0.241470,-1.741445
-2.140948,-1.018025
-1.547485,-1.845401
-1.403626,-3.572427
-0.974880,-1.507226
-3.989985,-2.246554
-1.189437,-2.897353
-2.965919,-0.789892
-0.388891,-4.783764
-2.521549,-1.274353
-1.560856,-1.327168
-1.350807,-1.950392
-3.309659,-0.465901
-1.438700,-2.987808
-2.338283,-3.902731
-0.997613,-2.366884
-1.328702,-1.312426
-1.682834,-1.433551
-0.695396,-3.743232
-2.179803,-2.645642
-4.286302,-1.643630
-1.335122,-1.532368
-2.850992,-1.528818
-0.675060,-2.233939
-1.963971,-2.866547
-2.712406,-0.980215
-1.532532,-2.142250
-2.412369,-1.641378
-3.214469,-2.948208
-2.228348,-2.411254
-1.650092,-3.034586
-1.718469,-2.578674
-2.510585,-2.222945
-2.080743,-1.183392
-2.160827,-0.904039
-1.643138,-2.627561
-2.426036,-1.998912
-1.247894,-3.254466
-3.787265,-0.955897
-1.586057,-2.960864
-2.308299,-1.343688
-1.345354,-0.122114
-2.261301,-0.839197
-4.231752,0.721312
-1.812048,-2.490819
-3.541105,-1.710678
-0.724734,-4.096331
-2.413655,-0.993619
-1.326848,-1.603963
-2.354812,-1.301213
-1.536867,-1.566781
-2.790645,-1.482411
-3.031295,-1.622425
-2.003209,-1.596387
-1.642810,-2.223084
-3.067795,-2.014638
-1.051971,-0.733277
-0.769388,-2.200642
-1.325671,-1.491337
-1.370448,-2.623485
-4.001280,-0.171924
-2.251295,-1.154180
-0.020120,-3.533652
-0.611816,-2.755282
-2.659512,-2.455625
-1.005416,-3.067341
-3.336973,0.960293
-2.053715,-1.430967
-2.788246,-1.746205
-0.974638,-2.174293
-0.758638,-1.800810
-1.278814,-3.622767
-3.369427,-0.917425
-1.571111,-1.783457
-2.698637,-0.691585
-1.848442,-1.350887
-1.811773,-1.103112
-4.221483,0.726819
-0.735980,-2.225274
-1.704780,-1.958076
-2.608355,-1.973270
-2.833050,-3.475306
-1.631759,-1.807441
-2.242686,-2.217338
-2.797838,-2.144672
-0.820859,-2.653304
-2.247544,-1.241404
-1.192938,-1.713469
-1.175303,-3.121702
-2.217826,-0.922582
-0.259798,-1.597606
-1.843063,-2.069117
-2.071110,-0.376954
-1.466658,-1.360076
-0.770735,-1.560833
-1.876211,-1.809357
-1.591691,-2.192322
-1.398724,-2.663727
-2.542794,-2.513131
-2.555203,-3.544513
-0.932580,-3.081480
-3.009442,-1.347558
-1.392682,-1.445624
-2.312222,-0.869033
-2.348308,-2.141817
-1.701480,-1.016001
-2.362304,0.768289
-3.302911,-0.653397
-0.657674,-2.740337
-4.226333,-2.326988
-0.947471,-3.509358
-2.138645,-3.470412
-1.708537,-1.050274
-2.666879,-2.993210
-2.733632,-2.376336
-0.646640,-2.393622
-3.184066,-1.105227
-3.170287,-1.903971
-2.650138,-1.733736
-1.305592,-3.601547
-3.095420,-2.385182
-1.221864,-1.709735
-2.343832,-3.197431
-1.421286,-1.901061
-0.282650,-2.530287
-2.486007,-1.163877
-2.436400,-1.436429
-2.253759,-1.674781
-2.118194,-0.588928
-1.640057,-3.061775
-1.965534,-2.643244
-3.731721,-1.767893
-1.776646,-0.836653
-0.762767,-1.765170
-3.176900,-1.172338
-3.122405,-1.704212
-1.277763,-3.186026
-3.398556,-1.059750
-2.538280,-2.466096
-2.334813,-0.833727
-2.548585,-3.768467
-1.465469,-2.091999
-1.948332,-1.971187
-2.558178,-1.952778
-0.543355,-2.717640
-1.834464,-3.367154
-2.985976,-2.119838
-0.501140,-1.918282
-2.780103,-0.028631
-2.079431,-0.764171
-3.152599,0.246731
-1.781139,-1.345912
-1.524189,-2.329491
-2.234274,-1.903809
-1.083407,-1.628732
-1.100810,-2.751416
-1.887266,-4.120449
-2.392125,-0.322005
-1.554309,-2.395059
-1.893587,-2.394658
-1.347315,-2.192608
-1.462399,-2.122588
-3.249500,-0.360943
-2.393821,-2.177662
-2.822766,-2.847686
-3.812424,-1.145632
-0.390715,-3.713834
-1.644511,-1.030983
-1.749250,-1.325261
-2.389269,-0.778752
-0.762770,-2.726291
0.196675,-2.202281
-2.916579,-1.708215
-2.830781,-2.179782
-0.215212,-2.908007
-1.241063,-2.939952
-2.269222,-1.913198
-1.079343,-2.859953
-1.692539,-1.436152
-5.105496,-0.870823
-1.196989,-2.580069
-2.702184,-0.951480
-3.712450,-1.767370
-0.994092,-1.544304
-2.704520,-4.194516
-1.073994,-2.488684
-2.581118,-2.703756
-2.040429,-3.290152
-1.388998,-3.489997
-3.285363,-3.102662
-3.234521,-0.868991
-1.528373,-3.445163
-1.447179,-2.546574
-2.227984,-1.965852
-1.351274,-2.659689
-0.811552,-4.403805
-2.085498,-3.256730
-2.479618,-2.858443
-4.212338,-1.245279
-4.311387,-1.693844
-3.444476,0.028474
-3.368194,-1.997120
-1.849280,-2.408164
-1.276432,-1.450965
-2.681560,-1.484162
-2.273675,-0.543182
-1.806766,-2.790479
-3.992007,-0.247841
-1.520425,-2.634083
-2.571321,-0.710298
-1.585448,-1.802963
-2.287861,-1.854355
-1.666147,-2.185812
-1.604281,-2.325081
-2.682407,-2.768204
-1.670824,-2.587575
-3.690571,-0.469451
-1.160972,-0.687705
-1.399548,-4.134854
-1.492485,-2.840584
-2.054421,-2.456453
-0.444619,-2.581393
-1.014636,-1.801029
-0.139376,-1.900934
-0.564645,-3.449847
-1.117602,-2.846835
-2.224393,-3.920957
-0.525849,-1.878044
-0.879732,-2.611823
-2.232271,-2.222406
-3.926861,-0.387663
-2.103906,-1.810431
-4.113287,-1.385304
-3.183785,0.703233
-2.035311,-1.346532
-1.727445,-2.122469
-2.818027,-2.090581
-3.203779,-0.572100
-2.555982,-2.310711
-3.035998,-1.009945
-2.088198,-2.997825
-2.444967,-2.724743
-1.912311,-1.313313
-1.541576,-2.222318
-3.143082,-1.029755
-1.905950,-2.088537
-1.794266,-2.557387
-1.119499,-2.451019
-1.638611,-1.762559
-3.410205,-1.640462
-0.929418,-2.378700
-1.739353,-2.179933
-2.546385,-2.401633
-2.313790,-1.437290
-1.209223,-2.955954
-1.531803,-1.720639
-3.020138,-0.988226
-0.181411,-3.092473
-3.544634,0.262539
-1.563221,-2.035742
-2.636537,-1.250458
-3.704934,-1.427400
-1.420540,-2.120340
-2.878331,-1.668806
-1.941241,-2.725336
-1.095643,-2.385349
-1.318889,-1.383848
-1.131486,-3.025711
-2.465116,-1.190618
-0.472852,-2.375007
-1.124508,-0.958444
-1.306592,-1.535401
-1.807691,-2.428409
-3.278951,-2.423271
-0.589950,-4.087050
-2.002353,-4.253256
-3.038597,-1.752506
-1.632771,-2.228042
-2.295478,-1.421622
-1.940279,-1.590253
-1.923575,-2.789120
0.325736,-3.687427
-0.414526,-1.601965
-2.163960,-0.885954
-2.345844,-1.123467
-2.127681,-1.303245
-2.459748,-2.156698
-0.767812,-2.809354
-3.181202,-0.944206
-2.789909,-2.527647
-2.221270,-3.007581
-0.946566,-2.954700
-1.556301,-1.656042
-3.100537,-1.773435
-0.797965,-4.150502
-1.108596,-2.339360
-2.553654,-1.492914
-1.359851,-0.077880
-2.013977,-2.219165
-1.112589,-2.568618
-3.234337,-1.264308
-1.922063,-2.599509
-0.936278,-2.929515
-2.167856,-1.873491
-3.392573,-0.207262
-0.717009,-2.650673
-1.870461,-2.458423
-1.992404,-2.292890
-1.176063,-0.708526
-1.636470,-2.274477
-2.459254,-2.053411
-1.155589,-1.850907
-2.002103,-2.885943
-4.146676,-1.058557
-2.865729,-1.335682
-1.135953,-3.240825
-2.619655,-3.010474
-2.206954,-1.465896
-1.461618,-2.064956
-1.529919,-1.176408
-1.212757,-3.079846
-2.596323,-0.862346
-0.841383,-4.827845
-1.180751,-1.179431
-1.301639,-2.049424
-1.782088,-1.639018
-2.455186,-0.600618
-3.094706,-1.520236
-1.609779,-1.871711
-2.120448,-1.284836
0.130309,-2.933245
-0.900337,-3.850558
-2.183855,-1.845557
-3.814042,-1.356744
-2.669328,-3.299956
-2.218013,-1.990074
-0.271539,-2.419278
-2.899258,-1.028655
-3.032179,-1.060255
-2.186575,-0.950326
-0.858332,-2.709207
-2.657878,-2.366219
-0.644734,-2.857368
-2.488303,-2.976593
-2.034427,-1.030737
-0.986604,-3.014941
-3.770695,-1.140706
-3.640363,-0.683449
-2.636557,-2.758106
-1.151780,-3.504182
-1.596714,-0.062701
-4.318418,0.195169
-2.183447,-2.800799
-3.328378,-1.397671
-1.546105,-1.956938
-2.696124,-1.914383
-2.209525,-2.374307
-1.791658,-3.233553
-0.544617,-3.093467
-2.359351,-2.776178
-1.558390,-3.685153
-0.907025,-1.967303
-1.131174,-2.311189
-3.267233,-0.564291
-1.382370,-2.707123
-1.098649,-1.173722
0.058103,-2.942487
-0.084648,-3.103688
-0.732591,-1.441546
-2.296697,-1.129815
-0.281734,-1.912977
-3.432196,1.443645
-1.226224,-2.963650
-1.275442,-3.334078
-1.880717,-1.389646
-3.322059,-2.398735
-1.709729,-1.772698
-2.607477,-0.964356
-2.542256,-1.695875
-0.943142,-0.472253
-2.862861,-0.772399
-2.593161,-1.330978
-1.586262,-1.463304
-1.546026,-2.583436
-0.425326,-2.798413
-2.624763,-0.772156
-1.819183,-2.224977
-1.579775,-1.325327
-3.614945,-1.819767
-1.022205,-2.543345
-0.381514,-2.699849
-1.407938,-1.884877
-2.079001,-2.019748
-1.332309,-3.215140
-1.974386,-2.174084
-2.948573,-1.694158
-1.222123,-1.273408
-2.659061,-1.236085
-1.424132,-3.949560
-2.182089,-1.078107
0.034346,-3.334559
-1.715877,-2.689489
-2.403630,-0.864006
-1.570403,-1.741382
-2.080097,-2.709722
-2.428261,-0.245969
-1.709545,-2.824223
-3.118644,-1.574828
-3.205748,-1.818700
-1.262469,-1.758945
-1.454730,-3.133195
-3.224938,-2.573251
-1.482478,-1.356284
-2.773753,-1.275876
-1.271959,-1.236231
-3.234252,-0.860338
-1.026074,-2.116632
-2.289728,-0.331538
-2.683477,-1.672641
0.415331,-2.477062
-3.771590,-0.995401
-2.275532,-1.945248
-2.257537,-2.142837
-3.165908,-1.968154
-1.222150,-1.904334
-0.136614,-3.554855
-0.717923,-1.666721
-2.678526,-2.108511
-3.246611,-0.731611
-1.670028,-1.442684
-0.751740,-1.800974
-2.820385,-1.820879
-2.253688,-3.002699
-2.355386,-1.822392
-3.121662,-2.580044
-2.037336,-2.944776
-2.727845,-1.873965
-2.673862,-1.859212
-3.382439,-0.565962
-2.849828,-1.263536
-3.185719,-1.587281
-2.196169,-2.268873
-4.212581,-0.976028
-4.480038,-0.894256
-2.948317,-1.673529
-2.306146,-1.864707
-1.240266,-2.678678
-1.353087,-2.075534
-0.892989,-2.634537
-2.802468,-1.305775
0.011747,-2.279438
-2.764960,-1.956112
-3.265523,-2.410142
-1.956521,0.081008
-3.215214,-1.787849
0.404599,-3.040579
-2.068000,-2.323430
-3.304095,-1.286283
-2.648327,-1.327951
-1.399239,-0.971495
-1.866741,-2.713570
-2.426302,-2.776585
-2.409198,-0.787263
-2.453951,-2.470158
-0.039439,-4.794242
-2.749410,-3.149730
-3.952542,0.368059
-2.546481,-1.603518
-2.789165,-1.511714
-1.157237,-1.437778
-2.956367,-1.054580
-3.792526,-0.289498
-1.498498,-2.374545
-2.856773,-2.335633
-1.364833,-0.520488
-2.490747,-0.845184
-2.914965,-2.082883
-1.055486,-2.781402
-2.352496,-3.094156
-1.471036,-2.078282
-2.918937,-1.913824
-1.752852,-1.832380
-1.287870,-3.484565
-2.443183,-2.466029
-0.468106,-1.036110
0.017624,-2.592966
-2.907900,-2.316118
-2.566226,-1.390874
-2.713606,-0.625900
-2.323243,-1.983200
-3.208332,-1.183708
-1.735342,-4.160531
-0.528110,-2.668925
-2.071443,-2.700564
-1.209796,-1.960761
-2.467469,-1.370527
-1.675838,-2.714714
-2.332720,-2.561922
-2.377679,-2.569101
-2.077713,-1.444118
-2.837294,-0.902228
-2.615977,-2.219749
-2.470113,-2.552412
-0.656623,-3.608534
-1.258014,-2.130559
0.239611,-1.426127
-1.619530,-2.450792
-1.120178,-2.101999
-2.304487,-2.674786
-0.125201,-3.300881
-2.391391,-1.265887
-1.973200,-2.346013
-2.723872,-1.377179
-3.023395,-1.075653
-1.697376,-1.931769
-2.616912,-0.206346
-2.145091,-2.228640
-0.607527,-2.700396
0.397427,-2.692208
-3.103155,-1.642806
-2.791893,-0.659925
-2.538495,-1.728431
-3.187002,-2.229775
-2.394370,-2.285505
-2.094995,-2.593920
-0.803512,-1.908042
-0.554768,-3.036569
-0.360043,-2.318454
-3.072831,-2.331859
-2.637763,-2.058102
-2.860694,-2.467731
-4.064748,-1.932662
-1.841609,-3.240369
-2.574701,-1.917814
-2.161071,-2.480461
-0.929164,-3.299378
-1.787678,-4.044360
-3.161596,-2.077471
-2.553064,-0.029271
-3.334925,-1.800862
-5.013587,-1.338857
-0.818690,-2.348091
-3.016156,-1.708985
-1.427301,-2.788089
-2.159396,-2.310047
-3.777682,-0.905949
-3.067032,-0.527037
-3.630100,-1.864812
-2.393965,-0.613432
-0.999231,-2.152832
-0.955672,-3.518956
-3.101725,-1.080248
-1.068890,-1.526552
-0.397053,-3.780593
-2.341183,-2.455559
-3.645081,-1.264986
-2.458842,-4.013407
-3.126598,-1.202723
-1.822933,-2.390285
-2.226961,-0.160177
-0.731107,-3.731814
-1.128751,-3.094913
-2.780484,-2.938203
-2.543865,-1.905319
-2.660774,-1.308928
-0.206398,-3.178965
-1.455216,-3.776272
-1.868207,-2.416893
-0.555351,-3.592448
-1.986986,-2.141132
-0.466223,-3.389869
-3.209823,-2.136773
-0.674872,-2.537787
-3.451485,-0.714886
-1.511548,-2.290231
-3.599643,-1.250390
-1.835958,-2.674316
-0.346706,-2.800506
-3.234789,-2.782486
-1.159043,-1.178703
-1.436517,-0.959493
-1.031812,-2.002002
-3.175124,-0.897606
-1.093954,-1.806066
-1.990714,-1.055283
-2.397582,-1.682073
-2.100540,-2.254247
-2.435308,-1.742017
-2.615771,-2.176928
-0.970386,-2.445465
-2.551404,-1.878549
-3.602963,-1.218113
-2.149889,-1.392401
-1.413226,-1.320589
-3.984647,-1.166140
-0.274300,-4.214884
-1.367302,-3.069796
-2.227461,0.924048
-1.066726,-2.709015
-2.001804,-1.652440
-0.195233,-2.568974
-3.021127,-1.458910
-3.786815,-1.655074
-0.401164,-3.333991
-2.455381,-1.708441
-3.287739,-1.369751
-2.648977,-0.562927
-4.499730,-1.273185
-2.031916,-2.874284
-1.886346,-0.540621
-1.378110,-2.022493
-3.087093,-0.586672
-3.599105,-2.384145
-3.505446,-0.793321
-4.737492,-0.113346
-1.998216,-1.176236
1.055092,-3.277691
-3.390766,-2.103680
-2.138231,-1.497812
-2.181667,-2.414386
-1.510426,-1.628243
-2.706658,-1.284855
-2.261537,-1.865501
-1.186022,-2.871265
-1.861602,-3.133932
-0.109467,-4.299369
-2.068680,-0.708202
-3.034158,-2.261352
-2.443457,-2.711428
-3.847229,-0.540030
-1.110515,-1.966642
-1.430322,-1.498037
-0.982833,-2.928147
-3.748262,-2.869632
-1.715718,-2.898110
-2.202904,-2.107235
-2.373631,-1.860847
-1.938331,0.049043
-0.688131,-3.287177
-3.292261,-1.410663
-2.432263,-1.947560
-1.639388,-3.377376
0.222896,-4.056899
-2.676680,-2.275157
-2.478787,-2.963458
-2.661482,-1.739109
-2.828411,-1.493710
-1.412587,-3.123333
-2.258018,0.354090
-0.242017,-2.852264
-1.420154,-3.339730
-1.936313,-1.574348
-1.064284,-2.325567
-2.661329,-0.610195
-1.385573,-3.059124
-1.982290,-0.466320
-0.747947,-2.949291
-3.334174,-2.062331
-1.824949,-0.060195
-2.292047,-1.142263
-1.594583,-2.895764
-1.881687,-3.002733
-1.635700,-2.055104
-1.431001,-2.916400
-3.334593,-2.782171
-2.715574,-1.071384
-1.618155,-1.225490
-2.508816,-0.883901
-2.247061,-1.762710
-1.977311,-2.983454
-2.138378,-1.467520
-2.794235,-2.549767
0.327278,-4.271681
-0.252839,-3.429250
-3.521961,-0.146814
-2.144873,-2.900962
-1.519030,-2.517872
-2.859049,-1.000703
-1.410833,-1.916103
-3.121526,-0.564936
-2.995586,-2.664368
-1.565565,-3.924252
-2.251238,-2.582549
-1.993648,-2.852826
-2.270466,-3.583664
-1.840443,-1.459403
-1.877934,-1.757185
-2.190177,-1.384635
-2.137745,-0.671546
-4.329758,-1.596001
-3.009617,-2.200453
-3.184737,-0.749205
-2.180701,-1.702080
-1.358514,-0.994131
-2.271327,-0.124206
-2.893753,-3.230977
-3.205415,-1.911062
-1.717521,-2.344607
-1.679868,-1.676358
-0.887049,-2.486422
-0.534153,-0.863714
-0.559127,-3.313381
-2.738079,-1.673127
-0.840788,-1.834662
-3.127689,-1.671095
-0.421535,-2.990031
-1.994065,-1.434999
-1.456988,-1.684239
-2.620735,0.151190
-0.040996,-1.459403
-3.283249,-2.143249
-2.263979,-1.506513
-2.000712,-2.202648
-2.255066,-1.038810
-1.759846,-2.775998
-1.589424,-2.585358
-2.166413,-0.631044
-1.264956,-1.636116
-2.315996,-1.550960
-3.452772,-0.218113
-1.464896,-1.699403
-1.043724,-3.175624
-1.867010,-1.413619
-2.853292,-2.435760
-1.449111,-2.981896
-2.857671,-2.439253
-3.063857,-0.623235
-2.334025,-1.839138
-0.704640,-3.204548
-2.724622,-1.428643
-2.957081,-1.105244
-2.658140,-1.452587
-1.894461,-1.237413
-0.740675,-2.612008
-1.817866,0.008253
-3.111222,-2.987984
-0.901328,-3.985828
-2.012234,0.208987
-1.621375,-2.325373
0.561106,-3.909738
-2.241422,-2.008609
-1.341727,-3.010677
-1.265372,-3.595387
-1.408076,-3.608862
-0.711082,-2.711852
-1.030372,-3.021932
-1.580708,-3.472030
-0.565395,-2.456991
-2.215498,-2.531673
-1.802577,-3.541757
-2.096165,-3.340401
-1.977516,-2.730303
-0.706059,-2.055715
-1.879709,-2.302375
-3.789598,-1.569143
-2.352830,-3.196403
-1.757287,-1.635569
0.530021,-3.670030
-2.251125,-1.712390
-0.538558,-2.689499
-3.661172,-0.746317
-1.713705,-2.263548
-1.743142,-2.435022
-2.923860,-1.142452
-1.234597,-0.732217
-3.791468,-1.255214
-2.822172,0.199070
-3.606925,-1.018571
-2.379022,-2.012599
-1.228927,-1.019295
-2.981256,-2.738668
-2.004143,-2.650388
-3.956585,-0.856530
-1.833660,-2.538925
-2.905110,-0.134511
-2.375435,-1.391670
-2.148191,-1.775660
-4.413473,-0.853593
0.616459,-4.173438
-3.122020,-0.692427
0.087713,-3.341894
-1.719596,-3.564031
-1.957550,-3.651105
-2.500015,-2.147824
0.342181,-1.962303
-1.513949,-2.434331
-3.007083,-0.315424
-4.000828,-0.695285
-2.661830,-0.847631
-2.439541,-0.716086
0.080254,-1.256827
-0.474327,-4.389909
-2.444552,-1.264800
-1.758191,-1.526248
-0.850178,-2.309908
-1.187636,-1.411404
-1.502287,-2.029907
-2.099471,-0.995350
-2.175625,-2.110894
-1.085739,-2.428095
-0.202420,-3.488669
-1.394935,-0.731049
-1.333995,-2.478287
-2.690778,-2.415273
-2.666009,-2.675547
-2.538587,-0.870683
-2.692231,-1.944730
-3.771087,-1.313714
-2.627914,-2.541278
-1.205809,-1.523136
-2.869629,-2.051395
-1.737610,-2.641867
-1.141181,-2.586230
-4.170959,-0.388470
-3.673078,-0.330538
-2.148575,-1.590562
-0.303569,-3.241738
0.210818,-4.001596
-2.908436,-2.626479
-2.202534,-2.090348
-1.938689,-2.204883
-1.452011,-2.472289
-2.869163,-1.369790
-1.631901,-1.718939
-4.061928,-0.130878
-0.974132,-3.922556
-1.765419,-0.721956
-1.202705,-2.840715
-2.401113,-2.367708
-2.747513,-0.088411
-2.507998,-1.911907
-2.571149,-0.914915
-1.135777,-1.892755
-3.150111,-2.510581
-1.805402,-3.523988
-3.244120,-1.458028
-1.457210,-0.370917
-2.897225,-1.521744
-1.509131,-2.797216
-1.682173,-3.462309
-1.036775,-2.431015
-1.661566,-2.563718
-2.042709,-1.230054
-1.190834,-4.532498
-2.223094,-2.891721
-2.971974,-1.491875
-3.800737,-0.687181
-2.600805,-2.066255
-2.167471,-1.322928
-2.835955,-1.298326
-2.950337,-0.750032
-1.761018,-2.874990
-1.999049,-0.736691
-0.652775,-2.596244
-1.021520,-3.595964
-2.847878,-1.999635
-2.965090,-0.426330
-0.649038,-2.695496
-0.854678,-3.141623
-2.405132,-0.885570
-2.097362,-2.246927
-0.906019,-2.911388
-1.664344,-0.270930
-1.181645,-1.971690
-2.900301,-1.576190
-3.032552,-1.783802
-2.328233,-1.883060
-2.122541,-1.354290
-1.546950,-2.462723
-2.433331,-2.656130
-1.969285,-2.609764
-1.425810,-3.378014
-1.748831,-2.196145
-0.322796,-2.476905
-2.573775,-1.511425
-1.050655,-3.161894
-2.303591,-2.776887
-0.610661,-2.622881
-1.276624,-1.837807
-1.612755,-1.635566
-2.388760,-1.144581
-2.974017,-0.925654
-1.373129,-3.962086
-1.063685,-2.194367
-1.550888,-2.243804
-2.381708,-1.453889
-0.609282,-4.577631
-3.366297,-0.307643
0.372841,-4.303119
-3.424230,-0.301974
-2.952629,-2.875733
-2.587020,-3.056201
-1.666910,-3.784266
-3.142381,-0.129582
-3.875021,-1.448448
-2.669254,-2.338839
-0.984886,-2.545671
-2.011733,-1.702037
-0.848368,-3.024040
-2.638722,-2.036478
-2.587144,-3.058150
0.871065,-2.862745
-2.356852,-2.002065
-3.126347,-1.743763
-1.542272,-1.351478
-1.291584,-3.200418
-0.386614,-2.778165
-1.592016,-1.236295
-2.860615,-1.400802
-2.145011,-1.433519
-1.901984,-0.631600
-1.993777,-3.882542
-0.853222,-2.673997
-2.642732,-1.926081
-2.181787,-2.652510
-2.254117,-2.439610
-2.756099,0.078937
-2.611195,-1.357556
-2.937206,-0.964056
-3.003572,-2.724407
-2.871341,-2.419835
-1.566657,-2.264378
-0.982352,-2.538933
-3.352731,-1.531080
-2.724895,-2.521567
-0.834397,-2.855568
-3.372472,-2.136764
-4.022628,-0.474249
-2.446674,-2.087443
-0.994534,-1.487120
-4.128997,-1.521444
-0.036532,-1.012827
-1.413654,-2.163664
-2.557514,-0.589235
0.607057,-4.273093
-3.500246,-0.470356
-1.609368,-3.412746
-1.489991,-1.834788
-4.647393,0.357604
-3.258969,-2.285612
-0.789241,-3.707669
-2.428924,-1.657402
-2.183370,-2.091121
-2.122894,-2.170943
-1.576929,-3.914576
-3.588887,-1.234335
-1.196707,-1.613344
-1.327758,-1.794758
-0.453247,-1.991366
-2.210024,-1.816819
-1.474744,-1.760213
-3.803257,-3.394096
-1.450998,-2.227023
-1.413430,-3.090414
-0.866486,-1.538537
-2.353197,-1.317758
-1.332744,-3.351946
-2.406295,-0.933599
-0.070089,-2.530504
-1.075508,-2.566184
-4.576474,0.158096
-2.424483,-2.134307
-1.439211,-1.135663
-1.978674,-2.315633
-3.587318,-1.675913
-2.435829,-2.291865
-2.237578,-2.649768
-1.866862,-4.341638
-1.493956,-2.278096
-3.372021,-1.963449
-1.852271,-1.588474
-2.183065,-1.559184
-0.187165,-3.932429
-1.656054,-1.798564
-3.331171,-0.927961
-1.635996,-2.233474
-1.802631,-1.764904
-2.546255,-1.629860
-2.541741,-1.677032
-1.321984,-3.834235
0.853505,-3.190797
-2.595712,-0.369585
-1.324265,-1.699058
-3.504593,-1.949581
-1.050360,-2.412156
-1.930054,-2.777185
-3.127429,-1.700882
-3.351994,0.946267
-1.190334,-1.560059
-2.369459,-2.046373
-3.517822,-0.091708
-0.995313,-2.544628
-3.451541,-0.546106
-2.331358,-1.968373
-2.793714,-2.184076
-1.482230,-2.860116
-1.589001,-1.298565
-1.458828,-1.713725
-1.324354,-2.086946
-3.095924,-1.019225
-2.597376,-1.988963
-3.908593,-2.892848
-0.305488,-3.121713
-0.827692,-3.661248
-2.783406,-0.352682
-4.036355,0.111744
-1.923277,-2.066579
-1.305652,-2.907522
-0.321807,-2.505104
-3.219754,-1.940724
-1.228774,-2.380652
-2.759545,-2.289960
-1.771595,-1.657093
-1.677306,-0.638038
-2.836988,-2.403868
-0.449995,-2.293824
-3.412549,-0.622321
-2.284621,-1.622322
-2.487366,-3.003691
-1.522356,-0.695694
-2.298387,-2.003564
-1.377696,-2.125383
-2.730550,-0.736776
0.490366,-2.747992
-2.811682,-1.368425
-1.764105,-2.682638
-3.734808,-2.240661
-2.304610,-1.414843
-2.812266,-2.350522
0.597953,-2.353566
-1.147146,-0.916898
-2.726112,-1.161474
-1.660663,-1.259003
-2.794992,-0.729016
-2.376201,-0.483464
-2.587381,-2.016414
-2.804669,-1.943623
-1.471791,-2.130662
-1.273623,-1.410845
-2.492126,-3.636008
-3.110766,-0.841718
-2.476535,-2.311879
-0.778142,-4.040693
-2.594220,-1.606938
-2.561652,-3.137660
-3.598264,-0.461032
-3.844777,0.211551
-3.702165,-1.015625
-0.781760,-3.404737
-2.150678,-1.180711
-1.195782,-0.512446
-2.494377,-1.815706
-2.200403,-2.604920
-1.713114,-1.205321
-3.368627,-0.928199
-2.275021,-2.366571
-3.455877,-1.778702
-3.453598,-4.704136
-1.274283,-3.316780
-2.205097,-3.089784
-0.390734,-2.347696
-2.229197,-3.580069
-1.611648,-3.417908
-1.759268,-1.881115
-0.677613,-3.022085
-2.704197,-0.279778
-2.297760,-1.294517
-1.016139,-1.564986
-2.773922,-2.030457
-2.207282,-2.468418
-1.272004,-1.512529
-2.244632,-2.549963
-2.262991,-0.460481
-0.579891,-1.940166
-3.109512,-1.442404
-3.671541,-1.560355
-2.130300,-2.964643
-0.728665,-2.420245
-2.542854,-2.568223
-1.821706,-2.842931
-1.080685,-0.646196
-2.042209,-1.685859
-3.606108,-0.936744
-3.366558,-1.057944
-1.852904,-2.476792
-1.994789,-2.180145
-2.522401,-1.901884
-2.892823,-2.718830
-2.111580,-0.756395
-1.817957,-1.434188
-0.515971,-1.966446
-2.967279,-2.637852
-2.693690,-0.588576
-2.788945,0.452817
-2.925057,-0.600964
-3.156820,-1.921820
-0.267992,-0.747774
-0.348675,-3.341084
-1.539167,-1.607488
-1.564721,-1.220708
-1.625984,-1.599751
-2.462498,-1.829115
-0.985185,-1.736954
-2.043119,-0.960679
-3.345578,-1.172209
-1.935859,-2.404945
-2.847547,-1.061579
-2.686081,-2.368665
-2.285063,-0.857790
-2.404443,-1.432745
-2.927982,-1.121027
-2.871962,-0.413158
-0.973658,-3.159893
-2.629718,-2.066917
-3.922966,-2.053113
-2.350930,-0.958720
-0.227027,-3.669468
-0.914537,-1.667933
-0.875123,-2.325703
-3.060868,-1.331726
-3.331638,-1.083885
-1.851833,0.456194
-2.499527,-0.888304
-0.661745,-1.481202
-2.999452,-1.460982
-3.243329,-0.646786
-2.791368,-1.619035
-1.630458,-3.256138
-1.413122,-2.073700
-2.137493,-2.653801
-0.543072,-2.190446
-2.872736,-3.084912
-2.200987,-2.214400
-2.460684,-2.106541
-3.191163,-0.962229
-1.975812,-2.340233
-2.212760,-1.392307
-1.649593,-2.326552
-1.356030,-1.794262
-1.054180,-3.286427
-1.133309,-1.472009
-2.821801,-0.786045
-1.110192,-2.832567
-3.702170,-0.446525
-2.018181,-1.795408
-1.668564,-3.140411
-1.447653,-2.850619
-2.297990,-1.532074
-1.359198,-0.480392
-4.200294,0.294133
-2.469953,-0.870942
-2.411812,-0.546496
-0.551893,-1.466782
-2.842682,-0.190742
-2.394604,-1.206996
-1.783911,-1.428438
-2.030769,-1.591255
-2.087186,-2.046317
-3.553746,-0.235594
-1.608039,-2.101115
-0.529100,-2.404476
-2.220337,-1.981377
-2.463017,-2.989838
-3.527484,-0.147812
-3.740051,-0.385032
-2.076100,-1.054772
-2.699123,-1.618217
0.613108,-2.222230
-0.147604,-1.181842
-0.836836,-1.651232
-2.240046,-0.995904
-1.707937,-2.565464
-1.638136,-2.087095
-2.129975,-2.276741
-1.652227,-3.064761
-2.813163,-1.888694
-0.977695,-2.881295
-0.113555,-3.892843
-1.786827,-1.650276
-2.934360,-2.343554
-1.512339,-1.834882
-2.752969,-2.028902
-1.902738,-1.182372
-2.134617,-3.825617
-3.378717,-0.305949
-1.849751,-2.641804
-1.606615,-1.352366
-0.892957,-3.507987
-3.020068,-0.155313
-2.436411,-1.155892
-2.502972,-1.965203
-1.113504,-2.080363
-1.390770,-2.325398
-1.035463,-0.772649
-1.276839,-1.554698
-2.671166,-1.446077
-0.949157,-3.103806
-3.391170,-1.833647
-2.052302,-0.604811
-1.626296,-1.460007
-1.835773,-1.592845
-4.070466,-1.483510
-0.711960,-2.037358
-3.946814,-1.461112
-4.639064,-1.933075
-2.432379,-1.348826
-1.700879,-2.970667
-1.552424,-2.651728
-3.308405,0.131509
-3.403269,-0.918808
-2.735207,-2.336387
-2.035110,-2.517390
-2.776601,-1.930253
-1.077078,-2.526571
-2.303920,-2.396614
-1.617220,-3.083650
-2.496713,-1.085759
-1.703693,-3.011698
-1.203009,-3.190249
-2.545952,-2.332989
-3.582378,0.206160
-1.929599,-1.985329
-1.394522,-3.804506
-2.328109,-0.036792
0.153777,-3.683393
-3.367405,-0.974337
-2.932116,-0.300536
-2.512829,-1.731829
-2.303477,-2.143937
-2.130337,-1.616859
-2.597413,-3.349621
-2.340072,-2.677801
-1.374295,-3.315703
-3.271667,-1.839464
-0.878092,-2.415135
-1.900531,-3.226669
-2.765206,-1.364260
-2.168520,-2.055348
-2.023860,-1.290668
-2.642564,-2.855583
-2.427630,-1.912377
-3.190236,-1.705375
-2.468660,-3.013207
-2.065558,-0.709093
-1.674422,-2.519659
-1.655424,-3.057830
-2.852717,-1.651435
-2.419107,-1.596123
-2.846205,-1.546193
-2.002180,-0.122369
-0.573539,-3.518631
-2.277505,-2.438208
-1.792613,-1.086789
-1.315291,-4.734393
-3.555177,-0.684426
-2.611708,-2.456763
-1.353955,-1.277170
-2.333544,-1.473712
-0.095791,-3.161517
-2.312301,-2.295696
-2.980357,-1.867499
-1.877201,-0.905913
-2.345551,-2.078444
-1.313160,-2.304155
-0.442607,-1.190903
-0.839354,-3.290408
-2.159295,-1.687188
-0.898242,-1.869495
-2.207618,-1.052595
-1.622928,-2.779809
-2.973089,-2.127416
-2.626872,-1.474078
-3.135777,-1.291843
-3.365872,-0.223625
-2.796993,-1.895578
-2.494016,-2.055217
-0.763845,-3.431809
-3.039089,-1.025031
-1.898972,-2.408446
-3.637057,0.245479
-0.894587,-3.648558
-2.013486,-2.707721
-2.342682,-2.231213
-1.479183,-2.367298
-1.741231,-4.409840
-2.657701,-0.505070
-2.167136,-1.528196
-0.328119,-0.655914
-0.863055,-0.528848
-3.555618,0.017269
-1.810139,-2.173850
-1.422373,-2.116625
-3.195618,-2.028571
-4.654686,-0.126297
0.285523,-4.367320
-1.032135,-3.021293
-1.838782,-1.715936
-3.374833,-1.632641
-1.346068,-1.975385
-2.369361,-3.508035
-2.819037,-1.746216
-1.392801,-2.487133
-1.504974,-1.497806
0.212790,-1.950637
-0.969193,-3.418557
-1.220066,-2.724393
-1.933075,-1.900558
-1.573120,-1.120483
-1.441475,-1.170164
-1.576281,-4.608058
-1.946518,-1.726486
-1.542734,-2.467404
-2.596089,-0.733564
-1.615308,-2.186823
-3.271987,-1.957561
-0.841186,-2.235459
-1.047239,-4.043108
-0.490275,-2.591887
-0.664558,-2.543549
-0.804664,-1.416630
-1.577663,-1.355395
-2.624098,-1.826733
-1.984947,-2.006675
-1.156072,-1.956020
-4.116323,0.232176
-2.356202,-1.114995
0.506157,-4.014590
-3.006662,-2.241924
-0.237531,-3.335320
-3.609526,-0.759806
-0.558615,-1.133076
-3.383082,-1.831184
-0.292881,-1.527841
-1.692415,-2.840819
-2.712548,-1.550972
-2.240080,-1.472044
-1.269630,-1.521022
-0.836828,-3.045675
-0.676514,-1.681512
-0.887618,-1.189782
-1.580181,-2.310675
-3.420110,-1.535457
-3.293860,-0.680023
-2.083412,-1.370568
-2.339034,-2.470765
-3.087259,-2.924045
-0.934969,-3.205134
-2.581508,0.098584
-3.617772,-1.921286
-2.690771,-2.169834
-1.464543,-1.580954
-1.928153,-0.788667
-1.290991,-3.731835
-2.543718,0.065503
-1.997669,-2.025699
-2.749618,-0.718251
-2.987510,-1.937305
-3.095206,-1.104455
-1.184857,-3.596488
-0.743906,-1.778079
-1.204354,-2.410956
0.295936,-3.359131
-1.119056,-2.490122
-2.021630,-1.345382
-1.330521,-0.754950
-1.056507,-0.694964
-2.414936,-1.310351
-2.673709,-1.129568
-2.215336,-1.437371
-1.155092,-0.726387
-3.804417,0.131449
-2.490249,-0.308802
-2.673826,-0.781122
-2.288915,-1.139874
-1.410371,-2.654942
-0.675322,-2.748236
-2.023745,-1.276933
-0.846768,-2.188744
-1.291691,-0.475352
-2.996945,-1.600826
-0.721564,-3.060279
-1.475926,-3.258590
-1.454021,-3.127106
-3.744781,-1.222561
-2.347490,-3.083069
-0.661918,-3.617501
-2.754864,-2.395490
-1.619797,-4.251535
-1.658484,-1.406577
-1.086940,-3.560815
-3.044051,-1.169498
-1.722910,-1.896785
-2.005057,-2.772647
-2.956791,-2.424464
-0.949803,-3.742240
-2.035426,-0.802108
-1.173573,-1.996136
-3.177714,-0.784533
-1.617879,-0.515560
-1.510448,-2.731179
-3.856197,-1.084031
-2.448826,-2.179458
-3.773403,-1.411396
-2.465333,-2.581629
-1.678975,-4.219128
-1.615567,-1.900782
-1.898562,-1.866830
-1.131607,-1.884015
-2.567529,-1.306944
-2.410801,-2.054976
-3.280685,0.088894
-1.997278,-2.175348
-1.811841,-2.486829
-3.066723,-2.639948
-1.849814,-2.281281
-1.905496,-1.919892
-1.825060,-1.769840
-1.389113,-1.622884
-1.446729,-0.307333
-2.980307,-1.764858
-2.117874,-2.389433
-1.457967,-1.444170
-2.003794,-2.564720
-2.854749,-1.960513
-1.051824,-2.566201
-0.689832,-3.792890
-3.657977,-2.175624
-1.192046,-4.241941
1.313597,-3.416931
-2.439570,-2.230885
0.217914,-2.016700
-2.631456,-1.496930
-2.861755,-0.749485
-1.868479,-2.737933
-1.996711,-3.019312
-3.221643,-1.296338
-3.586235,-1.242451
-1.707441,-2.744974
-1.514591,-3.071837
-1.875816,-0.922191
-2.854340,-2.336343
-1.770125,-2.808495
-2.979904,-0.034541
-3.406013,-1.302938
-0.610469,-2.816154
-1.455651,-2.252763
-2.554764,-1.840348
-3.599785,-1.860614
-1.755495,-1.566015
-3.406799,-0.458387
-2.493085,-0.315155
-3.861862,0.185597
-3.372120,0.182186
-0.657030,-3.314235
-0.441115,-2.028629
-2.805770,-2.513785
-2.103728,-0.574723
-1.874361,-2.572679
-3.079989,-2.730690
-1.768979,-0.539709
-0.514953,-1.641988
-2.900055,-1.176968
-1.750940,-0.651372
-1.926532,-1.680896
-1.596201,-2.523675
-2.697086,-1.483265
-0.988517,-1.860497
-2.657917,-1.822196
-2.461164,0.574780
-3.475998,-1.718659
-2.058193,-1.353187
-0.031347,-2.776583
-1.619851,-1.257575
-1.493289,-2.022491
-2.366354,-1.445059
-2.494104,-1.643004
-1.996302,-4.045385
-1.069953,-2.139233
-0.569933,-2.369262
-2.968443,-0.558839
-1.343924,-1.631368
-3.114561,-1.110546
-2.480198,-2.333298
-3.281336,-2.785622
-2.173269,-2.679957
-2.321320,-2.473885
-0.670171,-3.983719
-1.055440,-1.879330
-1.868577,-2.978948
-0.396516,-2.460934
-1.670698,-2.056974
-1.540463,-4.214379
-0.407341,-1.969435
-1.367872,-3.258245
-2.323761,-2.301396
-2.829901,-2.001177
0.312417,-1.594591
-0.791161,-2.413677
-1.954472,-3.586475
-2.592286,-2.748619
-2.057449,-2.738397
-3.855104,-1.686834
-2.442782,-1.272112
-2.180685,-2.577471
-2.036553,-1.738161
-2.475563,-1.793572
-0.569149,-2.552387
-2.303460,-2.309422
-0.671357,-2.406176
-2.911220,-0.513441
-1.970185,-0.857431
-0.619571,-1.246328
-1.204068,-3.039296
-1.300018,-2.636394
-3.618217,-0.620189
-3.819175,-3.088968
-1.871155,-1.130374
-2.639620,-2.426679
-1.237636,-3.316902
-0.165117,-2.258887
-1.682526,-0.872792
-2.131887,-2.632625
-1.622348,-2.839856
-0.960987,-1.817221
-2.655802,-1.073320
-0.415098,-3.289847
-1.027725,-1.566040
-2.704385,-1.153452
-0.251391,-3.884704
-1.231551,-2.363108
-0.879722,-2.857936
-0.771823,-4.613793
-1.511115,-3.035068
-3.164337,-2.490715
-1.752595,-2.863144
-2.691687,-1.500038
-1.701642,-3.377188
-2.345488,-3.302928
-3.410228,-0.594130
-1.736077,-3.318388
-0.768843,-2.859979
-0.657129,-3.520862
-2.789753,-1.796205
-0.704845,-2.457457
-1.158561,-3.119128
-2.401849,-2.202281
-1.241423,-3.317087
-2.659006,-2.069545
-2.521623,-1.733605
-1.838714,-2.886706
-1.637501,-1.235552
-2.587899,-2.376858
-3.389332,-1.495903
-3.577716,-0.583139
-0.959891,-2.481355
-1.508863,-2.048283
-2.769265,-2.609911
-1.688610,-1.809981
-1.469519,-1.274640
-2.391047,-1.850859
-2.428306,-2.064135
-2.132638,-1.508243
-0.540903,-2.686501
-3.661241,0.207240
-0.455325,-3.971460
-1.037899,-3.253898
-2.953186,-1.765094
-5.072563,-1.808161
-1.595500,-2.025234
-1.487849,-3.599983
-1.690765,-0.380836
-3.945208,-0.401376
-3.204677,-0.864102
-2.899207,-1.311439
-0.216421,-2.181752
-3.823381,-0.597409
-2.883648,-1.261360
-4.635178,-0.857731
-2.569227,-2.878030
-0.683836,-3.432057
-2.115572,-2.895739
-2.075656,-0.625596
-3.382538,-2.494224
-2.129149,-1.541124
-1.097666,-2.556478
-1.971123,-2.849214
-0.558565,-2.607093
-3.190804,-0.950518
-2.089554,-0.383971
-2.152420,-1.924990
-2.825586,-2.012164
-2.398069,-1.450836
-1.515864,-3.779128
-0.890380,-2.596973
-1.720366,-2.304667
-2.961859,-0.595325
-1.937117,-3.049979
-2.749764,-2.221305
-2.962267,-0.791959
-2.589349,-2.365614
-1.972168,-0.899387
-1.417873,-1.653901
-1.680542,-2.381738
-3.992298,-0.379182
-2.661929,-1.727167
-1.894804,-1.409068
-1.572452,-3.132734
-2.410800,-1.427572
-2.880433,-0.849647
-3.262545,-0.040637
-2.782199,0.471720
-0.703812,-1.815794
-2.379143,-0.750548
-3.180839,-1.128341
-2.494730,-1.925817
-4.376809,-0.376040
-1.301607,-3.515928
-1.983271,-2.078533
-2.755398,-1.213607
-1.330027,-2.187036
-2.905210,-0.887659
-2.710586,-1.206033
-1.425811,-1.875840
-1.695791,-1.299790
-3.392263,-0.721063
-2.026226,-0.905759
-2.100263,-1.389602
-1.996470,-1.748107
-2.755844,-1.851942
-0.573009,-3.514704
-1.043454,-1.336439
-1.975484,-1.462492
-1.941515,-2.654357
-1.907286,-3.352925
-2.475791,-1.217578
-3.004487,-0.445796
-3.201023,-2.780350
-3.633063,-0.327773
-0.082473,-3.691742
-1.721039,-3.125560
-2.524535,-2.062938
-2.946870,-1.168593
-2.063031,-1.370381
-2.110934,-1.674743
-1.375906,-1.130591
-3.076244,-1.614575
-1.434417,-3.359596
-2.922692,-2.181695
-2.106171,-3.236848
-2.475358,-0.861810
-2.998341,-1.476453
-0.894286,-3.940568
-1.512133,-3.845648
-3.108058,-1.138818
-1.698993,-1.197832
-0.809936,-2.575819
-0.615818,-3.131691
-3.494256,-1.645063
-2.605123,-1.170025
-2.206774,-2.993700
-1.962490,-1.543670
-2.215595,-2.765406
-2.068040,-0.747413
-2.031351,-0.379583
-2.143338,-3.271861
-2.557076,-1.845883
-3.373817,-1.663161
-1.131256,-2.800679
-1.814145,-1.511047
-2.873389,-3.043759
-4.972635,1.006159
-4.564511,0.438566
-1.246874,-3.070456
-2.643438,-0.737302
-2.297060,-1.764261
-2.186495,-1.962468
-2.578510,-0.505535
-1.922580,-3.554834
-1.116315,-3.239960
-2.218958,-1.835917
-2.553010,-1.461522
-3.127526,-0.363679
-2.770955,-2.739850
-2.053790,-1.447068
-1.960082,-3.196149
-3.432345,-1.536217
-2.128424,-1.841652
-2.867364,-2.093875
-2.379332,-2.588102
-1.812157,-1.683772
-2.028049,-0.477145
-1.912359,-2.368890
-2.814584,-0.610314
-2.095111,0.047629
-0.864761,-2.325942
-0.699335,-1.737194
-0.512533,-2.569814
-1.243345,-2.202232
-3.420220,-1.223781
-0.857859,-3.401126
-2.306720,-2.977742
0.348605,-3.131943
-3.592725,-1.009170
-1.342704,-1.849522
-1.823609,-0.397270
-3.051017,-1.974342
-3.033998,-1.663812
-1.386915,-1.500551
-1.252504,-2.820701
-1.432785,-3.555891
-0.711294,-1.658490
-0.706858,-0.649059
-2.335928,-0.681994
-1.129386,-3.024106
-1.165042,-3.144779
-1.625167,-2.416739
-2.845892,-1.416034
-3.463476,-2.002433
-2.606067,-1.829650
-1.788060,-1.349012
-0.017061,-2.513849
-0.901331,-1.236741
-1.401054,-1.278058
-1.918134,-1.814637
-2.210416,-2.009111
-1.664349,-2.110087
-2.358096,-1.408337
-3.208685,-2.309444
-3.154165,-1.588414
0.350467,-2.502943
-3.226509,-0.783974
-3.091940,-1.239287
-1.890645,-2.703679
-1.575508,-2.683571
-2.805965,-4.042562
-2.325749,-2.643454
-2.377356,-1.862469
-2.543238,-1.443709
-1.536311,-3.729824
-1.357171,-3.506637
-0.931767,-2.148892
-3.091844,-2.769192
-1.260060,-2.776583
-1.089759,-2.829215
-1.340471,-2.793688
-1.451118,-2.436695
-2.801271,-0.305772
0.191971,-1.680734
-3.365544,-1.320365
-1.079506,-2.580003
-1.726466,-0.506383
-2.772209,-1.891540
-1.247307,-2.126079
-0.091807,-2.413542
-1.048580,-1.991905
-1.511279,0.566188
-1.874567,-2.403329
-1.627682,-2.198591
-0.835825,-1.952253
-3.001591,-1.255403
-1.602627,-2.833562
-1.346847,-2.159362
-1.756262,-1.421839
-3.138755,-0.562588
-1.285452,-0.258247
-2.739057,-1.750616
-2.773743,-2.892084
-2.747141,-1.802369
-1.661108,-3.203975
-3.119684,-1.139160
-2.469053,-1.145206
-2.365128,-2.018111
-2.642275,-1.783626
-1.582376,-1.311382
-3.358586,-1.077451
-2.030185,-1.385542
-1.823840,-1.412597
-1.752048,-0.410309
-3.949801,-0.215028
-3.218314,-0.342591
-1.542745,-1.850165
-1.819553,-2.223126
-1.010158,-2.909418
-2.447443,-0.831998
-1.446595,-0.816658
-3.599059,0.097329
-3.209073,-0.441748
-1.595779,-1.443373
-3.118767,-3.240877
-2.528739,-2.976892
-1.936668,-2.608525
-2.058820,-2.992767
-1.285254,-3.361737
-1.827760,-2.470344
-1.871043,-1.422587
-1.562819,-3.311840
-3.063026,-0.179632
-1.955012,-3.298411
-1.694879,-2.558285
-3.741498,-2.560476
-0.264632,-1.935412
-1.982884,-1.954774
-1.116851,-2.094471
-0.650401,-3.774571
-0.207550,-3.812261
-2.428642,-3.201233
-2.530115,-0.779805
-3.645140,-1.861525
-0.529756,-2.268164
-2.000149,-0.596307
-1.846872,-2.262472
-3.209143,-2.141982
-0.902050,-0.562901
-2.491820,-3.111615
-2.806602,-2.094558
-1.363565,-1.548866
-2.727598,-1.760922
-3.560121,-2.107810
-2.362698,-2.021299
-0.561800,-4.648912
-1.613990,-1.639302
-2.166889,-2.129180
-2.564172,-1.161585
-2.576450,-0.849120
-1.047914,-2.281178
-2.132117,-0.467708
-1.725048,-2.638078
-2.341664,-0.816781
-1.894265,-2.778164
-1.585358,-2.335384
-1.021267,-2.559001
-0.920389,-3.911300
-2.619047,-2.300317
-1.701330,-2.425970
-4.489925,-0.816178
-2.716524,-2.308311
-1.517508,-3.357531
-1.147540,-1.418658
-3.246528,-1.211652
-1.473556,-1.935109
-2.368257,-2.268392
-1.762318,-0.616712
-2.238334,-0.405085
-2.420613,-2.662022
-1.303697,-4.768274
-1.570482,-1.922692
-2.608583,-1.148322
-1.047816,-2.297684
-1.514242,-3.589504
-3.147410,-2.085770
-1.826098,-3.151588
-1.852373,-1.559421
-2.821858,-1.758455
-1.487108,-1.777823
-1.997139,-2.915775
-1.748313,-2.859551
-2.040022,-1.986852
-2.255062,-2.545035
-0.868042,-2.482764
-2.514585,-1.920232
-1.344669,-1.443195
-1.940839,-2.065413
-2.787592,-0.142064
-0.909830,-2.019777
-2.378132,-2.672469
-3.484195,-1.225311
-1.749025,-2.632302
-4.240064,-0.711899
-1.649251,-2.693046
-2.491326,-1.578169
-1.110193,-2.266014
-3.986339,-1.636813
-1.153807,-2.334256
-1.009784,-3.145109
-2.789159,-0.588186
-2.077535,-1.175126
-2.450011,-1.887225
-3.073515,-1.402317
-2.688074,-2.967824
-1.546931,-2.374443
-1.560961,-1.515207
-1.819569,-2.577988
-1.410658,-2.347982
-4.494327,-1.816051
-1.753155,-2.597828
-0.216001,-3.908066
-1.913455,-2.525411
-1.088155,-2.999224
-1.410854,-3.431200
-1.316479,-1.661922
-2.048427,-1.337710
-3.478552,-0.080961
-1.374798,-3.187951
-1.325594,-2.810131
-2.115041,-2.827596
-2.302455,-0.701996
-2.656356,-2.345592
-2.411178,-2.200627
-3.711360,-1.484316
-2.251259,-1.112249
-2.678198,-1.125507
-0.517566,-1.089321
-0.881390,-2.400502
-1.844516,-1.812590
-2.833564,-2.248926
-1.476155,-3.801040
-1.489622,-2.262160
-2.122923,-3.313463
-3.564809,-1.973830
-2.791185,-1.960215
-3.317252,-1.208353
-0.495089,-3.544480
-0.866797,-2.322358
-2.600103,-2.028981
-1.680425,-3.417144
-0.810723,-1.825546
-1.401993,-1.650978
-1.678014,-4.242966
-0.852695,-2.490219
-1.304990,-1.805331
-3.573105,-1.384121
-2.028532,-0.583430
-3.692025,-1.901918
-0.617894,-3.830732
-1.222826,-1.934310
-0.954126,-2.630131
-0.889388,-2.765549
-1.424892,-2.216604
-2.788624,-3.418789
-1.855762,-0.974200
-0.871378,-2.319092
-2.143768,-3.206137
-1.562498,-2.621316
-0.181667,-2.468701
-0.944974,-3.596452
-0.524404,-2.121796
-0.281988,-2.892835
-2.794605,-2.453129
-1.786814,-2.395754
-2.829065,-1.815898
-2.522458,-1.428767
-2.831372,-2.049850
-1.736064,-2.153705
-2.090486,-1.949070
-3.524837,0.099132
-2.506543,-1.246561
-2.362516,-1.438879
-3.604279,-0.455801
-1.677307,-0.237379
-2.707808,-1.576692
-1.612097,-2.883461
-1.447103,-0.768642
-2.716030,-1.670522
-1.810650,-2.338796
-1.067842,-3.389881
-0.176585,-1.045302
-3.339240,-1.733847
-1.294034,-4.011978
-3.898758,-1.450282
-3.274205,-0.486061
-2.359289,-2.785338
-2.821409,-0.632374
-2.915772,-1.356748
-1.836523,-0.681858
-3.043372,-2.012334
-2.072872,-1.172333
-3.159710,-0.255304
-2.645793,-0.737912
-0.411869,-2.758747
-1.105414,-0.897620
-1.319627,-3.812519
-1.872408,-0.615982
-1.953340,-2.161646
-2.421468,-2.062676
-3.096540,-1.386075
-3.268136,-2.055123
-4.548476,-1.571888
0.047527,-1.794085
-2.417388,-2.242415
-1.112027,-3.324038
-2.007593,-1.505707
-3.172211,-2.614033
-1.950828,-1.710191
-2.287193,-1.683344
-1.396442,-3.525097
-3.438417,-1.337274
-1.522837,-2.773423
-0.629463,-2.736731
-0.359481,-2.556513
-0.975162,-3.304419
-1.902437,-1.306995
-2.156505,-2.546229
-3.138195,-0.680337
-2.761531,-3.057110
-2.168397,-1.836587
-1.216336,-3.564792
-1.847150,-1.685455
-1.622459,-3.386377
-2.520768,-2.320449
-0.938542,-1.286140
-1.451681,-1.525570
-1.305288,-3.462561
-1.868622,-3.235314
-0.371975,-3.434958
-2.807893,-2.137785
-1.315686,-2.606344
-1.501475,-1.465435
-3.315976,-1.352337
-2.441827,-2.558997
-3.167824,-0.565868
-3.042258,-1.321008
-2.511825,-0.743820
-3.779468,-1.564344
-1.516008,-1.386451
-0.928747,-2.549374
-2.144265,-1.154688
-1.980224,-1.402173
-1.782314,-1.032774
-1.208247,-2.451340
-3.447367,-1.336356
-1.139297,-2.336336
-3.264056,-0.870201
-1.900811,-1.735339
-0.481574,-1.324689
-1.154226,-2.755729
-3.186085,-3.002285
-1.946625,-3.405562
-3.470378,-2.222824
-3.405576,-1.774193
-3.530928,-1.865528
-1.899656,-1.165204
-3.106888,-2.114231
-2.705517,-0.748696
0.097307,-3.986613
-3.895825,1.012307
-1.295827,-2.160140
-1.152504,-1.832923
-0.690593,-2.100834
-2.475782,-0.881599
-3.290463,0.296308
-2.321517,-0.552081
-2.386028,-1.149776
-1.745236,-2.918298
-2.069565,-1.321232
-2.256226,-2.225353
-1.908544,-2.144290
-2.349285,-1.872867
-3.064880,-1.045814
-1.483269,-2.597528
-0.039509,-1.947168
-2.574005,-1.438619
-3.329211,-0.875834
-2.323096,-2.381055
-1.080049,-2.709126
-3.360600,-1.517667
-1.894564,-2.308996
-2.883898,-1.547537
-2.294515,-0.990066
-1.573242,-2.719797
-2.288198,-2.148802
-0.483831,-2.033758
-0.339778,-3.427411
-3.584573,-1.221132
-1.571428,-1.525787
0.609658,-4.660050
-0.156687,-2.879972
-0.421510,-1.794040
-0.948179,-2.602171
-1.359677,-2.877621
-1.983410,-1.990793
-2.719474,0.146812
-1.329593,-2.627558
-1.687866,-3.703475
-0.580773,-1.735896
-0.250349,-3.173346
-2.770267,-1.972944
-2.238359,-1.121211
-2.042744,-2.107646
-2.209342,-2.634587
-2.395789,-2.109323
-2.444913,-2.165145
-1.703150,-2.841589
-3.787693,-1.589695
-3.151062,-0.080857
-0.935525,-3.642773
-0.271359,-3.081786
-2.991011,-0.779797
-2.963894,-0.852432
-2.694904,-1.013119
-1.625330,-1.601006
-1.136151,-1.406907
-1.443224,-1.989614
-2.174609,-3.398590
-3.211990,-2.591996
-4.038312,-0.315850
-2.087668,-2.222367
-1.951821,-1.707994
-2.549701,-4.004413
-1.289324,-3.195926
-2.150902,-1.665542
-3.473772,-2.169148
-1.447327,-2.993628
-1.959665,0.680178
-0.286397,-2.621980
-1.797160,-1.646657
-0.175513,-2.469434
-0.733826,-4.580876
-2.062979,-2.530259
-2.364718,-2.319985
-1.783342,-2.401061
-1.732289,-2.119129
-3.152817,-1.600754
-3.142549,-0.808272
-3.263349,-1.079159
-1.209699,-2.710070
-4.902984,-0.462175
-2.497854,-1.324693
-2.952754,-2.253001
-2.248170,-1.456391
-0.649574,-3.219179
-1.966509,-2.387337
-1.416645,-1.495682
-2.918461,-2.124933
-2.452662,-1.591647
-2.086159,-3.153529
-2.984123,-1.586368
-3.324679,-1.751852
-2.410659,1.044388
-1.821421,-0.882150
-1.883493,-2.668804
-2.958387,-0.890210
-0.773144,-3.149568
-1.034406,-3.150751
-2.178603,-0.361983
-1.570245,-1.091722
-0.751333,-1.547974
-1.778508,-3.030691
-1.974576,-2.772867
-1.821969,-0.925771
-1.857781,-1.830919
-0.754644,-3.149093
-2.827159,0.239851
-1.270968,-3.167176
-4.741095,1.159195
-2.515407,0.109181
-0.671804,-2.604317
-1.291361,-0.966970
-4.115161,-0.716611
-4.895928,1.064959
-3.873708,-2.778539
-3.950295,-2.203852
-2.151800,-2.401088
-2.314012,-1.506662
-1.885339,-0.868729
-1.232742,-2.971663
-1.728185,-3.192522
-4.308220,-0.960703
-0.190916,-1.614823
-1.922381,-2.142067
-2.949330,-2.255605
-1.509773,-3.106845
-2.566807,-0.761626
-1.520946,-2.612564
-3.867441,-2.517414
-1.882778,-1.359269
-0.879550,-2.470324
-1.107643,-1.081660
-1.251568,-2.157539
-0.689366,-3.235434
-2.968770,-1.556635
-2.509500,-0.570305
-2.260187,-2.011079
0.346491,-4.995115
-3.090028,-1.183373
-2.623341,-1.840657
-0.390359,-2.861769
-1.067367,-3.194887
-2.654669,-2.023580
-2.373821,0.346128
-1.684053,-3.086247
-1.043723,-1.803229
-2.045335,-1.203673
-3.591885,-1.313674
-2.409727,-1.538956
-1.797902,-1.052955
-2.216993,-2.479755
-0.212627,-2.033188
-2.647531,-2.720319
-4.052671,-1.657260
-0.815728,-3.500262
-1.370456,-2.317611
-0.168682,-3.505245
-3.598091,-1.383823
-2.073102,-2.728450
-2.815192,-2.260272
-1.035633,-3.115473
-2.216634,-1.632878
-1.285134,-2.046537
-2.784100,-2.385096
0.578175,-4.056549
-2.332773,-2.777176
-2.600170,0.215041
-2.989842,-0.783971
1.328048,-4.152781
-1.482356,-3.076802
-1.762840,-0.205346
-3.248285,-0.579056
-3.192815,-1.912910
-0.054807,-2.865220
-3.003529,-2.444788
-1.649958,-1.733093
-2.471213,-0.900616
-2.109642,-2.738690
-1.700359,-1.497500
-1.993805,-0.425870
-2.585456,-2.524826
-2.899449,-1.017578
-0.577290,-2.798991
-3.031205,-0.585768
-3.475543,-1.008973
-0.942670,-2.202807
-1.091905,-1.702891
-1.538533,-1.242758
-2.996723,-1.903332
0.115675,-3.333737
-2.998417,-2.019548
-1.996284,-0.613106
-2.354210,-3.579320
-2.204371,-0.523207
-0.977435,-2.248561
-2.341955,-1.767578
-2.753814,-1.748247
-0.843291,-2.750869
-3.505636,-3.041230
-1.313193,-3.359008
-3.215896,-2.306703
-0.754363,-1.307969
-1.993301,-1.877609
-1.456140,-1.561806
-2.146093,-2.073807
-1.468926,-1.205322
-2.319455,-1.623067
-3.280915,-1.241260
0.996933,-4.549194
-2.688770,-1.933454
-1.138099,-1.603949
-1.655788,-0.869548
-2.309412,-1.844255
-2.428907,-1.202969
-2.495125,-1.735167
-1.771829,-2.762521
-2.125534,-1.224980
-0.089930,-4.642860
-0.871686,-3.626618
-1.403471,-2.448405
-1.095825,-0.773796
-2.003653,-1.357820
-0.935994,-3.398800
-0.762543,-2.638901
-2.215929,-2.125623
-2.962950,-1.306341
-2.494924,-0.184428
-0.892764,-1.993746
-2.294615,-2.099434
-3.135447,-2.451606
-1.325262,-2.256950
-1.206040,-1.715825
-1.594527,-2.284000
-2.659784,-2.868158
-2.181231,-1.501609
-1.561102,-4.908665
-0.991964,-1.777440
-5.264583,-0.556283
-2.827045,-0.011422
-0.553214,-1.563600
-2.517770,-1.709699
-0.407045,-3.490871
-0.916458,-0.844738
-1.623907,-3.262186
-0.229648,-1.114151
-0.349585,-2.342308
-0.435089,-3.133259
-2.434922,-2.264810
-3.021890,-1.778542
-0.757035,-3.554587
-1.075969,-2.664793
-0.970213,-1.465763
-1.585708,-2.138551
-1.206830,-3.219796
-0.618113,-2.197104
-1.669124,-2.981277
-2.615652,-2.098057
-2.241926,0.199664
-0.799980,-2.354390
-1.446496,-2.910078
-2.527790,-1.332375
-1.594905,-1.306790
-2.919594,-1.029298
-1.450084,-2.548994
-0.733368,-2.480587
-2.389746,-2.715804
-3.168281,-0.845675
-0.780707,-2.076323
-4.032514,-1.854464
-2.880136,-0.962111
-2.875241,-1.192710
-2.480549,-1.823693
-3.195022,-1.476341
-2.799384,-1.021948
-3.159964,-1.849294
-2.099535,-1.367258
-3.257013,-0.045243
-1.805415,-2.824096
-2.929127,-1.610844
-1.979700,-2.879448
-2.005644,-1.775100
-0.870040,-1.434959
-1.615448,-0.626293
-2.479744,-2.253080
-1.200183,-2.922846
-2.800912,-1.496225
-2.040435,-0.556244
-1.851141,-3.248357
-2.686649,-1.044373
-1.933179,-1.369458
-0.457873,-3.100878
-1.925345,-1.612759
-1.132806,-2.786535
-1.059301,-1.896983
-2.224884,-2.375166
-0.705483,-2.421668
-1.888039,-0.188556
-2.227560,-2.785388
-2.239803,-2.457948
-1.217963,-2.307615
-2.739146,-0.847664
-1.687793,-1.491683
-1.078040,-1.472038
-4.912107,0.282484
-2.441831,-0.347367
-1.813324,-0.900274
-1.982850,-1.368304
-2.000788,-1.858837
-2.340226,-1.238457
-0.838736,-2.652158
-2.065350,-2.490649
-3.306924,-1.626947
-2.298239,-2.767818
-0.455311,-1.151842
-1.413297,-2.738028
-2.986275,-0.575214
-2.226450,-2.466453
-2.745274,-1.578626
-4.024630,-0.257964
-3.024784,-0.097625
-2.831689,-1.326534
-1.732086,-2.527836
-2.643310,-0.832534
-1.028286,-4.260232
-1.614808,-1.848940
-2.052879,-2.449856
-0.691161,-2.395826
-1.245955,-1.073588
-0.528809,-2.779968
-2.050730,-1.102127
-2.969435,-1.537606
-1.760351,-2.073238
-0.615708,-2.352650
-0.438147,-4.724115
0.003156,-2.903395
-2.453188,-2.079742
-1.951285,-1.784468
-0.853485,-3.000562
-2.420251,-0.014796
-2.609839,-1.131865
-2.447827,-0.846462
-1.483455,-3.430202
-2.883881,-1.784626
-0.467439,-2.243192
-2.086794,-1.978146
-1.182569,-3.266122
-2.155142,-2.749977
-0.073422,-2.178670
-3.273065,-0.831909
-1.712953,-4.012434
-2.735685,-3.517825
-2.618577,-3.402837
-1.820159,-1.983428
-0.752306,-1.075933
-0.956203,-1.313518
-1.250188,-0.737062
-1.020841,-4.061645
-0.949899,-1.446951
-2.133063,-2.547120
-2.072461,-1.021628
-1.679968,-3.008671
-2.843447,0.092266
-2.842917,-0.216415
-1.277247,-2.755720
-0.592838,-2.431336
-2.385177,-3.326522
-1.535838,-1.338948
-0.869930,-3.255104
-1.024215,-1.984689
0.340313,-3.205332
-1.469364,-2.690627
-2.004124,-0.516979
-2.406946,-2.318051
-0.956661,-1.877247
-1.069826,-2.601296
-1.626809,-1.613925
-2.246507,-2.187375
-1.824842,-2.697953
-0.552325,-2.941627
-2.914891,-2.551232
-1.786469,-2.489032
-1.552956,-2.566927
-1.460215,-1.645430
-1.699130,-1.707236
-1.326238,-3.735304
-1.008134,-3.387599
-1.214292,-1.117995
-0.856832,-2.293857
-1.267265,-2.708839
-2.330021,-2.593799
-0.468949,-1.933558
-1.038909,-1.962452
-2.893282,-1.717781
-1.936712,-1.942584
-2.624237,-1.780808
-1.045298,-3.655144
-3.025106,-1.006289
-2.373131,-3.101967
-3.174978,-1.032300
-2.600598,-0.716998
-1.858986,-0.481563
-2.171450,-1.962035
-2.937379,-0.228648
-0.867934,-2.088705
-4.462014,-1.837974
-1.327279,-3.482811
-2.231744,-0.979363
-2.011736,-1.111869
-1.643296,-3.562750
-3.033359,-0.862855
-3.396035,-1.302552
-1.720803,-3.550062
-2.127694,-0.740305
-2.710874,-1.772499
-2.246927,-1.143371
-0.421298,-3.929109
-1.687980,-1.203967
-1.851753,-1.999205
-1.809016,-1.925699
-1.117319,-3.488133
-0.288488,-4.153466
-2.825277,-1.966747
-1.586820,-2.022477
-4.398592,0.316971
-2.716274,-1.470569
-2.322465,-1.705911
-1.735789,-2.466729
-2.935457,-0.775397
-1.175505,-3.248733
-0.763877,-2.308698
-0.911428,-2.226743
-2.773588,-1.082100
-2.722218,-1.779240
-3.355268,-1.884493
-1.753132,-2.554524
-2.001704,-0.293049
-1.654368,-2.442370
-1.018639,-3.064480
-3.851809,-1.943960
-1.656998,-1.624978
-2.144077,-2.045276
-3.163439,-1.645311
-2.248105,-3.598127
-2.171180,-1.607667
-1.950193,-2.943462
-1.910868,-1.993000
-1.935895,-4.010094
-1.232558,-4.221004
-0.997939,-3.086070
-2.157505,-2.010474
-2.110274,-1.488924
-2.241175,-1.669709
-1.752677,-3.582379
-0.945531,-1.919053
-3.751536,0.308757
-1.776486,-1.156543
-3.771489,-1.150729
-3.720144,1.308058
-1.315832,-3.682651
-3.921099,0.957928
-1.443230,-2.477576
-2.208716,-0.902572
-3.063830,-0.693927
-2.424782,-1.939035
-1.683043,-3.292047
-1.703392,-1.952412
0.283472,-2.237149
-1.826183,-3.031071
-3.160494,-3.209450
-2.808379,-2.181863
-0.263761,-3.592788
-1.150495,-0.904247
-2.069468,-1.758345
-3.324979,-3.253438
-2.090759,-1.957696
-2.291566,-2.542259
-2.977662,-1.998969
-2.416804,-1.195020
-3.446497,-1.017523
-3.051885,-0.735803
-2.361431,-2.491700
-2.580636,-1.895453
-1.587150,-1.635433
-1.814769,-1.867998
-3.029441,-0.407735
-1.614582,-2.790900
-1.061079,-0.817360
-0.749046,-3.060802
-2.874326,-0.511050
-2.745375,-2.974255
-3.545552,-0.927656
-1.049230,-2.699849
-3.033501,-0.561619
-1.560237,-2.191762
-2.336648,-2.131469
-2.470390,-2.353896
-0.867237,-2.580217
-1.671235,-2.354448
-1.615016,-2.951951
-1.874957,-2.712327
-1.546334,-2.256230
-2.823272,-0.415819
-2.026540,-2.606036
-0.795907,-3.877238
-1.021497,-2.923986
-3.642622,-0.752566
-0.839898,-3.356098
-0.987694,-1.751214
-0.863535,-4.128102
-3.443821,-2.125738
-2.829591,-1.835761
-2.913251,-1.135711
-1.562322,-1.838873
-2.634564,-2.601555
-2.362513,-3.264636
-2.320867,-3.817941
-4.038114,0.011794
-2.879265,-1.955978
-2.068332,-1.157878
-2.852115,-1.230511
-3.183218,-1.424435
-2.299888,-1.651841
-1.897197,-3.932619
-1.888735,-2.406587
-1.241497,-1.708518
-2.863211,-0.479575
-2.548529,-1.531391
-1.938139,-1.632287
-1.825021,-1.582430
-2.287274,-2.207950
-2.344446,-1.891558
-3.471434,-0.955956
-3.656742,1.296419
-0.393305,-2.355034
-1.608556,-1.825899
-3.752954,-1.022058
-1.221977,-2.024598
-2.794792,-3.430056
-2.649884,-0.980710
-1.917222,-1.957639
-3.432104,0.444768
-1.192848,-2.684083
-2.444633,-0.390479
-0.949480,-3.551800
-0.698141,-2.662194
-0.437084,-2.008243
-3.245176,-1.001634
-1.299135,-3.489852
-1.964546,-1.183267
-3.250712,-3.317316
-3.599144,-2.421271
0.334350,-3.336067
-0.847612,-2.901778
-2.482286,-2.323034
-2.453679,-2.096657
-2.234291,-2.151908
-1.895548,-2.764095
-0.795664,-2.351825
-2.173557,-2.958027
-1.909726,-2.618100
-1.302010,-1.984564
-1.646113,-2.733446
-2.335018,-1.221052
-0.921951,-2.112021
-2.367994,-0.792838
-2.348856,-1.824801
-1.761532,-3.622068
-1.919467,-2.066331
-1.829301,-2.281700
-2.367241,-0.005394
-0.897965,-2.813520
-1.707524,-1.617511
-2.407293,0.595293
-2.603174,-1.356755
-0.442621,-1.070600
-0.924044,-2.253247
-2.440509,-2.898121
-4.356808,-1.385450
0.210943,-3.510827
-1.520653,-2.047753
-1.693513,-1.705872
-1.292801,-1.804962
-2.031853,-0.419235
-3.147906,-0.958543
-2.394210,-1.188425
-3.026563,-2.297206
-2.347938,-1.043323
-2.993621,0.159204
-2.180410,-1.921341
-0.221588,-1.960698
-2.011819,-3.857174
-2.735839,-1.177202
-2.135703,-1.677728
-0.899279,-2.731868
-1.951846,-2.510925
-2.836838,-0.372071
0.100812,-3.884504
-3.546207,-1.699744
-0.751909,-2.247826
-2.595946,-3.382274
-3.126160,-1.048146
-2.348277,-1.701005
-3.520283,-1.578694
-1.915791,-0.765508
-1.201183,-3.538360
-2.883715,-0.035122
-1.897702,-3.316799
-2.080004,-1.590383
-0.782108,-0.884546
-2.980325,-1.860119
-2.886863,-1.054959
-0.963428,-2.135534
-3.169975,-0.614176
-1.097105,-2.789779
-1.058675,-2.714821
-3.641710,-2.334912
-2.806538,-1.567223
-2.176720,-3.150614
-0.187996,-2.047356
-2.088208,-0.617098
-0.358201,-1.843142
-2.336735,-2.452091
-1.590563,-3.457792
-1.800326,-3.093550
-1.482554,0.083716
-1.899919,-2.327773
-0.853688,-4.071574
-0.189570,-2.996984
-4.214910,-0.866129
-1.948382,-2.300084
-2.539180,-1.355510
-4.205752,-0.543412
-3.076651,-1.518576
0.100572,-2.673950
-3.417450,-0.172562
-2.023570,-3.114947
-3.548893,-2.577897
-2.963887,-1.453997
-2.156026,-2.917070
-0.784398,-3.273746
-2.215182,-1.876545
-2.918124,-1.021975
-3.354055,-2.114638
-0.875552,-1.640938
-2.674697,-0.991665
-2.140246,-2.795980
-1.222586,-2.139931
0.614686,-2.819650
-2.464904,-0.319182
-2.478276,-1.413764
-2.510203,-1.855849
-3.903295,-0.235201
-1.720802,-2.544672
-0.969150,-2.221810
-1.613413,-2.512435
-2.621896,-0.307283
-0.522963,-2.296278
-1.523908,-3.977245
-1.570693,-2.136376
-1.586013,-1.975071
-2.703470,-3.355853
-2.595198,-2.925395
-2.629164,-2.623716
-1.770674,-0.874650
-1.523554,-4.518325
-1.175176,-1.695463
-2.348432,-2.078242
-0.706608,-2.569908
-4.266091,-1.603285
-0.981990,-0.473110
-1.570885,-2.619861
-2.174281,-2.234213
-2.049315,-0.149138
-0.990994,-3.943387
-2.779065,-0.620620
-2.029934,-1.273521
-1.842658,-1.676157
-1.832169,-2.395843
-2.121200,-2.286154
-2.257193,-1.445178
-0.485492,-3.717787
-1.252864,-1.216991
-1.703468,-2.200084
-1.272431,-1.405390
-1.357708,-3.427227
-1.255226,-2.730762
0.026258,-2.561104
-2.067156,-1.347451
-3.992652,-0.351356
-2.450158,-0.967559
-2.987541,-0.321216
-1.347042,-2.228955
-1.673411,-2.793703
-2.081100,-2.104675
-2.360590,-3.908857
-2.072917,-1.559453
-1.362003,-0.732043
0.106933,-2.553768
-3.276258,1.040039
-1.470951,-2.076032
-1.670112,-3.005903
-3.142892,-0.158029
-3.219644,-1.903355
-0.196717,-2.748542
-2.514376,-1.784017
-3.207118,-0.199584
-2.232848,-3.705230
-2.752793,-1.716608
-1.990635,-2.231084
-2.817761,-0.339441
-1.978229,-2.144955
-1.590459,-1.091489
-2.359145,-2.215463
-0.999367,-3.086273
-0.791530,-2.867034
-1.796945,-1.012298
-1.302445,-1.665217
-3.358785,-0.567491
-3.217266,0.654193
-0.112616,-0.942964
-1.241580,-1.358850
-2.392613,-1.303990
-3.058062,-0.791089
-1.956920,-2.089283
-0.476091,-2.457270
-1.323576,-2.466288
-1.713745,-1.678846
-2.122848,-2.145520
-2.194637,-1.476418
-1.135479,-2.974477
-1.871185,0.328458
-0.107360,-3.064909
-2.387600,-2.204378
-2.099227,-2.840519
-0.627611,-2.987101
-3.368023,-0.279318
-2.460372,-2.163201
-1.183408,-2.794789
-0.547062,-2.329842
-1.921556,-2.921897
-3.299714,0.598574
-1.406174,-3.476053
-1.911665,-2.249231
-0.934309,-1.728952
-2.200769,-1.836150
-1.999206,-3.052410
-1.897048,-2.978765
-0.370355,-2.551601
-2.992840,-1.381785
-2.846033,-0.563690
-1.793255,-3.664672
-2.027007,-1.496977
-1.143276,-3.382372
-1.953401,-0.475715
-2.044972,-1.898770
-0.865739,-1.647032
-2.901950,-1.939135
-3.027798,-1.673135
-1.399333,-3.047874
-1.707136,-3.197604
-1.137648,-3.561019
-2.214060,-3.137287
-3.350976,-2.415410
-1.339308,-1.999483
-3.267854,-1.306898
-3.061315,-1.306150
-4.682862,-0.776946
-1.047410,-2.791553
-1.261656,-3.446390
-2.296651,-1.512201
-1.981968,-2.042703
0.205794,-4.057197
-1.634058,-2.735646
-0.286276,-3.040537
-3.060304,-2.104531
-1.332152,-1.021414
-3.128461,-2.885786
-1.442468,-2.430561
-4.437187,-0.771965
-2.406054,-2.661351
-2.944594,-1.421719
0.168971,-4.562229
-1.708939,-1.903096
-1.828725,-1.514046
-1.850719,-2.064648
-2.218143,-2.196997
-2.068695,-1.084601
-2.207977,-2.283697
-0.885040,-2.760017
-1.051205,-2.789351
-1.580033,-1.352916
-4.720404,-2.317711
-2.875955,-3.224969
-3.017540,-1.005648
-2.868291,-0.873548
-1.314434,-3.653221
-1.598936,-1.831524
-1.960419,-1.862076
-1.125460,-1.744569
-2.102287,-1.849290
-2.463352,-1.951651
-1.456062,-2.062623
-2.231905,-0.887295
-1.769277,-2.107444
-1.081457,-2.131935
-1.070688,-2.707174
-2.698365,-1.175926
-2.396200,-1.876580
-0.731266,-3.942338
-2.382942,-2.306116
-3.152216,-2.311807
0.025438,-3.330398
-1.556921,-2.096699
-1.266401,-2.168858
-2.461377,-0.110260
-1.649809,-2.772111
-1.211888,-0.917195
-1.574507,-3.571262
-3.085413,-1.580354
-2.863353,-1.721660
-2.560075,-1.949904
-1.056763,-2.796930
-0.721764,-2.821933
-2.477620,-2.883399
-2.120314,-1.600811
0.011599,-4.062505
-1.962233,-1.945092
-0.248051,-3.398244
-2.913289,-2.024701
-1.278006,-3.701390
-2.730435,-2.507380
0.221998,-2.122527
-2.150997,-2.160194
-1.630908,-2.792195
-3.152328,-0.031413
-3.871000,0.262939
-1.036282,-2.692550
-2.168164,-1.217924
-0.715140,-1.480985
-0.730795,-2.929754
-2.135254,-2.641697
-1.585711,-1.157711
-2.213310,-1.513598
0.209646,-3.288442
-1.381258,-2.084566
-2.700466,-1.106654
0.441321,-3.024798
-3.156805,-0.030088
-0.755947,-2.014225
-1.789214,-2.277758
-2.713337,-0.639168
0.141637,-3.933783
-3.708332,-1.655256
-3.681402,-1.988356
-1.543268,-1.915301
-1.191978,-1.630387
-0.367227,-2.817539
-2.472095,-2.380461
-2.415141,-1.655193
-2.989631,-0.426961
-2.693843,-1.979111
-2.414512,-2.160650
-1.323375,-1.431274
-2.475610,-2.970548
-2.034851,-1.178302
-2.943898,-0.191729
-1.634326,-2.104879
-2.120062,-1.445752
-0.144122,-4.429360
-1.863447,-1.037179
-1.658183,-2.756768
-1.860911,-2.273980
-3.109205,-1.629257
-2.039549,-0.541666
-1.874007,-2.555880
-2.429679,-2.156808
-2.658702,-2.810956
-1.909552,-0.427426
-2.240093,-3.406132
-3.006755,-1.411739
-1.482631,-2.639360
-0.701714,-2.816282
-1.497004,-3.687368
-0.880673,-2.955329
0.614837,-2.526565
-2.732885,-3.383318
-0.781982,-2.619233
-3.086106,-0.750705
-2.839253,-2.690923
-3.011424,-0.432647
-2.269608,-1.713478
-2.859911,-1.940142
-2.411798,-0.784812
-2.051050,-2.221041
-0.996843,-4.735364
-2.020282,-1.074987
-3.600278,-1.746897
-3.486042,0.486333
-1.421714,-2.414962
-0.838478,-3.778425
-2.434804,-1.502506
-4.249330,-1.230117
-2.466868,-2.669748
-3.196718,-0.537926
-2.073881,-2.059257
-0.641200,-2.160353
-2.025373,-1.729875
-2.935196,-1.926586
-2.943213,0.512726
-2.119402,-2.181685
-1.993852,-0.885960
-3.193376,-0.161810
-2.049703,-1.813162
-0.586425,-3.843871
-3.441693,-2.816038
-2.561843,-2.250183
-3.508079,-0.776602
-1.840398,-2.297016
-1.599557,-1.607612
-1.690110,-2.286458
-2.687510,-1.303960
-2.790403,-1.655163
-1.649485,-1.041524
-3.457249,-2.413769
-3.057954,-2.096034
-0.953005,-2.555115
-1.715236,-3.394570
-2.303683,-2.309737
-0.310895,-3.133720
-2.401046,-0.694249
-1.016586,-2.572513
-2.205864,-3.061633
-2.762464,-4.056873
-1.817706,-3.649001
-2.029975,-1.678529
-0.122666,-3.049354
-2.008363,-3.061036
-0.849968,-3.950899
-1.381533,-1.622670
-2.066248,-2.248622
-2.432676,-1.427231
-0.914938,-3.521786
-1.576999,-2.572941
-1.991611,-2.814861
-3.291227,-0.753985
-2.471647,-1.645703
-2.751422,-1.339425
-4.277231,-2.593038
-1.955787,-1.783120
-2.805728,-2.278085
-1.895799,-3.147512
-1.969694,-1.126034
-0.473778,-3.321049
-0.377436,-1.874990
-2.663214,-1.688733
-1.234644,-1.468299
-2.943843,-2.844780
-2.907624,-0.279539
-1.234275,-2.165011
-1.788710,-2.851290
-1.595084,-1.804913
-1.938257,-1.123405
-1.684536,-0.862130
-3.342282,-0.355559
-1.798400,-2.381054
-0.322180,-3.657181
-1.818185,-2.886745
-3.016667,-3.082278
-1.743068,-2.052898
0.006998,-2.652623
-1.738191,-0.971110
-2.195615,-1.443542
-2.660444,-0.024101
-3.743516,-0.380527
-1.890665,-3.267045
-0.814379,-2.507249
-3.606800,1.115395
-1.461258,-1.772374
-1.766342,-2.724857
-1.588074,-3.379752
-1.739652,-0.777667
-2.172794,-0.369555
-2.695956,-1.338368
-1.256452,-2.166694
-0.847657,-3.756860
-0.695852,-2.060064
-0.342180,-2.728224
-2.135694,-1.464665
-2.326725,-3.136512
-1.990308,-1.123810
-2.502561,-1.641470
-1.326067,-3.297004
-2.784969,-2.005127
-1.890192,-3.556417
-2.206426,-1.279372
-4.071572,-2.072518
-2.458124,-0.428400
-2.986914,-0.893469
-2.083522,-1.699368
-1.644574,-3.225943
-2.320056,-1.929052
-2.798430,-1.558093
-1.439076,-3.982927
-0.977658,-2.296213
-1.401069,-2.300458
-0.470748,-3.367213
-1.437619,-1.372178
-1.752145,-1.484987
-3.665113,-0.294987
-3.266328,-0.609710
-1.591634,-2.517015
-1.796496,-2.674084
-1.655028,-2.648323
-3.466160,-2.235110
-2.188551,-1.691223
-3.381774,-0.983896
-3.410032,-1.449867
-1.397633,-2.185710
-2.658925,-1.606240
-2.275161,-1.889187
-2.758651,-1.387941
-1.311287,-1.697437
-1.847923,-1.483750
-5.156422,-0.828776
-1.574080,-3.353702
-0.549220,-2.027646
0.550641,-4.068974
-0.659841,-3.314587
-1.771501,-1.322210
-1.856601,-2.316505
0.914996,-2.634854
-2.045980,-1.515233
-2.963002,-1.104450
-2.009400,-1.275253
-0.457507,-3.011861
-2.923730,0.670564
-2.371542,0.282071
-1.171597,-3.353277
0.536879,-1.041766
-2.918374,-2.495887
-0.992373,-2.900518
0.114688,-2.246005
-2.528066,-1.158847
-1.748079,-3.572974
-2.233661,-1.628886
-0.915506,-3.138345
-1.586559,-1.675375
-4.863957,-1.215568
-3.042085,-1.654409
-2.299711,-1.569579
-3.054677,-2.188419
-2.819288,-1.139854
-2.409053,0.001500
-1.710163,-1.299949
-2.112993,-0.548299
-3.678657,-1.485328
-2.935124,-2.453208
-1.788683,-2.692655
-2.621796,-1.608366
-1.362182,-1.638668
-2.623625,-1.100413
-2.325829,-1.028230
-3.806002,-0.402778
-1.246835,-2.549268
-1.360928,-3.007021
-2.643495,-1.863861
-1.938947,-2.334022
-2.173003,-2.923469
-2.191581,-0.438340
-2.352754,-0.704512
-1.552386,-2.272395
-1.392445,-2.742359
-2.652795,-2.732327
-2.379864,-2.150978
-2.347242,-1.887851
-1.951111,-1.351098
-1.074348,-3.245263
-0.849670,-1.972011
-3.449113,-0.508465
-3.087297,-2.386683
-2.391869,-1.866896
-3.290286,-0.937201
-1.960745,-3.382058
-2.428519,-2.114919
-2.737585,-0.629172
-1.598922,-1.773807
-4.089610,-1.070299
-0.479170,-1.579176
-1.015480,-2.322193
-3.035896,-0.979877
-2.744045,-1.549882
-3.794216,-0.647661
-0.728941,-2.382341
-2.540311,-1.310632
-2.276620,-2.219376
-1.666610,-2.939118
-2.374180,-1.832562
-0.918986,-3.501521
-1.560904,-1.929300
-1.375171,-0.869401
-0.875191,-2.571760
-2.410123,-1.310619
-2.084472,-2.599090
-2.858631,-2.929287
-1.687286,-3.287544
-2.123528,-1.251088
-1.725182,-3.582421
-0.243983,-2.778253
-2.467717,-0.882784
-2.412946,0.190824
-1.336903,-3.057505
-4.056089,-2.704608
-1.301529,-1.735798
-1.332217,-1.936048
-0.125599,-3.590363
-1.713498,-2.511778
-0.379516,-2.021271
-1.986837,-1.867437
-4.247832,-0.677050
-2.461775,-2.219438
-1.214223,-2.477967
-0.766799,-1.254987
-3.624722,-0.537760
-0.811020,-3.480145
-3.350435,-1.536078
-3.099081,-0.319755
-1.316061,-3.344043
-1.953708,-2.852316
-1.295537,-3.279532
-1.020760,-1.680146
-2.130812,-1.371006
-2.700817,-2.095294
-3.210607,-1.223754
-1.519594,-2.101291
-4.447522,-0.117851
-0.444156,-3.266509
-2.809415,-1.624942
-2.121465,-3.149869
-1.319725,-0.735943
-3.332620,-0.366559
-1.448579,-2.169447
-2.038956,-2.601667
-1.502079,-1.219999
-1.936595,-2.264484
-1.374393,-1.832970
-3.276184,-1.800207
-1.293943,-1.599799
-1.013947,-1.593554
-1.716317,-0.527297
-1.379576,-1.918672
-2.095963,-0.826581
-1.749341,-1.137256
-1.481632,-2.574176
-0.846182,-3.423564
-1.097445,-2.571504
-2.571646,-0.863734
-2.627920,-1.276535
-2.464594,-2.708389
-1.087248,-4.420690
-0.969548,-2.118074
-1.346707,-3.474987
-0.948495,-1.763295
-1.899369,-1.965642
-1.658217,-0.946864
-2.955141,-2.810137
-1.389683,-1.169835
-2.447634,-1.337338
-3.224931,-2.612233
0.158829,-3.264715
-3.428174,-1.201319
-1.856998,-1.522207
-3.477629,-0.602311
-1.642338,-0.364476
-1.724727,-2.210479
-1.570183,-3.485099
-2.161219,-0.644900
-3.524297,-1.508837
-1.582626,-1.938898
0.199831,-3.742851
-3.060187,0.196880
0.286065,-3.888720
-2.051199,-1.677140
-2.256009,-2.070448
0.169270,-3.858349
-2.821010,-1.734351
-3.910050,-1.730136
-0.463334,-3.451679
-0.923604,-2.104355
-0.950698,-1.691265
-1.302853,-2.553439
-0.308000,-3.745254
-1.458166,-1.332255
-0.832856,-3.450130
-2.465497,0.050884
-1.620262,-3.065428
-1.589545,-4.533458
-1.985857,-2.659422
-3.611474,-0.040817
-1.491314,-1.852687
-2.283832,-0.502493
-2.236618,-1.787012
-2.166232,-1.892240
-1.020080,-1.936729
-2.340152,-2.674191
-1.659485,-1.623851
-0.873556,-3.395316
-0.214005,-1.603302
-1.303369,-1.144436
-2.044689,-1.621861
-2.058319,-2.164694
-2.264718,-2.392668
-2.802268,-2.821424
-2.752624,-2.452208
-1.921301,-1.757741
-3.068833,-0.614397
-2.083765,-2.545102
-2.669914,-1.429208
-1.271705,-2.574909
-0.351841,-3.568161
-1.487301,-2.839047
-3.969667,-0.515622
-2.159411,-0.791375
-2.553797,-1.075039
-1.366041,-3.284507
-1.166395,-3.185561
-2.162154,-2.751605
-2.720735,-1.772691
-2.470268,-3.098588
-2.107107,-1.987115
-1.290278,-2.328601
-1.809155,-1.603271
-2.190368,-1.094574
-3.380834,-0.490568
-1.395657,-3.034293
-2.110685,-2.809129
0.292234,-4.061010
-1.072203,-1.013891
-3.262591,-0.057585
-2.902113,-1.927522
-2.221628,-1.894906
-2.510711,-2.258222
-3.047635,-2.321707
-3.905281,1.352348
-3.787099,-1.488277
-0.459039,-3.266190
-0.812475,-1.339799
-2.564285,-1.476957
-3.190553,-0.627320
-1.677256,-1.280622
-0.903923,-2.077383
-2.950560,-1.970171
-3.924459,-0.533010
-0.973291,-3.804296
-1.005185,-2.799121
-3.280792,-0.470509
-2.840092,-0.093297
0.758982,-3.859513
-1.240501,-2.246794
-0.556809,-0.657053
-2.085745,-1.330452
-3.678352,-1.810761
-3.046104,-1.169500
-0.991171,-2.188798
-0.241605,-2.819456
-1.913684,-2.186457
0.393748,-3.493327
-2.448040,-2.019138
-0.806024,-2.412394
-2.298943,-1.695873
-0.992754,-2.704459
-1.552707,-1.131403
-1.320895,-3.394937
-3.587447,-0.221010
-1.735891,-1.298151
-4.150491,-1.011362
-3.911347,-0.132300
-2.198468,-1.741467
-2.817916,-0.223626
-2.437921,-2.688997
-2.458349,-2.879058
-3.110949,-1.567494
-1.324693,-1.502143
-2.507342,-1.109463
-1.068358,-2.446444
-1.064059,-2.441587
-0.264476,-2.528354
-2.179201,-1.833570
-2.396510,-1.718956
-1.413246,-1.295455
-2.559010,-0.728004
-2.376456,-1.940002
-3.384422,-1.526114
-3.189180,-0.099228
-2.789586,-0.742590
-1.419877,-1.631770
-1.075510,-3.513116
-2.524988,-2.855941
-1.918747,-0.815369
-0.727850,-3.687646
-1.691670,-1.985395
-2.879843,-1.399014
-2.770617,-1.141001
-1.362619,-2.406779
-1.033265,-3.221305
-2.150426,-2.454391
-3.542521,0.844072
-1.959209,-1.613132
-2.135396,-1.240038
-2.889077,-0.183472
0.136455,-3.302875
-1.552500,-3.001715
-3.781434,-2.081737
-3.074467,-0.108204
-1.872077,-1.294068
-2.883177,-0.893934
-3.160278,-1.819597
-2.399305,-0.992997
-3.159335,-0.666523
-2.727032,-2.196288
-1.693838,-1.694787
-1.754916,-0.531937
-2.446039,-1.646722
-2.760798,-1.796624
-3.494299,-1.199228
-2.186868,-2.888630
-1.749163,-1.605652
-3.460472,-0.596916
-3.139930,-3.528628
-2.179440,-1.792961
-1.260779,-1.233415
-2.681011,-1.735086
-1.794253,-3.363069
-1.427119,-2.198870
-0.240473,-3.894574
-3.212061,-1.823252
-2.341494,-2.650086
-0.054833,-4.745528
-0.691397,-2.533499
-2.937058,-2.104745
-2.756865,-0.517931
-1.612886,-2.057058
-2.412260,-4.049692
-2.760754,-2.603352
-1.598051,-1.990940
-0.213418,-3.579929
-3.755203,-2.323757
-1.661437,-0.439583
-1.408887,-1.850694
-0.669806,-2.409962
-2.332916,-1.449330
-1.942085,-1.663467
-2.431039,-2.541891
-1.895799,-2.151885
-1.038609,-3.071874
-2.206832,-2.313789
-2.010329,-1.400144
-1.350668,-2.500202
-3.292568,-1.717801
-1.030184,-3.910965
-2.684659,-1.772055
-0.292692,-2.437910
-1.063081,-3.107496
-2.302824,-1.027041
-2.695381,-1.972571
-2.475771,-1.509461
-1.666770,-0.962589
-0.773568,-2.841199
-1.650921,-1.404725
-2.666487,0.413647
-3.022479,-1.576207
-1.273579,-2.005032
-1.002559,-3.230933
-1.949078,-3.227670
-1.819811,-1.390605
-2.460787,-1.421038
-1.957240,-2.567380
-3.010447,-1.501054
-1.326682,-2.262160
-1.107773,-2.807059
-1.877429,-2.794020
-1.406306,-1.839244
-2.006513,-1.700362
-2.345419,-1.030889
-1.567078,-1.876401
-1.635013,-1.926759
-2.641749,-0.837613
-1.168971,-3.327813
-3.638350,-2.516732
-2.146556,-1.586090
-4.145813,0.578092
-1.324207,-1.512119
-1.680607,-2.277124
-1.776836,-1.622944
-0.783658,-2.382836
-0.514979,-1.425584
-1.068286,-3.689073
1.239842,-2.274990
-0.557441,-2.682509
-3.082632,-1.823370
-3.203963,-1.865027
-2.076393,-3.485508
-3.559370,-2.399487
-2.402547,-1.721058
-3.493198,-0.474190
-2.478693,-1.009970
-1.353170,-1.531908
-1.879655,-1.221651
-0.932388,-2.539334
-3.238841,-1.850163
-2.805192,-2.933148
-0.655556,-3.404321
-2.620276,0.497821
-2.211680,-2.739800
-3.804706,-2.198850
-2.024927,-2.723248
-1.237587,-1.387094
0.396710,-4.086354
-2.327745,-1.733243
-1.995209,-1.490527
-3.154622,-2.880384
-0.431133,-1.971272
-0.949015,-2.970371
-1.077909,-2.327285
-1.497139,-1.848123
-2.526608,-1.863169
-0.502747,-4.363652
-1.562237,-3.651593
-1.423760,-0.551628
-0.618223,-4.888035
-2.327704,-1.925710
-2.415977,-1.630808
-2.855859,-0.573805
-2.250495,-0.731560
-0.673576,-2.739246
-2.727576,-1.614113
-1.858599,-2.461468
-1.928594,-3.451829
-3.318091,0.398230
-2.756194,-2.711227
-2.654745,-1.709405
-0.740436,-1.011709
-4.826187,-1.538865
-2.233584,-1.600841
-2.586482,-1.971337
-2.549453,-2.544439
-2.395032,-0.598025
-3.807996,-0.965732
-1.211836,-0.744728
-1.919854,-3.089547
-1.677509,-1.157374
-0.455840,-1.611307
-0.877848,-2.463978
-1.646956,-2.818967
-2.817027,-1.392192
-1.083716,-3.714940
-2.426265,-1.176255
-2.929697,-1.672978
-1.491452,-3.327353
-1.373595,-2.673239
-0.441941,-2.492642
-2.878964,-1.985668
-2.271376,-2.615339
-2.288104,-2.546720
-4.650705,-0.940071
-1.019428,-3.218365
-2.031108,-1.868756
-2.573561,-0.983930
-0.670720,-2.267157
-1.850668,-0.762486
-1.499428,-1.410466
0.115070,-4.600730
-0.858693,-2.439428
-0.871695,-2.152679
-2.985598,-1.621799
-2.313998,-1.900459
-1.725949,-1.524408
-2.545765,-3.110320
-1.979572,-0.947958
-0.546247,-3.490296
-0.629630,-2.243432
-3.428880,-1.380802
-0.738295,-3.017009
-0.610577,-2.531662
-1.083648,-1.310850
-2.652872,0.204919
-2.821833,-2.123925
-0.418271,-2.987116
-2.448676,-1.289299
-1.247990,-3.549653
-2.378725,-2.234407
-1.811336,-3.155202
-1.986540,-2.220913
-1.278978,-2.710770
-2.039543,-1.607506
-1.324413,-2.982717
-1.951305,-1.923518
-1.014466,-3.326746
-2.810245,-1.783624
-2.300703,-1.684688
-0.970858,-1.767435
-1.843074,-2.367324
-0.839936,-1.679588
-2.631026,-0.222202
-3.195084,-1.689112
-1.995795,-2.774878
-1.724497,0.060084
-1.750253,-0.573738
-2.237703,-1.445524
-1.191100,-2.195873
-2.263803,-0.682481
-1.990618,-1.811477
-2.229477,-2.335133
-3.710802,-2.184454
-0.825160,-3.721808
-0.354036,-2.559967
-1.178062,-1.944882
-3.099268,-0.839363
-1.669899,-1.103375
-3.900834,-2.170092
-1.386685,-2.100709
-2.683072,-2.309501
-0.215613,-3.173168
-1.336764,-2.797572
-2.206725,-1.956041
-1.234437,-2.848280
-0.700592,-1.643621
-0.901560,-0.532001
-1.008665,-3.292218
-2.124876,-2.651981
-1.935799,-2.544169
-0.255100,-1.950266
-1.464252,-1.608773
-2.143513,-0.428375
-0.516104,-2.217518
-0.918045,-1.046268
-3.030913,-2.121872
-2.509702,-0.331040
-0.508853,-2.746249
-3.149256,-0.371879
-0.651512,-2.338192
-2.691707,-1.539040
-1.271014,-2.068176
-1.110395,-2.687771
-2.278140,-0.202004
-2.338425,-3.248310
-0.979316,-2.204292
-0.817097,-2.100182
-1.635289,-2.922061
-1.377996,-1.677421
-0.488558,-3.231459
-2.722673,-2.268744
-2.398318,-1.781600
-1.057315,-3.016622
-1.417625,-3.222874
-2.918105,-1.393970
-2.822790,-1.334143
-0.926382,-2.593713
-3.100331,-2.130103
-2.223141,-0.255999
-2.504030,-1.418596
-3.472652,0.011707
-1.320851,-0.979250
-4.107539,-1.331635
-1.270542,-2.143791
-3.645680,-1.519848
-2.988518,-1.416053
-2.904829,-1.662141
-0.865230,-4.905931
-1.320563,-3.270992
-2.252574,-2.265016
-2.207166,-2.289218
-1.530603,-1.538728
-1.716607,-1.742541
-2.697575,-1.460262
-0.322730,-3.424574
-0.985011,-2.152580
-3.311466,-0.946075
-1.808035,-1.524103
-1.291403,-2.699369
-0.137660,-2.818023
-3.410232,-0.489826
-1.218166,-2.520327
-1.113874,-3.322064
-1.898699,-2.623027
-1.972868,-1.593195
-1.561893,-1.537198
-2.585079,-1.908980
-1.946893,-2.134003
-1.413275,-2.077076
-0.138059,-3.829831
-1.968341,-1.432606
-3.030185,-1.110492
-2.415051,-0.974389
-2.924533,-2.466850
-2.896210,-1.007456
-2.360216,-2.796764
1.067842,-3.165560
-2.819240,-2.287751
-1.047555,-3.231110
-2.384192,-0.984637
-3.034289,-1.853096
-1.781574,-2.091339
-1.677949,-1.776191
-3.257677,-0.531951
-2.219870,-3.232932
-2.482133,-2.177552
-2.188865,-1.446494
-3.247134,-0.539041
-2.722188,-1.933078
-0.222470,-2.703062
-3.210257,-1.120507
0.355272,-2.994406
-3.087389,-1.029364
-2.946139,-1.094890
-3.000988,-2.625055
-3.934824,-1.818210
-2.579387,0.402258
0.990782,-3.433822
-1.582102,-1.995650
-0.939741,-3.382844
-1.371785,-3.417496
-2.558910,-0.441940
-2.980107,-1.558996
-2.226833,-3.422533
-1.618847,-0.444516
-3.245401,-0.723912
-2.303530,-1.449041
-1.916562,-0.341338
-1.772922,-2.759479
-1.767759,-2.265091
-2.664354,-1.402855
-1.681024,-3.159191
-1.035734,-3.071297
-2.685129,-0.894534
-3.030010,-2.054198
-0.895143,-2.926483
-2.656930,-0.498233
-0.271062,-1.437712
-0.227703,-3.743284
-2.193533,-2.015605
-2.556375,-1.645899
-0.749244,-3.339307
-1.686760,-1.401681
-3.655384,-1.200104
-3.662219,-0.765892
-1.763385,-2.647597
-0.521397,-3.901117
-2.896688,-0.625959
-2.021724,-1.627575
-3.531440,-1.346550
-2.749521,-1.183957
-1.089330,-2.447022
-2.475958,-2.330772
-1.291202,-3.143691
-0.946971,-1.832067
-2.001000,-2.372091
-2.302743,-0.347595
-1.901811,-3.341962
-2.549891,-1.657494
-1.008674,-1.953019
-0.815229,-1.266574
-1.959234,-1.876639
-3.784869,0.094516
-1.898606,-3.121862
-1.481952,-2.282031
-3.541010,-1.963102
-1.363363,-1.357890
-1.549121,-1.095009
-0.807355,-3.419220
-1.827743,-1.619088
-1.054696,-2.529342
-2.464514,-1.608992
-2.248823,-1.434863
-1.508891,-2.649231
-1.666300,-3.829598
-3.167262,-2.726746
-1.583861,-2.002736
-0.921521,-0.893046
-2.503885,-1.764715
-3.182664,-2.129499
-3.118690,-1.386289
-2.758128,-0.841526
-2.818745,-1.735115
-1.589874,-3.572623
-0.705864,-3.677585
-0.985378,-2.002809
-0.007907,-1.798145
-1.586357,-3.321125
-0.713434,-3.276872
-1.775156,-2.332721
-1.861037,-1.156310
-0.977098,-3.003298
-3.287805,-1.806323
-3.223361,1.564610
-2.488258,-2.618401
-1.036214,-2.730050
-3.475117,-2.367086
-1.109846,-2.748352
-0.932280,-3.364790
-2.454437,-1.707582
-1.320609,-2.592379
-2.899398,-2.021445
-2.135951,-1.539517
-2.318185,-1.418939
-2.190627,-1.965339
-1.379471,-1.897536
-1.649789,-1.815124
-2.919719,-2.020049
-1.750460,-2.302377
-1.863407,-1.707328
-2.133780,-1.824261
-1.094611,-1.848460
-2.357002,-1.755100
-1.522655,-2.197505
-2.787569,-2.736301
-0.489865,-2.205559
-2.640678,-1.999040
-2.108056,-2.753911
-1.033392,-1.942108
-1.426604,-1.740199
-3.607175,-0.787972
-0.661942,-2.905131
-1.289290,-2.710103
-1.217346,-0.925458
-2.508193,-1.948908
-2.134418,-1.050426
-3.504872,-1.418018
-1.974883,0.261051
-2.373385,-0.176097
-0.778796,-1.531779
-1.607086,-2.431682
-1.888298,-2.692881
-2.572340,-2.581416
-1.891222,-3.081402
-2.518630,0.138670
-4.237807,0.170892
-1.639759,-1.588780
-1.383829,-3.594598
-0.198418,-2.964792
-0.753425,-2.244929
-1.598201,-2.398060
-1.756619,-2.053050
-1.056659,-1.903663
-1.672835,-1.963177
-2.601674,-2.411919
-3.494295,-1.157343
-2.335909,-0.935117
-0.791751,-3.387972
-2.646903,-1.642623
-1.780652,-2.002301
-1.495815,-2.146986
-2.135373,-2.061618
-0.956711,-2.637713
0.217437,-3.955143
-2.419389,-2.393659
-0.587544,-2.994196
-1.716685,-2.144684
-0.170435,-3.352982
-2.890103,-1.262562
-1.006188,-2.559679
-1.322198,-1.814452
-3.089100,-3.053180
-0.320841,-4.389590
-2.638386,-1.853942
-2.757237,-1.904838
-3.880276,-0.307709
-2.712418,-2.246134
-1.390890,-2.115234
-3.350801,-3.430817
-2.127661,-1.263190
-2.083223,-0.817382
-0.958745,-0.645671
-3.353553,-2.948952
-1.633289,-1.245873
-0.942074,-3.328428
-3.332675,-1.231966
-1.403851,-1.815345
-0.895590,-3.116168
-1.292527,-2.975631
-1.674911,-1.264776
-2.553178,-2.011973
-2.729140,-0.655497
0.100502,-3.262535
-2.072656,-1.960219
-3.133097,-1.071213
-2.135661,-0.586949
-1.830199,-1.722437
-2.369786,-1.167733
-3.292392,-1.752007
-2.074311,-3.185268
-4.298016,-1.377731
-2.907641,-0.620097
-1.876863,-3.394500
-2.079300,-2.145134
-3.442240,-2.757220
-2.274981,-2.601581
-2.900844,-0.689851
-0.849838,-1.728868
-1.674708,-2.429350
-1.779703,-1.311048
-1.300098,-1.279509
-2.142489,-2.838429
-3.535908,-0.777514
-2.129628,-1.102076
-3.952235,-0.344871
-2.848470,-1.934518
-1.962138,-2.795651
-2.273575,-0.806615
-2.707315,-2.068430
-1.787200,-2.914653
-3.099609,-2.481409
-2.326014,-3.013084
-2.934084,-2.057025
-3.173103,0.218466
-1.716130,-1.870413
-2.885758,-2.074482
-3.120135,-0.975565
-1.064172,-2.394241
-0.699688,-2.644479
-2.622070,-2.027944
-2.475692,-0.819003
-1.451731,-2.009210
-0.600548,-2.907950
-0.672275,-3.199332
-2.427704,-1.233876
-3.741964,-1.051436
-3.420169,-2.712225
-1.707765,-2.594888
-3.369180,-0.654431
-3.242974,-1.661431
-2.130050,-2.706676
-1.601945,-3.323295
-0.446948,-1.510315
-2.625737,-2.727044
-1.037684,-1.945774
-0.648485,-1.863895
-2.988855,-1.205476
-1.907293,-3.043497
-1.959132,-1.625888
-2.982086,-0.661114
-1.007649,-1.617987
-3.053336,-1.634324
-1.597809,-1.741732
-2.767972,-2.239884
-2.490123,-2.185517
-2.704824,-2.594841
-0.179133,-1.722228
-1.074139,-1.812404
-2.492456,-2.710463
-1.461197,-3.331765
-3.973817,-0.257297
-1.815914,-1.502299
-2.004494,-1.130516
-2.136894,-3.046944
-1.947927,-3.583937
-3.412588,-4.313554
-2.341474,-1.086433
-1.843650,-3.533212
-2.839975,-0.193540
-2.114661,-2.560455
-2.753390,-2.687504
-2.854775,-2.347341
-0.336358,-4.477474
-0.217454,-1.975631
-4.008493,-1.107831
-2.241470,-2.414835
-4.501677,-1.318504
-1.763815,-0.958204
-1.515631,-2.460765
-3.465475,-1.641459
-3.325470,-2.222946
-0.193085,-2.956313
-1.072921,-2.747741
-0.839409,-2.879985
0.084659,-2.789021
-3.005087,-1.596197
-0.488931,-3.715761
-1.961862,-2.582519
-2.303108,-0.483363
-1.624982,-0.884428
0.275566,-4.579653
-1.274316,-1.883583
-1.446515,-1.998053
-1.919921,-2.754110
-2.694664,-1.307167
-2.886113,-2.354182
-3.125560,-1.951519
-3.611890,-0.644602
-1.195346,-1.912466
-1.596474,-1.686031
-1.384380,-1.902095
-1.500375,-1.632774
-3.788855,-1.795704
-1.395039,-0.775327
-1.315773,-0.245743
-1.067229,-2.674897
-2.685757,-1.841113
0.154999,-1.985192
-2.692922,-0.749208
-1.971266,-1.888348
-1.822717,-0.734936
-1.334987,-2.559364
-2.208032,-2.848863
-1.360383,-2.423332
-1.727158,-2.245559
-2.050015,-0.794905
-3.912645,0.683888
-0.914388,-1.982885
-2.074291,-2.624889
-1.832505,-0.753755
-1.317898,-2.366701
-2.869493,-2.079071
-1.461760,-3.941094
-3.339442,-1.124410
-1.294936,-2.386610
-3.708887,-1.455812
0.373005,-2.897428
-2.981310,-2.091392
-2.121600,-2.880766
-2.042792,-0.934379
-2.496409,-1.337178
-2.698281,-2.043396
-1.612339,-2.381664
-1.760109,-2.239328
-0.158533,-2.960235
-2.125587,-3.982560
-1.488346,-2.727295
-3.991776,-0.497070
-2.021284,-1.658030
-0.740705,-3.364549
-1.729156,-2.187187
-1.940980,-1.208221
-1.016680,-2.500117
-1.824252,-3.085972
-4.424400,-1.388846
-1.441424,-2.336270
-1.405679,-2.443985
-1.759655,-4.085579
-1.166711,-2.681162
-1.533355,-1.830488
-1.054000,-3.521621
-2.422187,-2.546798
-2.260106,-2.021125
-2.277228,-1.434001
0.341405,-2.868846
-0.894678,-4.657217
-1.787113,-1.916923
-2.026537,-2.515459
-1.665198,-1.807606
-1.564229,-3.550064
-0.590370,-2.089546
-2.036779,-1.390841
-2.984170,-0.228423
-1.356322,-1.085366
-1.291167,-2.974148
-4.098329,-2.095632
-0.915187,-2.295228
-1.835404,-1.650778
-0.760820,-4.080155
-3.013196,-1.888769
-2.570611,-1.141931
-0.812242,-2.842256
-2.467861,-1.170640
-3.329454,-2.399275
-2.542520,1.363335
-3.179528,-0.704921
-1.841229,-2.542585
-2.144384,-0.786605
-1.448171,-2.573344
-3.139813,-0.962732
-1.408637,-1.214769
-2.650237,-0.544866
-1.602517,-3.454236
-1.623796,-2.898120
-2.233599,-1.859526
-1.989033,-2.268889
-1.470769,-2.990461
-3.757925,0.457141
-2.767576,-2.732859
-1.163390,-2.878889
-3.062911,-0.708037
-1.631671,-1.258324
-0.455761,-2.138063
-1.088897,-1.752992
-3.900001,-1.007260
-1.605475,-1.605412
-1.881132,-2.377680
-2.585275,-3.275318
-3.420648,-1.589031
0.506005,-3.459116
-3.078900,-2.239179
-2.607946,-0.726576
-2.175462,-2.174906
-1.790785,-2.002716
-0.757986,-2.123965
-2.548708,-1.586315
-3.660348,-0.641218
-3.195381,-0.511943
-2.839655,-1.527459
-0.141164,-3.379537
-1.277576,-3.335121
-2.386540,-2.255221
-1.872755,-1.927682
-0.586207,-3.139609
-1.996050,-3.072002
-1.043943,-4.510434
-1.999519,-1.958021
-1.591072,-0.693184
-2.676543,-0.327687
-2.937067,-0.882107
-1.372301,-1.090438
-2.068541,-1.693699
-3.147788,-1.128735
-2.564163,-2.797169
-1.764261,-2.565445
-1.358097,-1.831428
-0.381849,-2.129026
0.083254,-3.485061
-2.361255,-0.946784
-3.054600,-1.157032
-3.430541,-1.260254
-0.439900,-1.491099
-1.677252,-1.370997
-2.068002,-1.208678
-0.075242,-3.548449
-1.527008,-1.499688
-0.714266,-2.092470
-1.181077,-3.270630
-1.173437,-3.907120
-1.321813,-1.309780
-2.672258,-2.611686
0.164883,-3.491281
-1.692540,-2.831167
-2.999851,-1.135033
-1.660594,-2.177849
-3.156399,-0.589587
-0.538969,-4.278986
-1.321889,-1.814672
-0.849457,-3.001710
-1.420863,-1.562606
-1.052996,-2.779723
-2.878241,-0.222815
-2.674265,-1.636280
-2.187505,-1.925295
-2.478582,-0.994962
-0.583830,-1.670735
-3.476295,-1.390293
-1.781388,-2.377031
-3.111474,-1.697638
-0.981284,-2.140352
-3.458060,-2.490411
-3.306631,-2.167641
-1.632820,-2.732022
-1.918266,-2.731088
-0.845053,-2.642531
-0.868871,-3.662816
-2.486370,-1.116166
-1.765702,-4.163860
-2.145746,-4.032335
-2.309146,-2.150356
-1.413531,-2.076076
-2.637442,-1.124283
-2.158171,-2.544231
-1.592498,-2.200205
-3.496225,-1.893293
-1.026269,-2.979880
-0.029075,-3.685598
-1.735695,0.094102
-1.641419,-1.499270
-1.209164,-1.171252
-1.468803,-2.201855
-2.328516,-1.282923
-2.018624,-3.355157
-2.758793,-0.990006
-1.619251,-1.488837
-2.552807,-1.088958
-2.813003,-1.712138
-3.246995,-2.322393
-1.643502,-1.609276
-1.306264,-2.551312
-2.706271,-2.184443
-2.817642,-0.862011
-0.503245,-3.406051
-3.260986,-0.742985
-1.708833,-2.835804
-2.467524,-2.744858
-2.752513,-0.323422
-3.684727,-1.818819
-1.572262,-1.349617
-1.216097,-2.856144
-0.630892,-2.535183
-1.860356,-2.232118
-0.248589,-2.203418
-1.648349,-1.560145
-2.787127,-2.121935
-0.674386,-3.517008
-3.943016,-2.026533
-3.270353,0.104060
-2.223071,-1.892768
-3.354038,-1.866663
-2.229046,-1.462773
-3.737504,-0.627746
-2.071952,-1.994626
-0.813234,-1.708523
-1.914749,-3.602889
-2.573598,-2.151114
-1.903399,-1.463209
-2.114558,-1.861465
0.065341,-3.505811
-1.232828,-0.892953
-3.725856,-1.756128
-3.568403,-1.731213
-1.995206,-0.551196
-3.814913,-0.581154
-2.106681,-0.883832
-3.243289,-2.428152
-1.849242,-1.581720
-2.427955,-2.430719
-1.375429,-1.723378
-2.108074,-1.426465
-1.571457,-2.002065
-0.197818,-3.846216
-1.656520,-2.316333
-0.799197,-2.830553
-3.624456,-0.294781
-0.786420,-0.705841
-0.931973,-2.573123
-3.563824,-0.826522
-2.655206,-1.178000
-1.151497,-3.012812
-2.290443,-2.345502
-0.814598,-3.597316
-0.434371,-3.023934
-3.112976,-2.161748
-2.743028,-2.601006
-2.021012,-2.647808
-3.225530,-2.393777
-2.237498,-0.534738
-2.547854,-2.797645
0.360595,-3.265327
-3.696337,-0.260108
-1.540605,-3.554549
-2.938838,-0.892218
-0.010966,-1.689844
-2.630619,-0.819911
-0.897291,-1.863726
-2.816983,-1.289509
-2.419667,-0.534587
-2.810679,-2.336196
-1.907872,-3.676910
-3.877547,-1.583253
-2.824989,-2.765923
-4.039348,-1.123179
-3.063515,-2.504438
-2.211752,-0.703482
-2.048130,-2.017674
-3.007114,-1.602491
-2.794717,-0.908754
0.285634,-2.438944
-2.328458,-2.009740
-2.502411,-2.215983
-1.472931,-1.737736
-2.285714,-1.094591
-1.909891,-2.950908
-1.950535,-1.278685
-1.479442,-2.748348
-2.387777,-1.707974
-3.656140,-1.651811
-0.193741,-2.710391
-2.489166,-1.420302
-1.475504,-2.053828
-2.013828,-1.686718
-1.673917,-1.790999
-2.343339,-0.752714
-2.397841,-1.605848
-1.787439,-1.017517
-2.002445,-2.270020
-2.058293,-1.203394
-1.687714,-1.861777
-1.277743,-2.733221
-3.041020,-0.351255
-1.696223,-2.816920
-0.111350,-2.265156
-2.403180,-4.125849
-0.755370,-3.191622
-1.314369,-2.556276
-2.607750,-2.016235
-0.748073,-2.341054
-3.596453,-3.079599
-1.565134,-4.227656
-1.760476,-2.036707
-2.165685,-2.462727
-2.724778,-0.954733
-1.633661,-3.213499
-1.513652,-2.833774
-1.823779,-1.762836
-1.965160,-3.391205
-1.926322,-1.244773
-3.278665,-0.316588
-1.062528,-2.326810
-2.541987,-2.803238
-1.816723,-1.900663
-3.205841,-0.722812
-2.237354,-3.649559
-1.420693,-3.549536
-3.538505,-0.652471
-1.371809,-1.527000
-2.652939,-1.609140
-3.334876,-1.349134
-2.873288,-2.381970
-1.716478,-1.265779
-2.303496,-0.794358
-4.634667,0.367101
-0.989311,-2.554645
-1.804065,-3.328845
-0.791274,-1.228447
-2.406474,-1.213032
-0.862791,-3.760131
-3.375617,-0.894351
-3.676849,0.124897
-2.026682,-2.287295
-2.669575,-2.782246
-2.621847,-0.936455
-1.833886,-2.277625
-1.686416,-0.283818
-3.233502,-0.580741
-2.054254,-3.479056
-2.497875,-2.285362
-1.989081,-1.720270
-3.206642,-1.964889
-1.388813,-2.925375
-2.124809,-1.673608
-5.362307,-0.896954
-2.432131,-0.509149
-1.443489,-3.028833
-3.836652,-0.785515
-1.415611,-2.464455
-1.944924,-1.057516
-2.510331,-0.707818
-0.368280,-3.673064
-2.233418,-1.081831
-1.896489,-3.126189
-0.821920,-2.712553
-2.801372,-1.056754
-0.983614,-2.836781
-1.544137,-3.192849
-2.080030,-2.718491
-0.246517,-2.204111
-0.660861,-3.930718
-1.199146,-1.572891
-2.395961,-1.885583
-0.784473,-2.068255
-1.195868,-2.592983
-1.613274,-1.906672
-3.007872,-0.286633
-1.050501,-1.273792
-2.798399,-0.062079
-2.629805,-2.141305
0.154769,-3.943332
-3.338857,-1.998261
-2.582537,-1.862897
-2.750164,-1.866385
-1.401762,-2.659324
-0.500438,-2.537997
-2.589820,-2.554760
-1.171780,-2.237996
-1.383992,-1.906090
-1.278057,-3.001660
-0.824017,-0.949076
-1.056307,-2.317158
-1.534400,-0.717800
-3.408706,-1.053853
-1.799150,-3.616600
-1.697455,-1.288737
-3.121119,-1.139974
-1.325404,-1.248545
-2.576718,-3.898611
-3.578883,-1.581486
-1.520050,-2.023359
-1.059571,-1.860091
-4.716960,-0.090085
-2.113460,-1.881553
-2.572597,-2.030805
-1.750181,-2.876336
-1.823186,-2.622463
0.213889,-4.125275
-2.098380,-2.620063
-2.083318,-1.922176
-1.651219,-2.340008
-2.080562,-3.088433
-3.946316,-0.549621
-0.931736,-0.471804
-1.411628,-2.128173
-4.839952,-0.810004
-3.044062,-0.733814
-1.538262,-2.413260
-0.898514,-1.525233
-1.637224,-1.664955
-1.395769,-2.311860
-2.378439,-3.041480
-2.959052,-0.692824
-3.032110,-1.696309
-2.792076,-0.740092
-1.615470,-1.355260
-1.067496,-1.637772
-1.409836,-2.556890
-1.763076,-3.385142
-1.677083,-2.483805
-2.799378,-1.843671
-2.668251,-1.651697
-1.257402,-2.113156
-0.615900,-1.558895
-3.058209,-2.309388
-2.220383,-2.426829
-0.049658,-2.892462
-3.298470,-1.426294
-2.176934,-0.946100
-1.512909,-1.534811
-1.682334,-1.172222
-0.910625,-2.941406
-2.752776,-2.403712
-1.873303,-3.710748
-2.259319,-2.181025
-0.273536,-2.509206
-2.708947,-2.015602
-2.295004,-1.942979
-0.510002,-3.216133
-2.714155,0.126162
-2.307527,-2.128463
-2.354184,-1.379273
-0.949896,-1.189979
-1.178402,-1.864479
-2.050242,-1.801071
-0.019547,-2.879036
-2.630642,-1.181339
-2.688389,-0.896065
-1.361712,-3.608882
-2.793232,-2.898220
-3.079831,-1.135719
-2.609330,-2.372160
-2.631240,-1.511474
-1.012128,-1.576919
-2.759144,-0.491139
-2.439092,-2.076998
-1.917244,-2.417509
-2.355493,-1.676234
-1.223665,-1.235445
-3.381090,-1.400104
-2.645054,-2.130675
-1.557354,-0.513438
-1.296344,-1.913058
-3.465499,-0.670733
-1.570663,-0.714505
-1.707686,-3.328990
-0.544958,-2.700088
-0.842673,-2.597479
-3.508400,-1.153479
-1.005056,-2.325024
-3.222898,-3.140001
-3.050645,-0.397357
-1.881028,-2.539843
-2.628892,-1.415987
-1.974224,-1.875066
-1.471057,-2.889694
-2.217225,-2.543414
-1.995753,-1.519916
-3.841034,-0.919939
-2.058693,-0.516376
-3.071403,-1.426667
-0.973196,-1.508873
-1.853559,-2.176568
-1.191589,-2.034592
-0.273878,-4.536128
-0.357194,-2.054422
-2.301979,-1.899774
-2.514101,-2.867461
-3.350183,-1.001184
-2.841910,-1.814601
-2.407507,-2.511364
-1.264798,-1.694420
-1.904582,-1.721294
-1.238679,-1.130164
-1.361905,-2.776193
-2.660716,-2.335250
-2.094698,-1.875657
-2.039503,-1.842201
-2.230665,-3.393909
-2.605242,-2.288136
-2.294162,-2.454281
-0.537309,-3.102056
-2.054877,-0.841835
-1.592998,-2.367312
-1.784379,-1.194399
-1.218752,-4.249968
-4.044823,-1.640242
-2.128959,-0.540029
-3.197378,-1.805846
-1.256463,-2.801121
-2.645151,0.388534
-3.056078,-2.538310
-2.244439,-1.963311
-2.847914,-2.808517
-2.962824,-2.540488
0.303229,-4.078827
-4.079397,-0.756238
-1.142684,-1.961567
-2.954110,-0.940367
-0.723435,-1.950448
-1.195147,-3.326017
-3.293809,-2.274878
-1.766999,-1.094381
-3.646960,-0.743109
-1.261343,-2.023697
-1.619333,-2.689401
-2.092800,-1.534899
-0.931593,-4.234814
-1.246451,-4.421323
-1.142300,-3.079964
-2.967218,-3.184541
-1.950949,-3.567255
-2.154725,-2.501535
-3.159657,-0.979810
-1.605471,-2.656818
-0.771870,-1.886688
-1.481644,-2.062309
-3.014358,-1.646618
-0.678358,-3.802350
-3.399661,-2.295825
-1.799072,-1.361196
-2.866262,-0.455917
-2.160448,-1.653472
-1.427192,-3.519359
-0.463880,-3.464175
-2.322821,-1.559470
-1.865839,-1.374495
-0.819262,-3.117892
-2.447935,-2.020978
-0.671147,-4.353052
-1.485029,-2.365374
-1.067315,-1.009365
-2.828753,-1.194267
-1.469606,-1.259717
-2.966651,-0.699254
-3.950091,-0.947905
-0.391894,-0.441866
-2.685606,-1.455360
-2.000190,-1.820166
-3.044110,-0.151691
-2.769842,-2.906188
-1.340633,-2.599302
-1.339828,-1.564310
-1.380308,-1.781023
-0.987388,-3.537096
-1.567967,-0.364747
-1.462615,-1.708592
-2.680536,-0.366263
-2.825004,-1.528956
-3.974925,-1.343109
0.030898,-2.163502
-2.932162,-2.305818
-1.496352,-3.979434
-3.802427,-0.278818
-0.737609,-1.633608
-2.381325,-1.946102
-2.619889,-0.782403
-2.655120,-1.615097
-1.729845,-3.280624
-2.085359,-1.907114
-2.630534,-1.794286
-3.771550,-1.553993
-2.816782,-2.092700
-2.249776,-2.670960
-2.216762,-2.853529
-0.651371,-2.384865
-0.471739,-2.878303
-2.372500,-0.897086
-2.522980,-2.569104
-1.251839,-3.928236
-0.845941,-2.879058
-0.877477,-3.329251
-2.186320,-2.116744
-1.127523,-1.596108
-2.081242,-1.215715
-1.285911,-1.929562
-2.157926,-1.631897
-1.542670,-2.220534
-3.524065,0.127632
-4.423607,-1.463339
-1.652128,-1.526899
-2.077364,-1.407616
-1.057686,-1.731015
-0.688487,-3.461106
-2.393964,-2.178845
-3.006569,-2.958180
-0.242170,-2.487591
-2.400201,-1.978600
-2.154902,-0.457913
-4.510750,-1.376208
-3.778083,-1.382883
-1.955577,-1.433095
-3.158685,-0.372027
-2.660509,-2.177286
-0.970392,-3.893497
-3.201746,-0.765442
-3.797398,-0.920029
-2.596273,-1.235963
-3.233385,-0.989933
-1.281021,-1.501861
-0.261898,-3.881238
-0.576197,-3.453264
-1.334800,-2.062951
-2.546559,-1.739043
-1.127952,-2.793719
-3.620340,-1.359938
-1.619734,-4.223446
-0.674588,-3.332667
-0.970360,-3.404595
-3.464070,-2.664493
-2.140889,-0.431662
-2.877751,0.351807
-3.974435,0.204489
-2.823609,-1.427569
-2.505252,-1.357268
-1.311945,-4.192337
-3.489060,-0.355796
-3.513428,-1.053349
-1.270014,-2.815803
-1.983945,-0.623970
-1.834449,-1.511897
-1.147684,-1.396493
-3.666572,-1.118676
-2.829542,-2.166035
-2.904090,-1.490270
-2.329542,-3.710468
-2.841501,-0.965689
-1.801532,-1.366658
-1.799337,-3.118869
-1.896657,-0.945227
-1.659438,-0.737790
-2.233852,-1.256294
-2.828034,-1.403899
-0.914472,-3.066518
-3.047949,-1.811526
-1.145308,-3.580683
-2.908622,-0.595728
-2.374744,-2.592951
-2.145837,-1.669003
-1.143049,-0.352791
-2.774741,-1.919333
-1.080253,-3.479280
-1.189917,-1.981305
-1.960599,-3.031273
-2.775413,-1.843497
-2.922323,-1.923695
-1.882271,-2.699686
-2.428178,-1.715747
-1.594659,-3.710684
-2.434102,-2.981338
-1.513090,-2.230526
-0.551740,-2.599841
-2.656484,-0.260033
-2.368292,-1.209874
-2.022776,-1.607291
-1.488617,-2.536470
-1.808170,-1.550780
-0.517444,-3.271548
-3.220934,-1.381579
-2.836951,-3.026535
-2.801818,-2.686844
-1.545201,-2.503643
-1.556490,-2.607530
-2.342478,-1.695907
-3.057174,-2.812526
-2.973600,-3.246661
-0.736554,-1.422263
-3.524815,-1.902778
-1.617605,-2.558362
-2.013332,-1.136070
-3.888328,-1.066133
-3.070374,-2.692816
-2.108566,-1.398771
-1.690576,-1.655850
-1.913970,-3.405567
-0.991657,-2.638313
-3.564200,-1.294301
-1.350518,-2.534216
-5.208335,0.760681
-2.924155,-1.254375
-2.196745,-3.132629
-1.312134,-1.838594
-1.198516,-2.705140
-1.469440,-2.948195
0.470659,-2.152418
-2.428601,-1.897837
-3.163076,-0.927410
-1.616367,-0.821140
-3.848056,-1.295509
-1.372455,-1.350464
-1.192424,-3.065361
-1.494609,-2.004296
-2.119972,-0.729964
-2.591958,-2.448796
-2.221793,-2.835978
-1.054802,-2.236257
-1.033600,-3.519190
-2.429181,-0.886280
-1.755082,-3.144750
-3.176966,-0.448245
-1.316558,-2.724526
-3.387940,-1.506100
-1.097397,-2.681990
-1.165529,-3.507728
-2.951727,-3.705211
-1.765723,-1.621741
-3.390601,-0.012680
-1.337308,-3.114545
-3.384889,-0.161229
-3.194397,-1.378979
-1.847314,-2.221665
-3.011279,-1.417192
-2.522305,-1.478383
-0.950840,-3.052040
-2.953243,-1.040655
-1.003529,-1.572753
-3.028467,-2.353156
-1.615914,-2.116227
-1.948325,-1.540713
-1.966225,-2.245657
-1.614953,-1.590564
-1.443317,-2.628744
-2.483793,-2.054346
-2.225990,-1.425098
-0.191370,-3.774719
-2.479157,-0.024394
-1.956037,-0.773953
-1.582737,-1.847727
-1.807532,-1.523772
-3.096506,0.098825
-0.913230,-1.506426
-1.888828,-1.459346
-1.426864,-1.835764
-1.779678,-1.088629
-1.089623,-1.959750
-0.195975,-4.419952
-0.666205,-2.996385
-2.837160,-1.172023
-3.561261,-1.213085
-0.424742,-2.852113
-2.960900,-0.933654
-3.323876,-0.167737
-2.559567,-1.870754
-1.004766,-3.261943
-3.273639,-0.535444
-2.113690,-2.791307
-3.029109,-2.095890
-2.539736,-1.921452
-1.453200,-1.904680
-1.174067,-2.819397
-0.733934,-3.379123
-2.034707,-1.173894
-2.653010,-0.688417
-2.552899,-3.257479
-3.120233,-1.404365
0.188588,-2.317025
-1.703074,-1.807954
-2.204761,-1.809653
-1.956726,-2.627064
-4.656128,-0.801467
-2.070112,-2.820163
-2.655424,-1.758555
-1.246993,-2.111234
-4.091071,-0.739341
-0.625237,-3.312226
-2.833043,-1.382256
-2.822226,-1.726030
-3.764290,0.378560
-1.956451,-2.795572
-1.897252,-1.428949
-0.861980,-3.126899
-2.476463,-1.189783
-1.794871,-0.714212
0.802015,-4.583605
0.013843,-4.058906
-3.189349,-0.939245
-0.777972,-2.396455
-2.026563,-1.784343
-4.621890,-0.885129
-1.260843,-2.363046
-3.535919,-1.424545
-1.678414,-2.390050
-1.519505,-1.783022
-1.631772,-1.718640
-0.885943,-2.969405
-1.608103,-1.548219
-3.704070,0.660359
-1.074081,-2.292653
-2.125895,-2.212806
-1.832973,-2.749009
-1.656657,-3.638805
-2.745417,-1.610866
-2.592576,-2.277229
-2.853306,-1.850345
-0.056437,-2.375442
-2.336024,-1.976198
-2.013196,-2.346035
-3.200870,-2.346557
-0.380356,-3.507089
-1.444224,-4.462375
-2.698581,-1.134634
-2.715543,-2.403287
-2.700940,-0.293109
-0.877342,-3.231414
-1.667590,-2.377050
-3.132393,-1.248494
-3.717211,-2.013351
-1.668133,-2.733611
-1.519676,-2.455961
-2.021538,-1.748036
-2.400794,-0.865749
-0.624208,-3.225873
-1.060136,-2.120248
-2.701155,-0.457224
-3.274148,0.027194
-3.262091,-1.531951
-1.633495,-1.676585
-2.706676,-2.206881
-2.105451,-3.705021
-2.837430,-2.193005
-2.219617,-1.056260
-1.994643,-1.610434
-2.307055,-0.542888
0.284417,-3.579200
-2.273819,-1.430265
-2.567413,-1.748089
-0.226737,-4.378861
-1.242715,-4.409117
-3.198634,-1.346038
-2.230615,-1.765007
-3.122106,-0.803185
-0.742058,-1.777041
-1.359442,-2.223321
-3.052023,-2.189974
-2.120171,-0.525870
-1.003410,-2.967046
-3.973048,-1.652312
-3.168946,-2.080240
-1.828860,-2.382255
-1.435055,-3.475644
-1.248671,-1.374540
-3.236119,-2.403037
-2.382812,-1.576181
-1.670372,-2.766875
-3.216894,-2.355105
-2.012457,-3.132995
-1.143231,-2.527421
-1.706636,-1.622175
-0.183326,-4.086583
-2.726532,-2.911725
-1.414489,-2.606800
-2.104080,-1.548581
-0.608021,-4.022220
-0.678237,-3.327627
-1.939375,-2.685936
-5.268772,0.216938
-1.746407,-1.775013
-2.020727,-1.400841
-2.472923,-1.857433
-2.337570,-2.318440
-2.016478,-3.301767
-2.130130,-0.766027
-1.530214,-2.547267
-2.824518,-0.053601
-2.637015,-1.093653
-1.713951,-2.801415
-1.984439,-1.577031
-0.537856,-2.216014
-2.821991,-0.384093
-2.982977,-0.378771
-2.211815,-1.736970
-1.728120,-2.277078
-1.140389,-2.943212
-1.388591,-3.412230
-2.472873,-0.344959
-0.839883,-2.290012
-1.822384,-2.841482
-3.752965,-1.341420
-0.784900,-3.880605
-1.665257,-2.707840
-0.334185,-3.314549
-3.491543,-0.206845
-1.474308,-1.857535
-2.036337,-1.906566
-1.819933,-1.962505
-2.458373,-3.169900
-3.336071,-0.133948
-1.216850,-2.431997
-0.831197,-2.788377
-2.126575,-0.840484
-2.587568,-1.602382
-3.163011,-1.388999
-2.623047,-2.106460
-1.451914,-1.053936
-2.208280,-0.869660
-2.999559,-1.070578
-2.170735,-3.682857
-1.002698,-2.880296
-0.150936,-3.672020
-3.209824,-2.354357
-2.972150,-1.449272
-1.430188,-4.262637
-1.909410,-2.005777
-1.468718,-1.494306
-2.343965,-2.236446
-1.181687,-1.736784
-0.950045,-2.890935
-1.666171,-1.310996
-2.575015,-2.381560
-1.806771,-1.473907
-1.572845,-1.330765
-0.947101,-3.210480
-1.618990,-1.608589
-2.766867,-1.208902
-1.593422,-2.218466
-1.256836,-3.232445
-2.316826,-1.329596
-1.817380,-2.964485
-1.672947,-3.057582
-1.526955,-1.271863
-3.605889,-1.315978
-2.144885,-1.573389
-2.671850,-2.304959
-1.184807,-2.470310
-1.621477,-2.287985
-1.366991,-3.122625
-0.712621,-3.023073
-1.565608,-2.168663
-1.564675,-2.199662
-3.825196,-0.698581
-2.755255,-1.904045
-1.649182,-1.877894
-1.899887,-1.409291
-2.495901,-0.839305
-2.690450,-1.096546
-0.968695,-2.230652
-1.322745,-1.983344
-1.090993,-3.264781
-1.205172,-2.402366
-1.507828,-2.507403
-1.360861,-1.612582
-2.262905,-1.447371
-2.401163,-2.365926
-1.102136,-2.620627
-0.794194,-3.243434
-2.798266,-2.612401
-1.948208,-2.045524
-3.795496,-0.195084
-2.534673,-1.018796
-1.808411,-1.361605
-0.794392,-3.294226
-2.724909,-2.237602
-1.912515,-1.993424
-2.297651,-2.589851
-1.507534,-2.813125
-2.285549,-1.619358
-2.288180,-1.943042
-1.425610,-2.881244
-2.792723,-4.235204
-2.118405,-2.141868
-2.726352,-0.584610
-2.912128,-2.087379
-2.812439,-1.046334
-2.082156,-2.700706
-1.561081,-2.695478
-1.091677,-2.869998
-1.513624,-1.799778
-2.781248,-3.039703
-2.296479,-2.832607
-1.955243,-2.988638
-3.980027,-0.359820
-2.774631,-1.531740
-2.041148,-2.434074
-1.734604,-2.940215
-2.354238,-1.705634
-3.261179,-0.959038
-1.740413,-2.218910
-2.466674,-1.417304
-1.876442,0.454423
-2.521475,-1.102524
0.425194,-3.040385
-2.295559,-0.169836
-3.164236,-1.785009
-1.709337,-3.381125
-2.420132,-2.280928
-3.029820,-1.541984
-1.585674,-2.149982
-2.040000,-2.868107
0.035462,-3.104674
-1.393856,-2.989377
-2.709213,-3.351798
-1.545939,-1.049065
-3.019077,-1.357042
-3.780217,-1.953651
-3.086212,-1.644847
-2.820595,-1.143801
-0.833590,-2.919261
-1.881673,-1.880027
-1.891012,-3.280140
-2.564973,-1.502155
-2.218667,-1.226781
-1.803850,-0.577644
-2.671150,-2.326034
-1.475045,-2.815110
-1.493480,-1.127553
-1.038631,-1.281949
-3.315656,-0.253797
-2.775239,-1.684106
-3.773988,-0.863212
-3.557164,-1.475292
-1.997197,-0.888425
-3.020216,-1.446786
-0.997443,-1.464380
-1.797764,-2.673851
-3.334257,-0.728406
-1.032840,-1.128411
-1.806867,-2.924552
-2.139010,-1.828580
-0.922886,-2.271084
-1.980776,-1.954310
-2.519500,-2.526554
-2.083405,-3.498688
-2.985490,-1.012802
-3.086615,-1.363618
-3.802704,-1.814101
-2.880828,-1.197183
-2.211368,-4.611152
-1.939648,-1.070669
-1.752104,-1.644773
-2.358840,-1.585655
-3.569465,-1.908017
-1.743881,-1.573355
-1.485823,-2.258392
-0.942861,-2.981572
-1.634203,-2.882970
-3.375919,-2.385614
-0.692922,-2.582239
-2.231506,-2.503153
-2.943805,-2.163536
-1.117067,-3.090928
-2.251462,-2.491260
-1.104918,-1.561873
-2.543721,-2.606387
-3.080768,-3.038591
-3.989342,-1.197271
-2.097669,-1.740163
-0.674167,-2.026434
-4.155997,-0.592096
-3.109753,-1.877871
-2.511933,-0.223243
-3.702393,-1.954056
-1.794380,-2.734140
-0.819672,-1.851786
-0.236659,-3.373614
-2.995685,-1.706703
-2.216409,-1.341917
-1.221285,-1.691926
-0.985031,-1.925761
-2.270013,-2.041625
-2.500424,-2.888115
-2.247487,-2.874659
-1.779025,-1.320452
-2.752284,-1.960768
-1.631865,-2.091463
-1.466769,-0.896096
-2.465812,-1.386150
-2.264241,-2.083740
-1.641599,-1.641326
-1.182713,-2.406919
-1.046836,-1.235381
-2.091856,-1.580429
-0.526387,-2.009300
-1.756924,-0.878822
-1.841463,-2.160178
0.109354,-2.264549
-1.392051,-0.752237
-1.461637,-2.066516
-2.694850,-0.975329
-1.949126,-2.525508
-0.364284,-0.965315
-2.454966,-3.531429
-2.019923,-1.955427
-2.037714,-2.583053
-2.422665,-2.897022
-3.417726,-0.337262
-1.576536,-1.372360
-4.547741,0.145960
-1.864639,-1.333423
-2.146090,-0.949133
-3.000277,-1.410916
-3.091103,-1.020953
-1.935717,-1.449495
-1.167254,-2.399019
-3.483894,-2.409242
-3.623326,-1.195590
-1.471924,-0.999067
-2.046088,-0.913524
-3.207493,-1.284650
-0.894373,-2.690427
-2.065413,-0.830952
-2.922059,-1.569637
-3.812656,-2.288949
-3.546475,-1.342873
0.032774,-1.544505
-2.177147,-2.078287
-0.780000,-2.777371
-2.862570,-1.488608
0.673399,-3.046781
-1.905364,-2.405888
-2.371947,-2.433189
-2.739958,-0.533590
-1.266741,-0.421811
-0.757655,-1.965580
0.247903,-3.604142
-4.480664,-0.569112
-4.115107,-1.267617
-4.030033,-0.430544
-1.626424,-2.909117
-2.103616,-2.048410
-1.796597,-1.887268
-2.204392,-1.789391
-1.402800,-2.168836
-2.161044,-1.510132
-2.344968,-2.347919
-2.202831,-2.074748
0.289061,-3.289757
-2.235147,-1.785104
-2.831902,-1.922976
-2.573938,-0.219350
-1.309764,-3.322616
-2.461300,-1.291998
-1.764875,-1.795419
-0.839827,-4.081966
-1.097255,-2.139891
-0.044128,-3.774779
-1.348163,-2.000623
-1.850797,-0.451082
-1.394273,-3.427217
-1.337168,-1.252745
-2.325926,-1.568605
-3.259042,-1.138283
-2.145319,-0.119624
-2.642215,-2.907364
-1.303997,-1.051722
-3.115376,-2.260504
-2.702387,-0.502216
-2.299220,-0.567838
-1.000872,-1.940573
-2.031767,-3.149869
-0.935752,-2.371466
-0.907877,-1.616542
-2.628176,-0.697869
-3.782691,-1.392364
-2.541281,-0.884505
-1.257227,-3.462857
-1.956212,-2.231155
-2.274120,-2.345298
-3.898167,-1.336223
-1.427706,-3.514805
-1.806434,-2.906977
-3.783936,-0.874609
-2.525855,-2.736431
-1.292980,-2.105649
-2.097230,-0.918609
-1.472707,-3.200668
-2.720170,-1.304005
-1.652584,-1.757297
-3.212435,-1.486194
-1.970122,-2.149739
-1.011197,-2.689120
-1.535714,-2.469485
-2.428168,-1.303245
-1.129941,-2.666297
-2.400781,-2.160448
-1.175498,-2.670518
-1.323965,-3.743988
-1.494597,-3.717392
-1.054276,-1.883711
-1.973914,-0.902927
-2.476550,-3.534470
-0.918849,-1.953503
-1.670077,-2.351749
-1.465404,-1.837203
-3.493693,-2.055431
0.432047,-3.777182
-1.488068,-1.856409
-1.496638,-1.982533
-2.242606,-2.476927
-1.740772,-2.427688
-2.615157,-1.556462
-0.239365,-2.095934
-1.589136,-1.049852
-1.180660,-3.072938
-1.836334,-1.505736
-1.294287,-4.563443
-1.153838,-2.299338
-1.480785,-2.646178
-2.459069,-2.369258
-3.665570,-1.129495
-0.702731,-4.279618
-1.191291,-2.635060
-1.901487,-1.511723
-3.613458,-0.358171
-2.953867,-1.491143
-2.425076,-1.923549
-1.787521,-2.046130
-2.878998,-1.174836
-1.794238,-1.892264
-3.464905,-1.943140
-2.876779,-2.454312
-2.964437,-0.696817
-3.894673,-1.770164
-1.418567,-1.711076
-3.040796,-0.608760
-1.764625,-2.505299
-0.366087,-2.171133
-2.653687,-1.525602
-2.526289,-1.584164
-2.116736,-2.638679
-1.170603,-2.448715
-3.075396,-1.261007
-0.837155,-2.210389
-3.184583,-3.047685
-1.154938,-2.376495
-1.290477,-2.658335
-1.128177,-3.283270
-1.674551,-3.557124
-0.906680,-2.220686
-1.335168,-0.613009
-0.972729,-2.008083
-3.050276,0.168236
-2.923150,-0.956050
-2.661029,-2.260072
0.416260,-4.211873
-1.381573,-3.043511
-1.122560,-2.553368
-1.198442,-1.544170
-1.283413,-2.536012
-1.981611,-2.312612
-1.173063,-1.306441
-2.958288,-1.498018
-1.862243,-2.920103
-2.858239,-2.657933
-1.622317,-1.995616
-1.351413,-2.607936
-3.110941,-2.651254
-2.408204,-2.050660
-3.500909,-0.300980
-2.112731,-3.704320
-1.304038,-1.389887
-1.318695,-2.366699
-2.297171,-1.014980
-2.325620,-2.332630
-2.310027,-2.759792
-0.688690,-2.321585
-2.146414,-1.565958
-0.780135,-2.022572
-1.733091,-2.135684
-3.370144,-1.352546
-0.933000,-2.033415
-2.533042,-1.123298
0.525541,-3.246421
-1.761692,-2.818224
-2.425630,-2.772236
-2.969114,-0.858670
-2.992978,-1.781615
-2.142592,-0.433721
-1.458728,-3.666267
-0.840295,-2.234955
-2.189876,-1.876378
-1.351990,-0.715867
-0.643117,-3.666817
0.917536,-4.410917
-3.094710,-1.211953
-3.333299,-2.202650
-1.187191,-0.358136
-1.460466,-2.122057
-1.401116,-2.422896
-2.659724,-0.741033
-1.970824,-2.148085
-0.450287,-2.531566
-3.276493,-1.978945
-2.615754,-2.311111
-1.199680,-1.988710
-2.501477,-0.787384
-1.535353,-2.004090
-0.954530,-2.292693
-2.221592,-2.253230
-1.029618,-2.291942
-2.126249,-2.363343
-2.194354,-3.048981
-2.000552,-1.712122
-1.254856,-3.821195
0.029651,-2.825035
-1.983498,-0.912508
-3.183573,-0.377184
-1.850360,-1.954424
-1.843436,-2.960142
-1.759912,-2.488219
-1.180443,-4.055981
-1.555989,-3.756227
-2.719127,-1.615264
-1.641668,-1.975544
-2.484771,-1.059581
-3.398520,-0.561905
-2.473477,-2.131772
-0.320057,-3.600953
-3.119289,-1.622997
-1.077455,-1.962179
-2.419248,-2.504096
-0.842249,-2.501448
-1.959070,-2.186268
-0.566628,-2.956364
-3.075358,-1.287055
-2.557926,-1.848953
-2.267376,-1.238776
-2.730805,-3.396448
-1.135343,-2.520042
-3.067915,-1.536821
-2.417505,-0.088710
-3.172772,-1.963216
-2.885257,-1.653145
-1.259753,-2.287273
-2.143123,-1.400839
-2.597395,-1.459542
0.296093,-2.213387
-2.017857,-2.694950
-0.872063,-2.976250
-2.091076,-2.029243
-2.968349,-0.373077
-0.081716,-1.844401
-0.745625,-3.370123
-1.182370,-2.447151
-2.757362,-1.655540
-2.810186,-0.990745
-2.800728,-0.270196
-1.064299,-1.880529
-1.127950,-2.245546
-2.714474,-1.802564
0.465998,-2.988287
-2.352448,-1.626999
-1.528838,-1.496385
-3.441131,0.343879
-2.175331,-1.538703
-2.817152,-2.186635
-3.161947,-2.148641
-2.618487,-1.853131
-2.559413,-1.059910
-2.201463,-2.809069
-3.321602,-0.764761
-4.122276,-1.108806
-2.906295,-3.344390
-2.235836,-0.925983
-1.803152,-2.851217
-1.783551,-2.456332
-0.975001,-1.944081
-2.542124,-3.354196
-2.035492,-2.476923
-0.772856,-3.038044
-0.141553,-3.477572
-2.253049,-2.310300
-1.739294,-3.724079
-2.913314,-1.386161
-0.552088,-3.459699
-1.056925,-1.530102
-1.153541,-1.867057
-2.401349,-2.780279
-1.799564,-0.982823
-2.628408,-1.057630
-2.778513,-1.051162
-2.807252,-2.665358
-1.429890,-1.062158
-1.239253,-4.072918
-2.394599,-2.961123
-3.456375,-2.271167
-2.087243,-0.908415
-2.558677,-1.420888
-3.040343,-2.114958
-2.534114,-2.084280
-2.416316,-0.873455
-1.122358,-2.525984
-2.577485,-1.896588
-1.763677,-1.724783
-2.047408,-2.838450
-1.455623,-1.060987
-2.043953,-2.308224
-0.738542,-2.111383
-2.831046,-1.315173
-1.716429,-3.080206
-1.505810,-2.987456
-1.883403,-2.854683
-2.173096,-0.241639
-1.342295,-3.229055
-1.019847,-2.661669
-2.221038,-2.809586
-3.187353,-0.324945
-0.398421,-2.094873
-0.699571,-2.685977
-4.159508,0.028316
-1.666537,-2.165867
-3.189219,0.665443
-1.463749,-2.231719
-3.013758,-1.415227
-0.477838,-2.437814
-2.282034,-1.399102
-3.531216,-1.614068
-0.480238,-0.881574
-2.177593,-1.194394
-3.012226,-2.828901
-0.834868,-2.251678
-1.615730,-2.554201
-2.740802,-2.236092
-0.895656,-3.116916
-1.564989,-2.207204
-1.027376,-3.507340
-1.123730,0.069535
-1.767906,-1.561252
-2.275532,-1.431010
-3.070082,-1.888774
-1.565737,-2.184367
-0.946433,-2.620239
0.065773,-3.253597
-1.522686,-1.783203
-2.158498,-0.431795
-3.099308,-2.633933
-1.106975,-4.157703
-3.328068,-2.080569
-2.008266,-2.413930
-1.954891,-1.329866
-1.681323,-1.516921
-0.536417,-2.442781
-1.734017,-1.506361
-2.577486,-3.473283
-2.648149,-1.495279
-2.829888,-0.748251
-3.920990,1.191875
-2.577193,-3.007687
-1.714142,-3.223457
-1.611450,-2.513884
-1.588128,-1.037738
-1.940119,-3.448390
-2.053525,-0.614203
-1.054680,-1.904193
-3.521260,-2.187120
-1.687024,-2.789731
-3.467878,-0.023516
-1.912614,-2.784529
-0.107339,-2.826525
-2.032899,-1.347655
-0.518760,-2.745445
-2.157385,-2.569743
-3.044402,-2.155687
-2.287777,-1.977674
-2.482888,-0.625220
-1.938230,-1.780845
-2.522957,-1.486143
-1.533308,-2.949605
-0.480245,-2.594346
-2.556132,-1.866944
-1.254091,-2.509587
-1.310661,-3.758016
-0.762486,-0.796411
-2.299135,-1.515566
-1.452590,-3.480443
-3.405547,-1.056345
-1.765284,-1.642907
-1.890077,-2.617618
-1.114200,-4.101606
-2.727471,-1.711067
-3.371330,-2.213459
-2.722456,-1.317199
-0.161773,-2.709036
-0.243146,-2.679553
-2.418847,-2.474819
-3.398150,-0.196620
-2.835693,-0.731715
-2.247926,-2.622817
-1.761367,-2.075213
-2.903780,-1.489361
-1.605495,-0.716010
-3.116545,-2.842521
-2.089354,-2.005343
-2.688414,-2.907254
-2.505373,-2.026517
-1.434606,-1.617391
-1.348395,-2.753999
-1.907722,-2.258050
-1.810676,-2.579258
-3.662083,-0.760790
-2.181970,-1.713071
-1.822971,-1.696792
-0.751133,-1.847450
-1.285476,-2.879057
-0.523887,-2.579073
-0.824383,-2.419917
-2.141314,-1.682497
-3.268948,-1.335562
-3.462442,-0.921533
-2.470560,-1.722817
-3.035901,-1.966812
-2.083654,-1.898126
-2.174908,-1.419619
-0.601614,-2.092166
-1.584920,-1.684581
-1.115377,-3.299288
-2.116429,-0.248222
-2.411524,-1.676563
-0.681410,-2.521302
-3.442086,-2.911170
-0.324227,-3.325507
-1.799087,-3.240483
-1.738289,-1.918507
-3.647503,-1.169914
-2.890726,-2.135883
-1.476738,-2.334369
-2.555217,-2.810950
-2.074046,-1.184715
-3.932238,0.154152
-1.998829,-1.697909
-1.466424,-3.829223
-3.076965,-3.220050
-1.269555,-3.228019
-2.743981,-0.996667
-0.705573,-3.334700
-2.148187,-1.137637
-2.306412,-0.495536
-2.250004,-1.262902
-1.780208,-1.377412
-1.419915,-2.784503
-1.177545,-2.388907
-1.269112,-1.717449
-1.513478,-1.423002
-0.531576,-4.188248
-2.802316,-1.177360
-2.788963,-0.960134
-0.294537,-1.912020
-1.798257,-2.947383
-3.165572,-1.745829
-1.263878,-3.503781
-1.640497,-0.219930
-2.366305,-2.357843
-3.376842,-1.238443
-1.407071,-2.176343
-2.952962,-0.976518
-0.532164,-1.146550
-1.699030,-2.860703
-1.388135,-2.060725
-1.186837,-1.995907
-2.114670,-2.204390
-1.525866,-2.499266
-2.404783,-1.630350
-2.588948,-2.186213
-1.382321,-2.622443
-2.079670,-1.872551
-1.452332,-2.474789
-2.082589,-2.038571
-1.175552,-2.305197
-2.364873,-2.385380
-2.183139,-2.399617
-1.288602,-1.283135
-2.027322,-1.771202
-3.097965,-0.630963
-2.303458,-1.552212
-1.442765,-2.109147
-4.134540,-1.186304
-2.030547,-2.822451
-0.746325,-2.030238
-1.501482,-1.775552
-1.744757,-2.900089
-0.396135,-2.158822
-3.196520,-1.853990
-3.118983,-1.140517
-2.368992,-1.583996
-1.169721,-3.658023
-2.702900,-0.357800
-1.011225,-2.780791
-1.243133,-1.614913
-2.206654,-2.561511
-2.043785,-0.767110
-2.054766,-1.373132
-1.603906,-3.674011
-0.305471,-2.643736
-1.251497,-1.922203
-1.487436,-2.527108
-1.466041,-2.861529
-0.678283,-3.639363
-2.495896,-3.199012
-2.080737,-1.344980
-2.029275,-3.175962
-3.370490,-0.373347
-0.153007,-4.275320
-1.798425,-2.927021
-2.819384,-0.927662
-2.619146,-1.518760
-2.925676,-1.447628
-1.957999,-1.554698
-2.508829,-3.587772
0.622310,-2.310405
-2.214796,-1.087016
-3.793490,-1.331418
-1.925130,-3.179662
-4.539782,-0.458055
-3.415663,-1.243243
-1.438714,-1.290971
-2.313502,-1.818148
-4.881430,-0.952480
-1.337209,-2.972402
-3.156185,-1.347444
-3.699280,-2.023146
-2.547660,-0.558774
-1.086488,-2.948006
-1.541603,-2.008233
-3.347125,-1.335911
-2.197157,-1.557212
-1.380563,-1.164097
-2.746532,-2.468463
-1.838508,-0.560533
-1.445216,-1.202732
-1.429711,-2.156017
-0.951554,-3.658267
-1.811202,-1.519070
-1.737975,-0.981704
0.059010,-2.589263
-1.996230,-3.232382
-3.454292,-1.658158
-4.315256,-1.866845
-0.907013,-2.215912
-3.899340,-2.734831
-2.283055,-3.432707
-2.094366,-1.854466
-1.838844,-2.267868
-1.413057,-3.320955
-3.168627,-1.321060
-0.935165,-1.925037
-0.239218,-2.281132
-3.862898,-1.152632
-3.878316,-2.283692
-2.592391,-2.416177
-2.280174,-1.404967
-2.306907,-2.786130
-2.810055,-1.221251
-1.644008,-2.869285
-1.966869,-2.132421
-1.790464,-1.253699
-3.020369,-1.206053
-2.468408,-1.732229
-3.117105,-1.015298
-2.117656,-1.908133
-2.083550,-1.284966
-2.593781,-0.194786
-2.058976,-1.984083
-1.301044,-1.690765
-0.981602,-0.556701
-1.184216,-1.294290
-2.573411,0.076955
-1.756727,-2.327583
-1.122834,-1.403587
-1.899298,-2.679032
-3.264735,-2.063022
-3.235865,-1.905353
-1.065760,-1.778816
-1.365427,-2.328030
-3.616134,-1.522645
-1.826491,-1.526660
-1.289208,-3.748495
-3.972352,-1.173717
-2.705180,-3.310656
-0.931378,-2.292455
-2.433257,-0.772968
-2.507351,-2.567710
-2.578880,-1.862677
-0.592812,-3.378299
-2.544742,-0.344926
-2.868363,-0.828848
-0.901363,-2.511524
-2.259409,-1.997699
-2.349022,-1.194147
-1.796440,-2.869874
-0.873372,-2.869986
-3.081312,-1.510042
-0.825056,-2.671547
-2.372229,0.362413
-3.337026,-0.712342
-0.916103,-2.476203
-2.038433,-2.160753
-2.953233,0.338680
-2.599781,-1.496676
-2.778599,-2.765488
-2.257249,-0.445474
-1.651943,-2.976075
-3.006705,-1.317692
-3.374450,-1.407490
-1.470637,-2.010761
-1.910434,-2.471076
-1.302634,-2.002379
-2.587524,-0.919725
-0.711957,-1.920160
-1.695866,-1.253601
-0.298988,-2.533497
-1.898779,-2.543645
-3.376216,-2.674333
-2.441412,-1.835314
-3.089011,-0.639738
-1.540434,-3.260727
1.344341,-2.915515
-0.101591,-4.439054
-1.908198,-0.624276
-3.612302,-0.487307
-2.587738,-1.717742
-1.175172,-3.870224
-0.355358,-3.328564
-1.797357,-2.390140
-2.458406,-1.294140
-1.667841,-0.520622
-2.248976,-3.624485
-1.600769,-2.605919
-2.015201,-1.260704
-1.684310,-3.528260
-3.022358,-0.658972
-2.173812,-1.561855
-2.240370,-1.984216
-1.655713,-2.883769
-2.973710,0.778128
-2.836526,-1.230674
-3.201667,-2.222623
-2.983132,-1.257161
-1.964297,-1.937702
-1.443069,-1.753227
-2.952651,-0.190373
-2.590104,-2.475922
-2.072873,-2.004364
-3.036299,-1.608262
-1.081711,-2.619894
-2.720609,-1.126471
-3.474837,-1.801076
-3.051020,-2.230860
-3.639579,0.980346
-3.135380,-2.468542
0.138566,-2.243141
-0.747405,-2.752456
-3.526089,-0.367983
-1.852768,-3.922545
-2.883528,-2.220434
-2.534651,-2.530690
-1.763838,-2.805568
-2.143965,-2.596433
-1.747969,-1.254713
-1.557611,-2.181534
-1.973802,-3.593679
-1.908053,-1.212314
-0.388421,-3.702902
-2.229655,-1.481000
-1.465175,-2.487247
-3.232189,-1.627645
-4.040512,-1.347408
-2.750499,-1.195505
-2.475101,-3.366715
-3.497781,-1.436306
-1.738521,-1.790448
-4.238319,-0.117357
-1.837179,-1.748753
-2.481456,-2.279813
-3.516787,-0.944149
-2.513854,-1.703036
-0.951200,-2.000557
-3.319896,-2.864460
-2.571404,-2.055686
-0.145756,-2.897701
-1.207561,-2.530077
-2.917821,-1.324645
-2.557952,-2.122848
-3.046899,-1.134848
-1.712770,-0.781835
-0.739156,-3.946029
-1.786561,-2.085825
-1.922535,-0.856654
-1.455311,-2.746399
-2.802484,-0.859499
-1.418894,-4.364448
-1.300496,-2.147499
-2.908461,-1.984697
-2.448714,-1.299354
-1.364258,-3.237177
-0.911389,-4.279549
-1.141998,-4.404756
-3.654367,-0.745704
-0.254351,-3.326912
-2.154601,-1.652487
-0.932411,-2.444860
-0.652450,-2.553902
-2.798213,-1.266029
-0.330615,-2.866889
-1.357440,-2.368201
-3.003055,-1.806603
-3.880169,-0.163709
-0.919405,-2.081163
-4.375588,-1.691157
-1.191701,-3.583902
-4.069846,-0.409272
-3.207036,-0.572853
-0.303689,-2.815687
-2.705618,-2.156646
-1.952569,-3.097034
-1.129733,-2.211811
-1.175183,-2.740430
-2.299074,-1.755466
-0.226355,-3.024769
-1.278249,-3.296811
-1.617428,-2.414423
-1.740412,-1.573734
-2.338367,-2.878412
-3.141945,-1.259084
-2.340238,-2.660563
-0.529121,-2.028442
-1.422768,-3.804479
-1.440592,-2.241259
-1.951251,-3.626896
-1.150916,-3.264924
-0.021761,-1.754911
-3.133841,0.299432
-2.136815,-1.484817
-3.079582,-0.789662
-0.225231,-1.651556
-1.771637,-0.775314
-4.455469,-1.316769
-1.353441,-2.849885
-1.975558,-1.107904
-1.298888,-1.408313
-2.229214,-1.173681
-1.602409,-2.081818
-1.786123,-1.251082
-0.508152,-2.789700
-1.000843,-3.852473
-2.945346,-1.892806
-2.484255,-2.437008
-2.495298,-1.457316
-1.428714,-1.471571
-2.114124,-1.392142
-2.354442,-0.433802
-0.808669,-2.454373
-1.719365,-0.968671
-1.230872,-3.459751
-1.127950,-1.469340
-1.772277,-2.269209
-1.015561,-2.200343
-2.857641,-1.686125
-0.709031,-2.518815
-2.772463,-1.891222
-2.281551,-1.079083
-2.641769,-0.511378
-2.087436,-2.674424
-4.002150,-0.511713
-1.015341,-4.192716
0.366375,-3.145086
-3.452522,-0.297621
-0.010307,-2.787986
-1.787861,-0.981142
-3.203334,-2.181427
-3.350344,-2.204657
-0.815079,-2.151819
-3.324014,-1.619851
-0.999776,-2.973813
-3.454393,0.015250
-4.119790,-0.044767
-2.922923,-1.393031
-1.782848,-3.168694
-1.658769,-1.046447
-1.006451,-1.572199
-3.151666,0.019349
-2.618246,-2.052183
-3.698723,-1.442155
-3.170453,-2.118631
-1.114949,-2.946420
-2.107263,-0.887925
-2.212260,-2.205276
-0.965755,-2.334227
-2.484062,-1.338425
-1.460432,-0.937934
-3.588081,-1.827197
-2.078021,-0.540705
-0.816047,-2.235643
-4.361861,0.844241
-1.846268,-2.254517
-2.902192,-2.674987
-0.458836,-3.270703
-1.626257,-1.710707
-1.714077,-2.203352
-3.961212,-2.314739
-1.468162,-3.055362
-2.571242,-2.845993
-0.863520,-2.437227
-3.798968,-2.993641
-1.876085,-2.266172
-1.280243,-2.861779
-1.982508,-1.302457
-1.764243,-1.588905
-3.151836,-3.132933
-2.498588,-2.730364
-2.208242,-2.011757
-2.220216,-2.617596
-1.501077,-2.191928
-1.519572,-3.101656
-0.342634,-3.378232
-0.880916,-3.091240
-1.976062,-0.752646
-1.409233,-1.966048
-2.929795,-2.942608
-0.289169,-2.863558
-4.061922,-2.057034
-2.154526,-1.576490
-1.701068,-3.091117
-2.045632,-3.875484
-0.739106,-2.564555
-1.329448,-1.936628
-0.047038,-3.513340
-3.980009,-2.633287
-1.371716,-2.284359
-3.817956,-1.561013
-2.982055,-0.579295
-0.635217,-2.372027
-4.162005,-0.173449
-2.114000,-2.838024
-3.956777,-0.772741
-1.473004,-3.151125
-1.758878,-2.819507
-1.674827,-3.041155
-1.449191,-1.201072
-1.792339,-3.510468
-2.016124,-1.450923
-2.630088,0.038909
-1.626013,-4.371619
-2.220414,-1.241019
-3.087024,-0.520395
-0.992856,-1.967713
-0.091968,-1.901159
-2.604555,-2.132775
-1.134681,-2.670163
-1.999289,-2.137504
-0.946204,-3.215578
-3.093405,-1.661436
-1.662452,-1.218655
-3.150691,-2.059316
-1.545836,-0.989252
-1.840525,-0.979256
-3.417971,-1.720319
-2.914835,0.168610
-1.106950,-1.597205
-1.933997,-2.155324
-1.743299,-3.291487
-2.255919,-1.997361
-0.536986,-3.112859
-2.292612,-1.408362
-2.047481,-1.544711
-1.969627,-1.681193
-2.730604,-1.854791
-0.743935,-2.936813
-1.904639,-1.642331
-3.003012,-1.031513
-1.650575,-1.881096
-1.095301,-2.862847
-1.473179,-1.650310
-1.557446,-2.351648
-3.108958,-3.378465
-1.546951,-2.461502
-1.289107,-2.833162
-2.677870,-0.358876
-0.004188,-3.236221
-2.533121,-1.560142
0.421971,-3.639287
-1.522848,-2.266310
-1.532947,-3.209310
-1.999453,-0.377864
-0.873767,-1.613376
-1.849022,-2.591882
-0.523473,-2.979205
-1.900288,-2.238735
-2.167113,-2.824615
-2.572506,-1.488842
-3.171831,-1.772322
-1.138508,-0.724431
-1.626341,-2.858235
-2.091426,-2.951134
-4.587365,-1.716233
-0.707118,-2.824833
-1.382815,-2.647669
-1.726537,-1.776402
-2.265263,-2.123444
-2.201329,-1.977153
-3.755290,-0.820342
-2.024174,-1.062242
-1.411992,-3.700840
-4.010605,-0.666444
-2.097435,-2.076384
-2.153031,-2.219257
-2.511239,-2.301556
-2.791792,-3.179415
-1.731808,-1.933333
-2.256945,-0.595431
-1.252951,-1.906445
-1.261772,-3.255580
-3.312466,-0.505114
-2.290884,-1.887499
-3.352986,-0.116182
-3.581905,-1.009832
-1.540616,-3.224582
-1.721073,-0.631509
-2.210840,-0.911895
-2.786261,-2.486817
-3.420044,0.084375
-2.016371,-1.109838
-0.766252,-3.734872
-2.611048,-1.533849
-1.293011,-1.425560
-0.912523,-0.709395
-1.562201,-1.632862
-2.706330,-1.867950
-1.088546,-2.874366
-3.860013,-0.533606
-2.577951,-1.679198
-1.620871,-1.237117
-2.407241,-2.208099
-3.693332,-0.911583
-3.331396,-2.159263
-1.810272,0.414926
-2.489635,-2.536436
-2.619250,-1.289900
-4.154176,-0.445036
-0.690275,-3.005945
-2.889661,-1.879315
-2.803841,-1.140222
-1.493099,-1.962177
-2.118432,-2.616573
-0.910949,-3.706279
-4.142424,0.178346
-0.485736,-2.247442
-1.813296,-1.894681
-1.494921,-1.019772
-0.119649,-2.420980
-2.606695,-1.315996
-1.383896,-2.862956
-1.132289,-1.058921
-3.436636,-0.951072
-3.264686,0.215631
-2.548805,-1.732437
-1.228774,-2.228595
-2.527637,-1.862919
-2.883020,-0.953554
-1.825646,-1.101596
-3.525728,-2.094019
-2.645869,-1.326144
-1.586724,-2.361158
-1.671484,-2.201756
-1.638188,-1.674154
-0.581483,-3.234725
-0.849417,-0.899008
0.155990,-3.233942
-1.992147,-1.241527
-1.452937,-2.227702
-0.357916,-0.106035
-2.124705,-2.660367
-3.561019,-0.095087
-1.881659,-0.991396
-2.276044,-2.143072
-2.535124,-2.305717
-1.163672,-3.679330
-0.136768,-4.227583
-1.265244,-2.131103
-2.181399,-1.957785
-3.228377,-1.188760
-2.302659,-4.224892
-2.047922,-2.005109
-3.532853,-1.334740
-3.891062,-2.591955
-0.683122,-2.933332
-3.426687,-2.232720
-1.289315,-2.665611
-1.643836,-1.808615
-3.430160,-1.848099
-2.744301,-1.975317
-2.523986,-1.942792
-2.639088,-0.774135
-1.982949,-3.695695
-3.383045,-1.322918
-1.107825,-2.150172
-1.014264,-2.786604
-2.056783,-2.024824
-2.802147,-0.731787
-2.972812,-1.276986
-0.853483,-2.107629
-1.443998,-2.432376
-2.751602,-2.018020
-1.472006,-2.799590
-2.471315,-1.182604
0.148411,-2.195632
-2.540942,-1.882719
-1.988954,-2.253190
-1.094836,-1.739414
-4.314453,-0.198347
-1.648796,-2.441368
-0.543901,-2.928154
-2.087018,-1.763433
-1.526238,-4.735705
-1.350862,-1.987596
-0.012495,-3.092191
-2.151751,-2.677156
-2.720920,-2.576708
0.801391,-3.595083
-2.318521,-2.402886
-1.887004,-2.887977
-1.750662,-2.361752
-2.943317,-1.752423
-1.352296,-3.183755
-4.055487,0.212256
-2.473506,-1.781244
-3.071235,-0.069063
-1.019930,-2.822451
-1.459313,-2.129518
-3.474560,-1.748503
-2.714514,-2.092724
-2.743417,-0.290125
-0.840068,-4.286660
-0.867076,-3.194485
-1.865328,-1.343223
-1.928414,-2.353992
-0.671028,-0.178620
-1.627748,-4.251479
-1.895037,-2.823656
-1.367156,-2.645175
-1.284141,-3.311116
-1.880511,-2.390620
-1.952528,-2.197088
-1.428231,-2.826775
-1.515482,-1.524211
-0.705325,-3.270198
-2.050513,-1.765119
-2.856872,-2.456236
-2.086333,-1.807867
-2.557649,-1.608723
-1.032043,-1.966739
-1.632148,-3.741820
-0.752500,-2.901237
-1.429614,-2.681565
-3.788552,-1.388800
-0.111565,-3.058666
-1.863231,-3.308471
-2.002345,-2.188771
-0.967406,-2.470555
-1.737596,-3.087083
-1.611823,-4.843134
-2.865058,-2.455772
-0.903980,-1.168477
-2.388894,-1.582942
-1.288669,-0.553839
-0.434455,-3.701484
-3.122989,-0.568946
-3.355998,-1.269620
0.038601,-2.127315
-1.652086,-1.521919
-2.129642,-0.590838
-2.086034,-1.576041
-2.751565,-1.890024
-3.195439,-1.376031
-2.560704,-0.644319
0.314219,-3.507527
-1.535391,-1.130736
-3.445181,-0.444027
-2.950823,-2.332446
-1.026219,-1.317947
-1.536588,-1.535926
-2.039556,-2.077247
-3.953724,-2.958510
-3.446614,-2.802843
-2.346115,-2.489226
-0.260563,-2.261425
-3.147676,-1.208468
-3.562654,0.556431
-2.806861,-3.080732
-2.230291,-2.401223
-1.392723,-2.193766
-0.795459,-1.883595
-2.052054,-2.970149
-2.576473,-1.451381
-2.655084,-1.173644
-0.644900,-3.051110
-1.140553,-2.713169
-1.584848,-2.620628
-1.670431,-1.595697
-2.917289,-3.872279
-1.104706,-2.761601
-2.873643,-0.826654
-2.783484,-1.058872
-2.309858,-1.932195
-2.085792,-0.268152
-1.052266,-2.723012
-0.132027,-2.196509
-2.158004,-1.861908
-1.126629,-3.098786
-2.471551,-2.602501
-2.560072,-2.298619
-2.869489,-2.116609
-2.232894,-1.960795
-2.178175,-1.656165
-2.451886,-2.287746
-2.336117,-1.376523
-2.564457,-1.460878
-2.352011,-2.662929
-1.664409,-2.808847
-3.454878,-1.789635
-0.875366,-3.195284
-1.527552,-2.854920
-1.934720,-2.696185
-1.805057,-3.126673
-2.411197,-3.051160
-2.966700,-1.917669
-2.722152,-1.937208
-2.878267,-1.081475
0.181393,-1.683345
-1.916477,-2.640072
-1.378123,-2.223929
-0.673946,-3.190171
-0.577429,-3.496285
-3.252980,-1.301633
-3.603459,-2.065940
-2.073860,-3.150599
-3.856436,-0.551341
-1.565587,-2.692178
-2.191311,-2.179720
-0.293762,-2.356898
-2.775785,-0.891034
-2.134680,-1.649936
-1.887148,-2.678064
-3.067910,-0.306985
-1.074188,-3.377475
-2.238351,-1.393724
-3.200214,-2.285825
-1.719529,-1.165009
0.173377,-2.433772
-2.231000,-1.659273
-1.494323,-3.142517
-2.385965,-3.039889
-2.173412,-2.718715
-4.114550,-2.931633
-2.269905,-2.697785
-0.825407,-0.820758
-3.697353,-0.797622
-2.258305,-2.579527
-1.501276,-1.762578
-0.078965,-2.354329
-2.356473,-0.772636
-2.783031,-2.120571
-3.036370,-1.283360
-0.497902,-3.422518
-1.298797,-3.306285
-2.671844,-1.447784
-1.383369,-1.448231
0.516299,-3.391410
-2.162302,-1.906846
-1.647440,-1.712773
-3.006708,-1.229701
-1.579331,-1.811723
-0.232361,-3.866337
-2.678009,-1.815305
-1.384551,-2.767784
-1.616258,-2.629394
-0.810319,-1.628045
-0.595750,-2.569469
-1.328537,-2.345647
-1.795141,-0.674459
-2.538491,-1.857934
-1.097724,-0.983800
-2.795467,-2.512358
-1.872587,-2.536466
-3.243164,-1.978822
-1.453494,-2.332985
-1.711689,-2.197391
-2.020569,-1.764940
-0.798434,-2.403982
-1.542226,-2.469366
-0.930532,-3.029574
-2.146584,-1.817186
-0.760261,-2.111802
-2.574724,-1.564176
-2.240840,-2.497306
-0.732192,-1.810953
-0.307727,-0.928359
-0.811329,-2.819896
-2.177774,-1.785973
-1.306834,-4.064393
-2.681402,-2.342661
-3.159056,-1.064919
-2.241069,-1.799384
-1.180551,-1.298672
-2.861903,-0.983777
-1.997972,-0.828914
-2.259749,-3.295213
-1.855940,-0.898080
-0.818198,-3.788117
-2.282174,-2.700312
-2.431500,-2.681987
-1.373979,-1.926654
-0.733321,-4.317779
-3.625195,-1.199126
0.336026,-4.164846
-1.861195,-1.990670
-1.413241,-1.313844
-1.438034,-2.655772
-1.287100,-2.036537
-2.487170,-1.140426
-3.588595,0.141900
-3.529547,-1.355825
-0.405164,-1.614499
-0.443539,-2.788612
-2.526532,-0.297921
-0.793812,-3.556997
-2.167829,-1.090157
-2.340253,-2.355856
-2.072270,-2.545962
-1.073307,-3.225768
-3.740972,-0.537897
-0.869228,-3.489448
-4.292990,-1.299938
-1.630317,-1.631942
-0.916507,-2.892699
-1.821968,-3.403788
-1.627719,-0.549226
-1.374442,-2.044804
-2.331936,-1.494068
-1.910188,-3.103115
-1.398991,-2.779755
-2.211430,-2.937663
-2.140179,-2.495527
-2.677815,-1.713129
-2.615849,-1.154430
-1.651592,-2.511827
-1.799910,-2.033929
-2.537787,-1.912483
-1.736253,-2.149392
0.837479,-4.284479
-1.318585,-2.970475
-1.039139,-2.212366
-2.943595,-1.168716
-1.933390,-2.105515
-1.485887,-1.513107
-4.693075,0.521107
-2.915699,-1.931047
-1.856046,-3.164200
-2.808220,-0.488204
-1.560216,-2.226853
-2.064061,-0.739936
-2.307797,-1.600247
-3.694021,-1.409473
0.292464,-3.036269
-0.942459,-1.720567
-2.735379,0.589294
1.009085,-4.208094
-1.885466,-2.766936
-2.635481,-1.991178
-1.988221,-0.690449
-1.645579,-1.995467
-1.369354,-2.162643
-3.022362,-0.567668
-1.241643,-1.447872
-1.838699,-2.543495
-2.209162,-3.359527
-1.227669,-2.717319
-2.682328,-2.285339
-2.504378,-3.388181
-3.160731,0.627467
-1.311350,-2.551119
-0.725998,-2.249592
-3.214033,-2.100209
-1.191188,-2.878420
-3.388396,-0.990703
-2.976923,-0.712194
-1.488003,-2.930107
-2.127163,-1.031850
-2.699846,-1.086042
-1.257769,-0.485654
-4.060885,0.108258
-0.404169,-3.466511
-2.731627,-2.530821
-2.630321,-2.414502
-2.028807,-1.376223
-1.961726,-1.049062
-2.012154,-1.199213
-3.339809,-1.102119
-2.053040,-2.302280
-1.503716,-2.794588
-2.359511,-0.913338
0.324995,-2.609535
-2.619773,-1.152604
-1.396517,-3.788814
-2.799405,-0.196103
-3.043749,-1.088875
-3.816360,-1.553247
-0.427514,-2.563819
-1.225262,-2.814618
-1.885027,-4.959333
-1.304691,-3.074133
-0.888820,-2.490716
-2.570418,-0.819494
-0.736030,-2.739224
-0.004678,-2.132037
-2.470201,-2.385668
-1.961698,-1.870092
-3.556750,-2.331286
-1.156315,-2.362102
-1.039210,0.309702
-3.538022,-1.150646
-3.246584,-0.173487
-2.950040,-0.583204
-2.703115,-0.214023
-2.697467,-1.740866
-2.092591,-2.857369
-1.381967,-1.510809
-2.890736,-1.884356
-3.426437,-1.749603
-1.590474,-1.014688
-0.896221,-2.933262
-0.580784,-1.790844
-3.670595,0.225889
-2.077383,-0.556270
-3.074131,-1.749245
-1.840753,-2.611218
-0.010332,-3.011801
-0.501665,-2.669729
-1.481658,-2.740635
-1.719558,-0.752894
-2.811924,-1.305971
-2.558915,-2.618150
-2.592449,-1.489602
-0.805128,-2.416639
-3.318281,-0.860059
-1.801980,-2.776222
-2.944028,-2.248355
-2.268413,-2.137602
-2.146815,-1.271336
-0.693852,-2.638425
-2.491736,-1.698855
-1.839549,-2.585200
-2.317431,-2.613885
-1.305168,-2.490493
-1.065928,-2.055899
-2.123745,-2.351144
-2.490063,-1.915866
-1.493719,-2.844223
-1.216638,-4.754172
-1.799821,-3.393856
-1.933078,-0.807078
-3.229632,-2.667071
-0.604021,-3.045815
-2.779608,-3.076977
-1.794937,-3.279868
-2.909179,-0.385544
-1.636657,-2.134601
-2.086670,-1.834147
-2.877527,0.286308
-3.155209,-0.514003
-2.327777,-2.912886
-0.630987,-2.354911
-0.986208,-3.193295
-0.849047,-3.248282
-0.748832,-2.587180
-2.193220,-2.615740
-1.104893,-2.761306
-2.320043,-2.232207
-1.970881,-2.521965
-0.132507,-3.906455
-1.096329,-3.791067
-2.397665,-1.841936
-3.721952,-1.075334
-1.562772,-2.274973
-1.443994,-1.508352
-1.860259,-0.751548
-0.207599,-3.006134
-0.927822,-2.627576
-2.133205,-2.555498
-3.855408,-1.822019
-3.254430,-0.114405
-2.220738,-1.927854
-1.444800,-2.086703
-2.329564,-4.743613
-2.447169,-2.298728
-1.994500,-3.581111
-2.132584,-0.046802
-2.033031,-2.122624
-2.184759,-1.451851
-0.942999,-1.844036
-2.609195,-0.647896
-3.152753,-0.072961
-1.392177,-2.528755
-3.339779,-1.711765
-2.555349,-3.027828
-3.538426,-0.054340
-3.270704,-2.237806
-2.807503,-0.881449
-0.214160,-3.329072
-1.124915,-2.818558
-2.554457,-1.250629
-0.270679,-3.464808
-2.838235,-1.362120
-2.180366,-1.287050
0.375611,-3.125261
-1.877581,-2.846904
-0.782938,-1.986600
-3.040060,-0.487552
-0.128822,-0.962059
-2.310764,-2.341815
-2.947944,-1.173163
-4.233599,-0.612739
-1.077032,-1.390160
-2.570896,-1.725421
-1.769010,-3.366949
-0.392831,-2.635374
-2.419833,-1.059095
-1.188552,-3.102510
-1.652090,-1.087219
-2.246693,-1.621397
-0.745250,-2.353073
-2.463828,-2.945916
-0.892187,-2.424267
-3.960642,-2.720404
-2.567013,-2.725557
-2.048511,-1.363009
-1.064950,-2.925169
-2.212259,-0.764094
-0.728412,-2.192622
-2.470106,-2.023370
-1.521468,-1.678316
-2.224416,-0.868053
-1.305464,-2.470307
-1.686292,-2.101684
-0.767248,-1.645341
-2.053844,-2.085189
-1.830174,-1.060798
-2.195283,-2.117032
-1.900110,-0.358294
-3.722469,-1.261523
-2.704411,-1.365696
-2.186422,0.019789
0.062288,-4.048752
-1.959990,-2.750807
-1.424043,-3.022836
-1.924694,-2.426014
-0.184849,-3.687106
-3.192864,-1.364969
-0.530523,-3.374162
-2.840099,-1.002910
-1.894936,-3.154294
-2.727398,-1.504567
-1.854047,-2.753178
-2.132018,-1.751041
-2.529456,-2.435390
-1.437365,-3.213325
-1.976486,-1.473997
-3.688456,-1.148227
-3.488231,-2.231534
-3.059461,-2.452948
-0.562251,-2.684765
-2.290897,-2.026106
-0.608208,-3.022684
-1.713253,-1.563332
-0.185975,-3.193908
-1.384865,-2.324020
-2.371316,-2.479943
-2.081811,-2.795247
-1.999677,-2.909408
-2.777711,-2.082167
-0.850164,0.115922
-2.568529,-3.013498
-3.647646,-0.003352
-2.074522,-2.299962
-1.258939,-3.079627
-1.709927,-3.060753
-2.021754,-1.006965
-1.553488,-1.944498
-4.235169,-0.605492
-0.168664,-2.998544
-1.628225,-2.899162
-1.486991,-1.273876
-3.173228,-2.946274
-2.194464,-1.573985
-2.106148,-3.596117
-2.820518,-3.482560
-1.128131,-4.222866
-0.475626,-2.645208
-1.695120,-1.956335
-2.949553,-2.589125
-1.625966,-2.602263
-1.645323,-1.875659
-2.616229,-1.013949
-3.306387,-0.255093
-0.895119,-1.820804
-0.676770,-2.789118
-2.299055,-2.559112
-2.323990,-1.961490
-0.309437,-3.506364
-1.044858,-2.832658
-1.674615,-1.894857
-0.527474,-4.463425
-0.651552,-0.465451
-2.340241,-2.099793
-3.050688,-1.538385
-2.348641,-1.599363
-2.597566,-0.740812
-2.336061,-3.166001
-0.925845,-2.777755
-1.941511,-2.031205
-2.629533,-2.189319
-1.914534,-2.095467
-1.060769,-3.550963
-1.989499,-1.311526
-1.050728,-2.449843
-1.907416,-2.971670
-3.861798,-0.553269
-0.941762,-3.496273
-1.313054,-1.774223
-1.499906,-2.121696
-3.212130,-1.371315
-2.283419,-1.779540
-2.144606,-1.754467
-2.269332,-2.016209
-2.158195,-2.114610
-3.716306,0.321469
-2.170942,-2.166971
-3.255235,-1.560087
-1.567790,-3.790679
-2.500886,-0.253564
-2.418548,-2.141717
-0.503088,-1.454846
-1.749841,-1.907114
-1.573761,-2.335822
-1.424106,-0.769637
-1.666371,-1.816962
-1.597466,-2.216339
-2.398334,-1.806180
-2.559780,-2.149463
-2.407552,-1.536821
-1.580316,-2.537097
-3.184579,-0.919964
-2.157984,-1.417341
-3.054426,-2.050191
-1.477648,-3.270656
-2.394602,-1.343444
-2.243813,-1.877084
-1.152943,-3.447436
-2.268110,-1.902358
-2.933322,-2.623860
-3.032130,-3.055002
-1.356400,-3.614921
-0.804958,-3.996614
-1.656718,-1.177125
-1.864613,-2.792098
-2.029871,-2.238192
-0.851960,-2.606431
-2.074639,-2.584381
-0.331765,-1.316946
-2.840703,-1.498794
-0.742124,-4.961936
-2.220255,-2.070448
-1.068233,-3.063736
-1.675660,-2.965516
-2.357961,-2.658158
-1.477135,-3.877199
-2.440770,-3.142338
-3.430038,0.363526
-3.065925,-1.819197
-1.973467,-3.442697
-2.920402,0.263793
-2.642774,-1.478280
-1.410837,-2.083248
-3.062266,-0.294907
-1.419386,-3.346986
-2.837118,-2.026556
-0.836923,-1.652625
-2.515758,-3.059846
-3.955298,1.042966
-1.948505,-2.058759
-0.354832,-4.038128
-1.306681,-2.595576
-3.189557,-0.370330
-4.456383,-0.939792
-0.043390,-2.714562
-1.856444,-1.676248
-1.879112,-1.925718
-2.469361,-1.277852
-0.340118,-1.329683
-2.181432,-2.018036
-1.530359,-2.128757
-2.804495,-3.224638
-2.321513,-2.761697
-2.246694,-1.783375
-0.954607,-2.104343
-2.127327,-2.249577
-1.878641,-2.505827
-2.828660,-1.950759
-2.312899,-2.191144
-1.206799,-2.320594
-0.929818,-2.549383
-1.604518,-1.068160
0.032825,-3.013783
-2.631828,-3.155822
-1.173326,-2.314776
-1.251690,-1.400511
-1.723714,-2.309732
-2.350616,-2.670891
-2.084728,-2.134460
-2.046207,-1.894470
-1.953237,-1.950296
-3.441079,-1.536636
-0.664689,-1.918479
-2.970930,-0.770075
-3.508571,-0.002650
-2.892974,0.352718
-3.983750,-1.164774
-2.620326,-1.462928
-0.172999,-2.490889
-3.106958,-1.038313
-1.436018,-2.505957
-1.102201,-4.245005
-1.432808,-1.951624
-2.117374,-2.438445
-0.063788,-1.497663
-1.983908,-3.843965
-1.242516,-2.239630
-2.469147,-2.281810
-1.612033,-1.278936
-2.099786,-1.746347
-2.509044,-2.236771
-1.868279,-1.089849
-2.956224,-0.614092
-1.074360,-1.048909
-2.346273,-2.137847
-1.805094,-2.998642
-0.600888,-1.472610
-0.581298,-1.891939
-1.301168,-1.656872
-1.074795,-2.943031
-0.589348,-3.388510
-2.198046,-0.835277
-2.175232,-2.183166
-2.361496,-2.210509
-1.707507,-2.700669
-1.479259,-1.084567
-3.284264,-1.034395
-1.660265,-3.072452
-0.355136,-2.916895
-1.922072,-4.335730
-2.288544,-1.025979
-0.912602,-2.784802
-0.906776,-3.190599
-1.964018,-1.342391
-3.290211,-2.603994
-1.171283,-0.647837
-3.032704,-2.352440
-1.640806,-2.870802
0.069550,-3.968926
-1.848322,-2.455244
-2.253206,-2.468881
-2.648493,-1.167551
-1.315243,-2.239780
-2.785359,-2.169631
-1.937431,-2.236988
-2.171538,-3.185190
-0.833131,-1.900528
-0.988443,-2.112572
-1.885590,-1.946740
-0.357846,-2.478206
-4.133245,-0.564944
-3.763501,-1.505743
-2.539556,-2.632753
-2.428882,-1.775206
-1.300008,-1.388049
-3.163025,-1.009175
-2.383766,-0.465875
-2.886948,-0.965308
-2.428124,-1.855525
-3.821817,0.220822
-1.677280,-1.819564
-1.204017,-0.733548
-1.598180,-1.636142
-2.740274,-2.947223
-1.574534,-1.571999
-2.695860,-2.460382
-3.967730,-1.221965
-1.893107,-3.231948
-1.080044,-2.874958
-2.822576,-1.764364
-2.104196,-1.126724
-2.472032,-3.041773
-3.646442,-1.024190
-0.280537,-4.108503
-2.138717,-1.127674
-1.939699,-3.909009
-2.006457,-1.476625
-2.466538,-0.530241
-2.586317,-2.332271
-1.703514,-2.539444
-0.666790,-2.252234
-3.588134,-1.807830
-0.690328,-1.247492
-2.912979,-0.898807
-2.124359,-0.226246
-2.760396,-2.596525
-2.288761,-0.799766
-0.998746,-2.740742
-2.137638,-3.507103
-1.465063,-1.082801
-2.189757,-1.633358
-0.531770,-2.839955
-1.909620,-2.868366
-3.371842,-1.843774
-2.390490,-2.757375
-2.836740,-3.355459
-2.273956,-1.335865
-3.764027,0.006367
-0.722856,-2.285472
-2.185734,-0.507549
-0.652446,-4.048620
-0.449717,-2.021669
-2.132391,-0.737152
-0.994122,-2.873309
-1.141827,-3.960481
-1.996125,-1.782167
-2.665799,-1.984486
-2.366078,-1.629311
-3.572997,-0.853621
-0.102850,-3.280376
-2.735778,-2.154070
-1.620278,-2.185794
-2.226655,-2.883794
-1.384881,-1.730786
-1.580949,-2.207290
-2.460378,-2.774689
-2.130512,-2.314738
-2.039233,-0.725433
-3.131155,-1.604014
-1.749832,-3.763865
-2.501257,-2.207909
-0.055229,-1.982881
-2.252986,-1.410837
-1.438534,-0.942691
-1.546431,-1.835748
-1.853490,-0.288768
-1.381426,-1.383972
0.642149,-2.524756
-1.988357,-1.256379
-1.562413,-3.786167
-1.430499,-2.549697
-1.984581,-2.425400
-2.996791,-3.337857
-2.454289,-1.715547
-3.061626,-1.414259
-1.598776,-2.243138
-2.017058,-0.832289
-1.750490,-1.820956
-2.175577,-2.118298
-0.232156,-3.561913
-0.775963,-2.353294
-1.532287,-3.035930
-1.021557,-2.445201
-1.453231,-1.978425
1.309561,-3.315408
-0.740704,-2.490618
-2.077135,-1.211192
-1.461247,-2.877721
-2.343024,-1.653026
-0.925808,-2.500829
-4.188639,-0.233116
-2.308820,-1.463323
-1.275737,-1.917979
-2.961336,-1.588478
-3.235672,-0.753650
-2.759293,-0.896371
-2.038433,-1.969874
-3.135582,-1.964351
-1.666470,-1.023313
-3.315525,-2.431174
-0.791744,-3.187245
-0.873647,-2.236678
-1.313639,-2.135044
-3.668033,-0.308952
-0.925832,-2.678338
-2.119838,-1.630130
-3.777828,-1.408335
-3.168675,-1.437512
-4.256760,-1.865503
-4.067182,-0.203639
-0.498094,-2.594358
-2.216500,-1.330311
-2.786860,-1.176747
-2.326331,-2.833060
-2.157125,-2.354321
-1.936293,-1.950782
-3.878266,-0.869046
-2.095548,-2.339861
0.670801,-1.759073
-1.004589,-2.626011
-4.092121,-1.147258
-3.528382,-2.011002
-1.024444,-2.414240
-1.036557,-1.508924
-1.850790,-1.628213
-1.921838,-3.116701
-1.466386,-3.468561
-0.819608,-2.023292
-2.988222,-2.289509
-1.658492,-2.371867
-4.536155,0.544733
-2.889037,-2.103330
-1.933876,-0.685675
-1.561637,-1.822866
-2.463653,-1.466893
-3.517356,-1.281333
-1.242448,-2.753102
-3.132421,-3.779065
-2.431681,-3.698392
-1.365734,-1.921033
-1.980172,-1.886397
-1.759441,-2.028878
-4.622531,0.270395
-2.420786,-2.443747
-0.218589,-3.515879
-1.820096,0.140143
-1.967173,-2.292006
-1.954101,-0.333704
-0.597548,-2.737890
-3.707445,-0.541508
-0.604411,-2.610380
-0.239579,-2.570096
-3.974030,-0.526086
-3.120265,-0.248462
-3.525215,-1.124659
-2.418797,-1.339019
-1.495598,-2.856337
-3.061397,-2.063530
-1.598054,-3.679026
-1.185089,-2.528624
-0.922476,-1.799831
-0.492892,-2.994007
-1.734587,-2.370185
-3.909929,-2.724557
-0.180000,-3.882664
-2.521376,-2.906748
-4.315840,-0.842754
-0.964015,-1.885985
-1.849280,-3.018568
-2.708493,-2.034612
-2.085410,-1.401514
-1.738964,-1.082065
-1.917863,-2.586192
-3.340807,-3.488946
-2.349875,-1.979766
-2.779377,-2.116944
-3.268927,-0.938831
-2.977363,-1.530130
-3.181769,-2.373437
-0.201215,-4.005703
-2.030664,-2.065521
-1.950333,-2.451246
-1.692936,-0.523170
-3.693514,0.788013
0.506605,-3.455713
-2.949452,-1.151305
-2.622930,-1.016908
-1.860613,-1.886140
-2.440020,-3.399745
0.084386,-3.167418
-1.876376,-3.653134
-0.895802,-3.580264
-3.385355,-0.759779
-0.019749,-2.498531
-2.456102,-1.890415
-2.414580,-1.573746
-1.652119,-2.894608
-1.163706,-3.306012
-2.354228,-0.742818
-1.930130,-2.234804
-0.906982,-2.697033
-0.386158,-2.782090
-2.495175,-1.769994
-2.547720,-1.793481
-2.055983,-1.729163
-2.765597,-0.744971
-2.711579,-0.895276
-1.692933,-1.792271
-2.479324,-1.881896
-1.042061,-3.480175
-1.263693,-2.181066
-2.349905,-2.462623
-2.017760,-2.302869
-0.470722,-2.062177
-2.234650,-2.557151
-0.516721,-3.395813
-2.774500,-1.877120
-2.667183,-2.424196
-1.259043,-1.656267
-2.119932,-2.524347
-3.063452,-0.738717
-1.997089,-2.868491
-0.791652,-2.781566
-2.664198,-1.335692
-1.534017,-1.877696
-0.734051,-3.190056
-1.807591,-1.777766
-2.618740,-1.789229
-4.148293,-0.936348
-1.158316,-1.983646
-1.394426,-2.494140
-1.734495,-2.656804
-0.498585,-2.740655
-2.288322,-0.932132
-1.462147,-2.205701
-3.582754,-0.127075
-1.425707,-3.428305
-0.559104,-2.120006
-3.128481,-2.445524
-2.845037,-0.588298
-1.392414,-1.090323
-1.120674,-1.517388
-0.452968,-4.280023
-1.846604,-0.475192
-1.154409,-3.263673
-2.613643,-2.325759
-0.980787,-1.436758
-1.226982,-3.013393
-2.003694,-1.530864
-1.340260,-2.838035
-1.597173,-2.099195
-0.345702,-2.382883
-1.689916,-1.242975
-2.115378,-3.104820
-0.823008,-2.476322
-2.428180,-3.191654
-2.316707,-2.004081
-2.599346,-3.110872
-0.967175,-3.580823
-1.481407,-3.087943
-3.253040,-1.811084
-1.479190,-3.047924
-1.273417,-2.941983
-3.033715,-1.253777
-3.384186,-2.936944
-1.332706,-1.191478
-2.020996,-1.850800
-1.463286,-0.968706
-3.683385,-1.338571
-2.353475,-0.270453
-0.505920,-3.467963
-3.855326,-2.945047
-1.768675,-2.947100
-0.919004,-2.036364
-1.740428,-1.838384
-0.843407,-0.688479
-2.871710,-1.145860
-2.119620,-2.576919
-1.755626,-3.441280
-3.297982,-1.597022
-2.807780,-1.695744
-1.514666,-2.815595
-2.033000,1.070683
-1.911695,-2.546484
-2.750715,-1.096589
-1.188828,-2.320390
-2.784700,-1.455316
-0.958860,-1.326162
-1.559139,-2.980896
-0.749901,-1.551044
0.123056,-3.300646
-1.067708,-1.118802
-3.383677,-2.767710
-3.513595,-0.722415
-0.435426,-3.969999
-2.555841,-2.493309
-0.525476,-3.177932
-1.435799,-3.590155
-3.340766,-0.989789
-1.393663,-3.501919
-2.123506,-1.454575
-2.174386,-1.021337
-1.984829,-1.407150
-2.147016,-2.970804
-2.735903,-0.383842
-2.088453,-2.575914
-4.432096,-0.472386
-2.531907,-2.138334
-2.019015,-2.731217
0.069325,-3.679162
-2.901107,-1.763518
-4.115470,0.398771
-1.951389,-1.661661
-1.975273,-3.002334
-1.613200,-2.931889
-2.674431,-1.703363
-3.166631,-2.094960
-1.798170,-2.914124
1.076673,-5.534640
-0.872848,-2.670035
-3.334594,-2.065666
-2.427299,-2.852421
-2.624530,-2.062503
-1.645898,-2.570895
-2.220060,-1.724838
-1.981138,-1.300092
-2.402519,-2.633075
-0.994653,-3.768181
-2.886264,-2.496820
-3.455368,-1.595519
-1.164057,-1.359618
-2.388214,-2.703872
0.376930,-3.970778
-1.980590,-1.443324
-2.366180,-2.170302
-1.298124,-2.660152
-4.337050,-2.622381
-2.958180,-1.332318
-1.507536,-1.797224
-1.739211,-2.034997
-0.723722,-3.553699
-2.634383,-1.757263
-1.630771,-2.205183
-1.612514,-0.865827
-1.704910,-0.943574
-3.100264,-3.268288
-2.034292,-2.775791
-2.105985,-2.215191
-2.563282,-2.107056
-2.001935,-1.628351
-2.762321,-2.700972
-2.464157,-0.916110
-2.739894,-3.071254
-2.525510,-2.002398
-1.563215,-2.515037
-3.186862,-0.666199
-2.164906,-2.356578
-2.027498,-1.973631
-2.787977,-1.743500
-1.518173,-2.924692
-1.935223,-2.086012
-2.487025,-2.503923
-1.584185,-1.732186
-2.609595,-0.405988
-2.026521,-2.131790
-3.131446,-0.978427
-2.765495,-1.263601
0.409752,-3.745732
-3.000835,-1.327234
-0.236959,-2.241446
-2.045573,-2.298204
-1.020583,-0.243113
-2.330127,-1.491620
-1.233379,-1.112516
-2.024768,-1.111415
-1.995283,-1.468860
-1.674239,-2.156436
-1.659815,-2.848212
-2.776533,-1.927062
-2.296835,-2.070794
-0.912604,-2.859641
-3.329182,-1.986041
-3.084899,-2.030157
-2.890416,-0.542524
-0.434454,-2.712572
-1.951638,-3.013802
-2.021681,-0.771556
-2.598321,-1.773311
-2.437924,-2.144233
-1.644946,-1.946980
-0.541642,-3.012048
-1.413644,-3.860113
-2.988282,-1.855778
-1.289517,-3.006087
-1.372162,-2.396454
-2.644056,-2.341527
-0.619681,-3.583154
-2.985994,-1.079835
-0.833787,-1.435852
-3.515595,-2.212041
-1.646874,-2.130064
-1.221859,-3.071053
-2.130306,-2.093420
-0.217317,-2.314476
-2.660680,-2.198531
-2.799217,-1.281787
-2.911031,-1.193262
-1.255234,-3.811956
-2.471825,-0.495413
-0.152238,-2.454724
-3.205461,-1.428754
-3.033791,-3.168982
-1.498845,-2.712598
-2.325755,-1.790015
-2.604256,-2.363936
-1.438886,-0.877963
-2.363617,-1.602475
-1.536897,-2.819611
-1.586494,-3.859138
-1.662117,-1.783468
-0.661098,-2.143145
-1.559260,-2.530662
-2.975348,-1.337730
-2.257170,-1.170168
-1.739886,-2.907167
-2.398632,-0.281420
-2.975598,-1.892136
-2.891161,-1.386914
-1.219649,-3.417047
-1.262972,-1.650478
-1.787868,-3.177883
-1.642868,-2.479024
-2.297645,-1.131931
-0.229698,-4.126117
-2.542504,-2.327893
-1.011824,-2.363595
-2.680252,-1.496955
-2.116494,-1.420319
-1.591842,-3.491589
-2.005932,-2.687059
-1.530831,-2.564298
-3.200840,-3.359617
-2.208763,-2.043176
-2.515861,-2.125074
-1.644981,-2.745559
-3.133807,-1.282990
-2.473457,-0.549441
-1.962477,-2.548564
-1.659646,-2.484420
-1.148168,-2.116118
-1.009282,-2.127682
-2.026133,-3.641261
-0.713798,-3.826549
-1.726992,-3.125754
-3.217071,-1.514447
-0.015373,-3.419882
-2.932138,-0.618002
-1.333853,-2.494549
-1.790110,-3.181497
-1.857350,-2.199629
-0.988551,-1.339787
-1.557189,-1.483071
-4.169638,-0.303905
-1.720191,-1.462835
-2.244264,-2.032847
-3.430380,0.628728
0.498787,-3.141442
-2.788258,-0.016389
-1.874617,-0.574430
-2.475015,-0.946261
-2.651980,-2.419625
-0.424704,-2.802341
-2.675253,-1.367461
-1.823116,-3.306903
-1.335396,-1.962731
-3.950764,-0.073747
-1.686232,-1.187824
-1.760357,-1.870895
-2.160845,-0.737128
-2.287180,-2.193411
-3.025411,-2.671896
-1.820913,-1.312199
-3.008395,-0.066959
0.918148,-3.526369
-3.730733,-1.189902
-0.933518,-1.627413
-2.341886,-2.245651
-0.031923,-1.333486
-2.821276,-1.457326
-3.282340,-0.807892
-2.758495,-0.660272
-1.457577,-2.044122
-2.066136,-1.133040
-2.304330,0.516167
-3.310068,-2.597948
-2.889583,-1.371175
-0.190011,-3.119294
-2.783305,-2.022237
-0.275048,-2.329129
-2.833835,-1.957145
-2.783890,-1.636329
-2.314743,-1.371178
0.275027,-4.166741
-2.225922,-2.514401
-1.014083,-3.203433
-1.368815,-1.979774
-1.829995,-2.081421
-2.515290,-1.948623
-0.030412,-1.756151
-2.037697,-2.172301
-2.280538,0.167667
-3.447181,-0.943154
-2.008479,-1.406981
-3.727039,0.147271
-2.908922,-2.104197
-0.235693,-2.409917
-2.075847,-1.476872
-2.503611,-0.644083
-2.307128,-1.056947
-2.015552,-1.775335
-3.262518,-1.675886
-1.049461,-2.868842
-1.766923,-1.508617
-2.196440,-2.581473
-1.847840,-0.805567
-3.043115,-2.410850
-3.204325,-2.727057
-2.969309,-3.040462
-1.371972,-2.116976
-1.178445,-1.672825
-2.751542,-2.372099
-2.435385,-0.875381
-2.748296,-0.541971
-2.903412,-2.089541
-2.777461,-1.368973
-1.583001,-0.186862
-2.902558,-0.812392
-2.272374,-2.145346
0.034983,-3.988523
-1.394099,-2.283997
-1.442378,-2.336567
-3.000771,-0.842523
-1.474745,-3.356037
-2.221634,-1.025289
-1.259464,-2.769260
-1.923093,-0.356140
-2.252311,-1.946739
-1.608287,-2.248582
-3.130591,-0.724648
-3.143822,-2.277801
-2.712349,0.049208
-1.795716,-2.308632
-1.548714,0.493997
-0.796406,-3.714533
-1.138138,-1.820898
-2.563075,-1.949288
-0.267852,-2.720847
-2.405523,-2.752370
-1.621796,-2.803400
-2.262558,-2.782165
0.078599,-1.709071
-2.491077,-1.920358
-2.247055,-1.592389
-2.172533,-3.742908
-1.631505,-2.551017
-2.820831,-3.010590
-2.946444,1.349160
-2.372482,-1.602025
-1.221588,-2.199886
-1.272556,-1.475215
-3.216918,-1.633655
-0.919580,-2.110754
-3.158187,-1.955039
-1.681119,-2.472841
-2.004113,-2.067772
-2.705877,-1.148349
-2.448316,-2.308451
-2.159468,-1.869253
-2.159764,-2.990903
-2.216008,-0.004270
-1.494445,-1.070955
-2.892213,-2.494648
-2.429815,-1.909690
-1.626700,-0.802509
-1.367430,-2.245064
-2.068662,-0.577152
-3.411172,-1.703767
-0.650960,-2.584113
-2.158837,-2.825020
-3.213971,-1.155701
-3.632180,-0.808296
-1.385418,-2.678936
-2.510215,-1.196854
-3.552490,-0.276006
-1.092546,-1.398299
-2.722245,-1.691335
-2.097559,-1.684276
-1.730882,-2.086702
-1.062902,-3.293112
-2.637603,-1.890644
-1.248225,-2.792418
-2.251658,-3.070432
-0.672617,-2.919303
-1.921418,-1.764551
-2.498069,-3.015339
-1.403949,-2.917989
-3.251974,-2.496644
0.726022,-3.277105
-2.955821,-1.920261
-2.007380,-2.413848
-2.504561,-2.002850
-0.760627,-2.750061
-3.306419,-0.163793
-2.172146,-2.042114
-1.520709,-2.886854
-1.746161,-1.066606
-2.981665,-0.847963
-2.135662,-1.812121
-2.470464,-1.481443
-2.485945,-2.374282
-1.579988,-3.111156
-2.360979,-1.945421
-4.042440,0.430370
-2.617986,0.102732
-2.388194,-1.652645
-1.522382,-3.079482
-2.592956,-1.137395
-1.547332,-2.660088
-2.272908,-1.702283
-1.821135,-2.233657
0.101012,-4.082805
-0.901761,-2.734763
-1.741811,-1.509783
-1.796785,-0.483568
-0.345585,-3.780473
0.012451,-3.521755
-2.090728,-2.380033
-2.757672,-2.295183
-3.722492,-0.521925
-2.130543,-1.997983
-3.399933,-1.802272
-2.976532,-1.542033
-1.118775,-2.001832
-1.460839,-1.925379
-2.722289,-1.626847
-2.443680,-2.040216
-1.746213,-1.780102
-0.951280,-2.608426
-3.019604,-2.469395
-1.699619,-2.991863
-2.093094,-2.862797
-2.283068,-0.656396
-1.894763,-3.259407
-1.323354,-1.346458
-4.202881,-0.471698
-0.773568,-4.713914
-0.247926,-3.335235
-1.975866,-1.806943
-2.160615,-0.210446
-2.362424,-0.902382
-0.977725,-3.530869
-3.474121,-1.075539
-2.895748,-0.980871
-3.114179,-1.757661
-2.980632,-1.658845
-2.214207,-1.814890
-2.616299,-0.551628
-0.876050,-3.934350
-1.103431,-2.204829
-2.115688,-2.973678
-0.454504,-2.818142
0.323303,-3.268166
-1.109360,-3.338357
-1.447625,-3.471532
-1.874881,-2.261849
-0.863510,-3.541859
-1.855427,-1.676621
-0.470633,-4.008206
-0.475632,-4.032603
-1.312637,-2.058220
-3.353906,-1.667884
-1.927333,-1.417656
-0.966534,-2.260461
-2.254479,-2.018977
-2.912871,-2.667331
-2.544547,-2.301256
-2.227876,-2.177944
-1.653820,-1.154310
-1.609879,-1.389668
-0.397284,-2.169036
-1.749668,-3.503770
-1.984220,-2.460240
-1.193876,-3.933968
0.437108,-5.788328
-0.683638,-1.826515
-2.455761,-1.220739
-4.771404,-1.021015
-0.923649,-1.040908
-1.974518,-2.853262
-2.986195,-1.570524
-2.674841,-0.493669
-1.344744,-1.674683
-1.729653,-2.137634
-2.701604,-1.687933
-3.272956,-0.657059
-2.909038,-2.407353
-1.360368,-2.476748
-2.045881,-0.541188
-1.494733,-3.331885
-0.688113,-2.818274
-3.302966,-0.855007
-1.984289,-1.883181
-2.204427,-3.016881
-2.840828,-1.004919
-0.022698,-0.972175
-2.853555,-2.858466
-3.487852,-2.353690
-2.183846,-1.376690
-3.696171,-1.306137
-1.780218,-2.288856
-2.532645,-1.033112
-1.839875,-0.941299
-1.076250,-1.461024
-1.475768,-1.628770
-1.273357,-2.131612
-3.544024,-1.538048
-2.728453,-1.092791
-3.897249,-0.366644
-2.332210,-1.823863
-3.665638,-2.517563
-0.444293,-2.887142
-3.024697,-2.978762
-1.647300,-2.745532
-1.114118,-1.954327
-4.206978,-2.030898
-1.839652,-2.046600
-0.090313,-2.656570
-1.896024,-1.253462
-2.003396,-2.775529
-1.561879,-2.548152
-1.178722,-1.915722
-4.017581,0.600142
-0.236101,-3.608827
-1.175172,-3.232500
-2.098723,-2.160419
-0.842653,-2.635408
-0.080064,-3.533579
-1.079464,-2.641838
-0.719722,-3.048786
-3.490133,-1.104556
-1.249741,-2.317760
-2.873659,-2.508075
-2.554759,-0.636292
-2.837372,-0.616726
-4.571197,-1.301413
-3.514709,-0.875213
-1.886135,-2.828317
-2.040989,-1.158768
-1.459346,-2.267076
-4.728498,0.058619
-0.948425,-1.631682
-0.513008,-3.241876
-0.597954,-4.781547
-1.407615,-3.468889
-0.819403,-2.979614
-2.192771,0.231831
-0.744282,-2.527290
-2.986134,-0.892943
-2.383550,-1.156408
-2.765419,-1.971217
-0.447549,-3.901141
-1.474809,-2.803068
-2.114804,-0.449521
-2.722546,-2.461471
-2.049051,-2.723329
-2.340729,-2.126025
-3.205706,-1.642249
-4.627091,-0.845274
-3.070029,-2.540512
-2.884061,-1.069056
-2.626816,-2.270440
-2.619040,-0.738117
-1.535935,-2.480622
-1.713532,-3.255616
-1.604105,-2.669848
-2.023676,-2.020649
-0.871202,-2.369757
-2.486742,-0.599657
-3.862865,-2.639679
-1.879504,-3.608892
0.107110,-2.963199
-3.464250,-0.528180
-2.587827,-1.771460
-2.872966,-0.847007
-1.267289,-2.170414
-1.744905,-2.059511
-0.720364,0.480519
-3.471899,-0.378084
-2.312937,-3.940598
-2.552278,-0.327901
-1.499964,-2.587626
-1.883100,-1.522831
-4.084373,-1.218683
-2.473988,-1.307187
-1.154979,-2.038560
-1.943817,-2.136588
-2.500738,-1.957237
-2.765399,-1.631952
-3.349540,-0.422126
-1.265340,-2.425883
-3.644527,-1.930662
-2.927161,-0.732552
-2.316852,-2.369451
-2.742382,-2.141270
-0.633800,-4.079221
-1.457396,-1.929461
-2.383057,-2.762037
-1.417146,-2.562214
-2.152511,-1.034304
-0.794921,-3.153923
-3.106595,-1.766471
-3.806280,-0.688208
-2.537727,-0.771104
-1.396301,-2.587524
-3.449817,-1.087061
-2.906357,-2.599306
-2.513674,-1.890852
-2.875865,-1.968510
-2.452010,-1.898237
0.328435,-4.240570
-3.640343,-1.456095
-0.779121,-1.895532
-2.646388,-1.682532
-2.568974,-2.056697
-3.696923,0.583790
-3.433914,-0.474173
-0.645157,-2.851504
-2.438392,-0.264474
-0.432730,-3.355846
-0.909120,-3.676784
-1.841297,-0.827317
-2.766550,-2.381196
-2.944506,-1.906365
-1.701622,-2.207937
-1.101663,-2.261886
-2.137555,-0.834259
-3.305961,-0.837213
-1.502702,-3.627850
-2.695047,0.310337
-3.451812,-1.133695
-3.546783,-0.622901
-1.883895,-1.289669
-2.821631,-0.637139
-3.184152,-0.802564
-1.984477,-2.335863
-2.403767,-4.394540
-3.018958,-1.215157
-2.344442,-1.057279
-1.664673,-1.390844
-3.403812,-1.547910
-2.895373,-0.240262
-1.566328,-3.082893
-0.609740,-2.762451
-3.093283,-3.399600
-1.710412,-2.670502
-2.861104,-2.678072
-1.350656,-1.148610
-1.867229,-1.543322
-3.401202,-0.693342
-1.717749,-1.937398
-1.580974,-3.113587
0.910173,-2.621828
-3.193074,-1.754256
-3.290710,-1.517337
-2.027446,-1.909570
-2.020015,-2.792814
-3.004385,-0.911119
-3.977073,-1.063879
-1.613370,-2.432312
-3.350015,-1.439198
-2.323295,-1.333788
-2.988084,-0.513943
-0.951296,-4.062618
-1.392028,-3.060464
-3.279554,-0.985634
-2.142383,-2.082571
-2.827575,-1.894275
-1.943607,-2.239093
-2.221480,-2.344311
-0.377519,-2.689838
-1.334934,-1.536554
-2.157897,-1.327430
-1.680236,0.278142
-2.685866,-0.427737
-1.623736,-1.117449
-1.061113,-2.354134
-2.629902,-0.417707
-1.706301,-1.838267
-2.099060,-2.669170
-3.473534,-0.960686
-1.826953,-2.593700
-1.759698,-2.965029
-1.281955,-4.270184
-1.604952,-1.938647
-0.457437,-3.360671
-3.346947,-1.124564
-1.173307,-2.886818
-2.729288,-1.830002
-2.590545,-0.940134
-4.339830,-1.341580
-0.986642,-3.431807
-0.053369,-2.372739
-2.366604,-1.963306
-3.199238,-0.508169
-2.209953,-2.571713
-2.220236,-1.257542
-2.187398,-1.006434
-3.670213,-1.157760
-3.037091,0.837124
-3.590283,-0.615917
-1.329220,-2.565868
-1.816865,-1.325920
-1.397093,-1.681559
-1.675230,-2.277020
-2.565092,-1.313158
-1.865675,-3.036263
-2.674329,-0.829409
-2.628870,-0.225947
-1.252787,-1.740532
-2.362005,-1.751558
-3.121957,1.467938
-2.988271,-1.861674
-1.856648,-2.685270
-2.513165,-1.102799
-0.696441,-1.237245
-0.696027,-1.440300
-2.691957,-0.664056
-0.523322,-1.872407
-3.590568,-0.173255
-3.031473,-0.870317
-3.777546,-1.170778
-4.116140,-2.402513
-1.516682,-3.542903
-2.453803,-2.430006
-1.330870,-2.848478
-2.465992,-2.687134
-1.262381,-3.588652
-1.549232,0.186236
-3.442605,-0.914571
-2.361321,-1.640275
-1.821307,-2.069016
-3.113138,-2.633061
-1.484969,-2.557560
-3.746384,0.383472
-3.009472,-1.100789
-3.104069,-0.611655
-2.627538,-1.197302
-2.715942,-1.759764
-3.825433,-0.656224
-1.098210,-2.741449
-3.963737,-0.719389
-1.715048,-2.028699
-1.541144,-3.834404
-2.936691,-0.987791
-1.238564,-3.075076
-1.511652,-2.480419
-3.244415,-2.903938
-3.118380,-0.807798
-1.004995,-2.110675
-1.261251,-3.053040
-0.574239,-2.681372
-2.841616,-0.774300
-2.474120,-2.801600
-1.488012,-2.280214
-1.729932,-2.724994
-1.399840,-3.343496
-0.591627,-3.131771
-1.995883,-1.909609
-1.983037,-2.607629
-1.955150,-2.471154
-1.216175,-0.950842
-2.132117,-2.459803
-2.030267,-2.462012
-1.862416,-2.721938
-2.257173,-1.070717
-2.224433,-0.661483
-2.468105,-3.099598
-4.834451,-1.423057
-2.417382,-3.009150
-2.827290,-2.129577
-2.863773,-0.903760
-3.258131,-0.640290
-3.546771,-1.538842
-2.920610,-1.214412
-1.742252,-1.330235
-2.730076,-2.060528
-2.104937,-2.952725
-2.792325,-1.553382
-1.510081,-2.287396
-1.210367,-1.620722
-2.318452,-0.958647
-1.285475,-2.004709
-3.044071,-2.172150
-1.872480,-2.298823
-3.505031,-0.914772
-1.767299,-0.931734
-1.061341,-2.659252
-4.544550,-1.024219
-1.338013,-2.389068
-2.236815,-1.605775
-1.842124,-0.896919
-2.084101,-1.990143
-1.519994,-0.490061
-2.000177,-0.960998
-0.727373,-3.452221
-0.941334,-3.043439
-3.881659,-1.410117
-3.506701,-0.497922
-2.258757,-0.712438
-3.437626,0.018733
-0.738720,-2.248823
-0.140904,-4.766436
-2.549068,-3.554654
-2.793878,0.122968
-1.900729,-1.119558
-1.885262,-1.250811
-3.816362,-1.629808
-2.228145,-0.642660
-1.604133,-2.626971
-1.173015,-2.515846
-2.240554,-1.563633
-0.650369,-1.977846
-1.219805,-2.227547
-3.538622,-2.172911
-1.663220,-1.083179
-1.538254,-1.562762
-0.885681,-2.060106
-1.026254,-2.995613
-2.479665,-0.340741
-0.981437,-3.232596
-0.890965,-1.929306
-1.861340,-1.990370
-3.024217,-2.189637
-2.764010,-2.246159
-1.797582,-2.645885
-2.815594,-1.977266
-1.427034,-2.248934
-2.980904,-0.581485
-4.041118,-2.082858
-3.671580,-1.185769
-0.502050,-1.556500
-2.522417,-2.227428
-2.161794,-3.221376
-2.180640,-2.155344
-1.720280,-0.560767
-0.616133,-2.787914
-0.454783,-3.110425
-1.657122,-3.689486
-3.134896,1.282836
-0.435808,-1.662051
-2.651173,-2.719697
-2.087787,-0.962967
-3.496547,-2.193295
-0.541475,-2.521466
-0.493010,-2.488730
-2.508029,-3.136528
-0.630693,-2.915217
-1.653700,-0.784453
-2.116971,-2.082360
-3.976434,-0.862965
-1.517256,-2.007950
-1.000989,-2.552405
-1.436227,-1.428603
-1.957391,-2.681272
-3.236120,0.087614
-2.523005,-0.641443
-1.896178,-3.063547
-1.465765,-3.109668
-3.052232,-0.973446
-2.402349,-0.774399
-2.986952,-0.211592
-2.833783,-2.464980
-3.148836,0.213557
-2.261094,-1.526370
-0.247082,-3.330994
-2.360756,-3.279147
-1.460161,-2.298840
-2.912607,-2.265723
-0.971817,-3.331017
-2.890745,-1.902191
-1.520983,-2.290761
-2.292759,-3.713869
-3.142454,-2.604252
-2.396423,-1.824574
-2.353336,-2.749575
-2.151811,-2.726829
-4.868283,0.064414
-3.181998,-1.383207
-2.206743,-1.785646
-1.955146,-2.241616
-1.526124,-1.097449
-1.904440,-3.863800
-1.216892,-2.655227
-0.972800,-1.485188
-3.456887,-0.997772
-3.127637,-0.451759
-1.428704,-2.691043
-2.200743,-2.535249
-1.225284,-2.323316
-1.795087,-2.487690
-1.904628,-2.263527
-3.210562,-1.615888
-2.956054,-2.557010
-2.201923,-3.105544
-3.334255,-0.531854
-2.499666,-3.237208
-0.414244,-2.734126
-3.027633,-2.413330
0.167902,-2.319900
-3.026023,-0.678628
-2.184525,-1.983516
-0.480790,-2.658838
-1.465547,-1.804152
-1.468432,-2.168558
-1.549330,-2.381155
-2.958219,-1.577025
-4.038003,-0.539965
-1.427126,-1.190792
-3.022313,-0.510354
-2.198349,-1.732646
-2.696006,-0.346723
-2.126386,-0.239142
-2.600099,-1.806868
-2.276161,-1.667726
-2.038412,-2.365889
-2.155528,-1.206891
-1.239241,-2.444768
-3.779047,-0.967471
-3.622840,-1.251679
-3.203417,-2.577593
-2.664478,-1.556324
-0.724545,-3.746648
-3.244602,-0.185467
-1.832683,-1.636981
-2.112732,-0.363617
-1.451580,-1.955594
-2.358097,-1.535251
-1.036514,-1.359481
-2.836494,-2.380904
0.992880,-4.038704
-1.703424,-2.448769
-1.122797,-0.416391
-3.285731,-0.940970
-2.933983,-1.668326
-3.081509,-1.741146
-2.050177,-1.733861
-1.383574,-3.204933
-0.306495,-4.072730
-1.966661,-0.034433
-3.484678,-0.901030
-2.029659,-2.041570
-1.331397,-1.694284
-0.796237,-1.751365
-2.703132,-2.462822
-1.676303,-1.844677
-2.468934,-0.776839
-1.985353,-2.533096
-3.485364,-0.488104
-1.310940,-3.274473
-1.115213,-4.513605
-1.939041,-2.856676
-1.020298,-2.209460
-3.339317,-1.825330
-3.587798,-0.311556
-2.402713,-2.389219
-0.725588,-1.245805
-0.929953,-2.802738
-2.435071,-3.374593
-0.364555,-3.024756
-1.125604,-4.109316
-2.361203,-0.937661
-2.639795,-2.538281
-1.638578,-3.685424
-1.563646,-1.795201
-1.190302,-1.924895
-3.198790,-0.410116
-0.871560,-3.042454
-3.487653,-1.143278
-0.860377,-1.999756
-0.657150,-3.144397
-1.681543,-2.751279
-3.715583,-0.765302
-1.589565,-1.378962
-0.471654,-2.692376
-2.251995,-3.028194
-1.542516,-2.395301
-2.582467,-2.166549
-2.509299,-2.883498
-2.068042,-3.293957
-2.350093,-2.487408
-3.605294,-0.011788
-0.964741,-3.781533
-2.486046,-1.269357
-1.033058,-3.754194
-2.371489,-1.257276
-2.638994,-1.641005
-1.896191,-3.379829
-1.850578,-0.205856
-1.771998,-1.292211
-1.318482,-2.702373
-1.752993,-1.862037
-0.678690,-0.544242
-2.042848,-0.657857
-3.297502,-2.828413
-1.840625,-1.064119
-3.240383,-0.826837
-0.901717,-3.387564
-0.100834,-2.612031
-2.649277,-1.863163
-1.908134,-0.622730
-1.679259,-0.321055
-0.746611,-2.280393
0.210578,-2.316674
-2.817284,-1.556189
-1.269063,-3.270865
-1.667191,-2.116642
-2.302041,-2.331542
-3.852004,-1.847237
-2.403627,-1.410650
-1.678880,-1.690992
-1.806577,-2.963169
-2.012519,-2.514055
-1.434758,-1.845217
-2.080770,-1.889510
-2.365362,-1.964857
-2.499679,-0.934834
-2.571075,-2.561448
-2.801665,-0.533795
-1.641530,-0.659255
-2.626576,-1.421969
-1.832570,-2.717047
-1.755434,-1.277894
-3.537159,-1.843311
-2.948866,-1.347455
-1.307432,-2.326514
-3.298759,-1.934461
-2.998857,-2.622354
-3.240609,-1.868976
-2.348408,-2.018025
-2.506205,-3.494260
-0.825899,-3.249287
-1.353805,-2.964820
-1.457738,-2.820541
-1.197355,-3.278801
-1.753171,-2.217298
-0.393976,-3.554800
-1.720117,-3.645980
-2.701613,-0.568861
-2.587568,-1.633217
-0.753349,-1.759369
-2.566222,-2.332648
-0.982878,-2.705940
-1.181985,-1.784779
-2.662756,-2.537859
-4.121942,-0.898626
-0.983639,-3.100270
-2.853078,-2.046306
-2.849093,-1.644400
-3.950844,0.284315
-1.412170,-3.291383
-2.833152,-1.978991
-0.949076,-1.081180
-2.256686,-1.148509
-4.097626,-0.661289
-2.137316,-2.166002
-1.585097,-2.670126
-1.934427,-2.723685
-2.071236,-2.582989
-2.758104,-2.196584
-2.517761,-0.756466
-2.615629,-1.843079
-2.100702,-2.024369
-2.692878,-2.646183
-1.928006,-1.746886
-3.754007,-1.252828
-0.481639,-2.534905
0.037370,-2.581806
-2.733938,-0.684852
-0.765700,-3.393762
-1.809926,-1.900825
-2.854393,-1.894967
-2.658728,-0.820836
-2.553895,-1.669536
-3.407579,-2.735275
-1.515449,-0.826761
-2.344219,-0.991681
-2.064708,-0.725995
-1.334864,-1.679916
-2.363927,-1.571587
-3.513466,-1.174180
-2.615665,-3.741035
-1.415472,-3.024720
-1.732153,-1.818923
-3.427793,-1.901453
-2.586578,-2.396593
-0.685988,-2.989775
-1.841324,-1.665285
-2.743232,-1.739060
-3.406986,-1.511504
-0.886730,-2.715078
-2.590823,-2.218968
-1.088876,-2.531244
-2.735766,-2.302438
-1.898556,-3.012257
0.517929,-3.153745
-1.627311,-1.214322
-2.221354,-2.750696
-1.680316,-3.194972
-2.324627,-3.223095
-1.952418,-2.622191
-2.487582,-0.975163
-1.430759,-2.093291
-1.682825,-3.580011
-1.867353,-2.030473
-1.200633,-1.443415
-2.077758,-0.887281
-1.354608,-2.312859
-1.461981,-3.269362
-2.731577,-2.158051
-1.099408,-2.469927
-0.857342,-2.180462
-1.900850,-2.271974
-2.284954,-1.849749
-2.701223,-2.216281
-0.349864,-5.063037
-1.360438,-2.149117
-4.166013,-0.427083
-1.264961,-2.397861
-2.064089,-1.680219
-2.768895,-3.211791
-2.194674,-1.852888
-0.333197,-3.085367
-2.352969,-1.089028
-1.537150,-2.241922
-1.915139,-3.470344
-2.665369,-2.836768
-1.910399,-2.141574
-0.321711,-1.737415
-1.375451,-2.412330
-1.364902,-1.695613
-2.343812,-2.923246
-3.110742,-2.392092
-1.520677,-2.989682
-1.764007,-2.582429
-1.568237,-2.306121
-1.193759,-2.371261
-1.905716,-3.363662
-1.225940,-3.185498
-2.854695,-1.172823
-1.620998,-2.419293
-1.805350,-3.901015
-1.669055,-3.379731
-3.116955,1.038675
-4.263418,-0.952807
-3.875950,-0.836609
-3.205203,-0.356150
-0.312974,-2.032024
-3.928830,-1.131951
-3.250501,-2.686464
-1.851834,-2.536104
-0.839911,-1.548309
-0.955027,-3.268844
-3.311314,-2.003928
-0.677278,-2.207498
-3.381413,-1.051862
-1.964238,-0.478995
-1.251547,-1.956805
-2.310453,-3.042773
-2.125355,-2.119091
-1.367165,-2.972116
-1.664242,-2.057076
-2.379874,-0.579403
-2.198556,-2.348428
-3.210208,-0.889483
-1.397809,-2.432030
-0.653656,-3.816028
-1.929388,-2.860208
-1.790366,-1.132092
-3.713654,-0.782062
-2.094961,-2.584756
-3.399788,-2.467730
-1.517209,-2.191307
-1.674857,-2.754125
-2.886945,-1.169836
-2.215954,-0.146704
-2.604961,-1.685808
-4.633004,-1.893508
-0.271057,-2.958591
-3.801507,0.484044
-2.393247,-2.073227
-1.902643,-0.939261
-2.617021,-1.320161
-2.742525,-0.952441
-1.956332,-1.072910
-1.202252,-2.820140
-2.698965,-2.501765
-1.369211,-3.256650
-2.999923,-1.195766
-1.958344,-1.733240
-2.296036,-1.202827
-2.127647,-2.010766
-3.194338,-1.298546
-3.463317,-1.107497
-1.400177,-1.891505
-5.016493,-0.919694
-2.513495,-1.013872
-1.427792,-2.213031
-1.356428,-3.436459
-2.874800,-2.133501
-2.462679,-2.201137
-1.069456,-1.854724
-1.007888,-3.025921
-2.285399,-1.456562
-1.304959,-2.329751
-1.351715,-3.135220
-3.057895,-0.302728
-1.777420,-1.772637
-1.161158,-2.557538
-1.899088,-2.680866
-2.193375,-2.407974
-1.913998,-1.669497
-3.189564,-3.662153
-1.788603,-3.293056
-2.685503,-2.044134
-1.146378,-2.013888
-1.222601,-2.574535
-1.700492,-2.770558
-1.252972,-3.268312
-2.922214,-2.042841
-0.285351,-1.524683
-2.053110,-1.608489
-0.936602,-2.021198
-3.346014,-1.258955
-2.255586,-0.404599
0.221627,-3.361970
-0.675428,-1.999051
-1.003160,-2.389859
0.081554,-2.966020
-1.417973,-1.290719
-1.272872,-2.513908
-3.328438,-0.697320
-2.022428,-1.278240
-0.916432,-3.604665
-4.009244,-2.038382
-3.262642,-1.326075
-3.561480,-0.001644
-0.816991,-2.203544
-2.939121,-0.456689
-0.894685,-1.667036
-0.659772,-2.268695
0.144489,-4.026854
-2.202784,-3.169597
-4.203684,-1.943555
-3.964807,-1.567967
-3.301890,-1.477428
-0.534444,-3.918376
-2.937495,-1.960870
-1.880481,-1.429725
-3.261378,-0.675370
-2.584925,-0.565800
-1.346447,-1.506428
-2.857328,-1.308770
-2.482024,-1.246269
-1.533266,-0.583995
-1.176144,-2.569159
-1.632389,-1.579376
-1.891862,-2.674557
-1.706751,-1.818203
-2.931415,-3.723143
-0.468175,-2.117349
-3.587812,-0.908458
-3.719949,-0.606628
-0.823705,-3.482353
-2.910870,-1.654433
-2.389069,-1.344034
-1.363779,-1.859885
-2.973579,-0.844671
-3.238931,-2.217527
-3.471589,-1.061406
-0.810366,-2.302875
-2.014742,-2.679496
-2.353751,-2.862289
-0.878463,-2.099241
-2.976863,-0.957707
-1.204669,-2.381515
0.227795,-3.056803
-2.456876,-2.577498
-3.266594,-0.690814
-0.606084,-1.344308
-1.170673,-2.080664
-3.024138,-1.823343
-2.005058,-2.246971
-1.451994,-4.512044
-0.340612,-4.109184
-1.605642,-3.326061
-1.633789,-2.362537
-2.081543,-2.623161
-3.772794,-0.428299
-3.482889,-1.753648
-3.430547,-1.117925
-5.082156,-0.229689
-1.170273,-3.018455
-2.279017,-2.893625
-2.592081,-0.039142
-1.200385,-1.789977
-3.236441,-0.773175
-0.779109,-1.939058
-3.601897,-1.651402
-3.736395,-1.283726
-2.736305,-2.079754
-2.084282,-1.800079
-4.744037,-0.877845
-1.565366,-2.900031
-2.440812,-1.871185
0.271994,-3.534997
-2.939659,-0.627740
-1.502359,-2.292953
-0.415552,-2.523272
-2.697582,-1.835879
-1.555351,-1.413308
-3.045627,-1.028697
-3.174929,0.542983
-2.654912,-1.740546
-1.583522,-2.215911
-1.054280,-1.245340
-0.935655,-2.558637
-0.077800,-3.545041
-2.034912,-0.524723
-1.843793,-2.868224
-2.288737,-0.516277
-2.783086,-3.176407
-1.129306,-2.963178
-0.407603,-2.863669
-1.367034,-2.705323
-2.764273,-0.868089
-2.984996,0.382758
-0.803839,-2.603244
-1.538837,-1.273994
-2.703122,-1.796628
-2.596804,-1.772215
-1.495966,-2.615371
-1.565325,-1.134436
-2.528218,-3.388456
-1.701167,-2.042467
-2.284804,-1.968922
-2.666223,-1.021445
-3.440704,-2.396257
-1.919189,-2.219963
-3.511423,-0.594789
-1.787725,-2.931140
-3.138272,-1.442189
-0.802974,-2.280308
-2.457502,-1.778633
-0.573129,-2.872611
-3.192784,-1.760495
-2.366294,-1.734396
-1.456460,-2.987702
-2.618411,-2.699934
-2.849516,-1.860825
-1.166553,-2.327867
-1.715667,-2.499836
-2.296159,-2.478992
-1.560290,-2.457419
-1.723082,-1.749886
-1.885409,-0.895921
-0.238968,-2.848085
-1.375948,-1.965780
-2.582560,-1.994663
-2.935843,-0.302948
-1.269302,-0.540605
-1.143719,-2.831200
-3.020322,-2.046694
-0.926645,-2.076667
-1.134168,-1.993946
-0.444713,-1.535201
0.533104,-3.524472
-2.982612,-2.548053
-2.770099,-3.156415
-2.603566,-1.993305
-0.228585,-3.605741
-1.071969,-0.821114
-3.910818,-2.476672
-0.990069,-1.905209
-0.976959,-3.794607
-2.265587,-2.262453
-3.286436,-0.530421
-2.487214,-2.429514
-0.993255,-2.902723
-2.539106,-2.678005
-2.173987,-1.768630
-1.136807,-1.670688
-2.108317,-2.129725
-3.055083,-1.095838
-2.237366,-2.932756
-1.586295,-1.481269
-2.303556,-3.025755
-2.350349,-0.599365
-2.458532,-1.445362
-3.138895,-2.411254
-1.158051,-2.166364
-1.841725,-1.255727
-3.945923,-1.289214
-2.547971,-1.710399
-0.377417,-1.150731
-0.731113,-3.450849
-1.771550,-2.180781
-0.782397,-4.198715
-2.739957,-2.655358
-2.535905,-0.884473
-0.740607,-3.489749
-3.013096,-2.362673
-1.112655,-3.844893
-3.780249,0.874587
-2.138490,-3.192607
-0.524076,-1.953573
-4.167231,-0.644644
-2.400532,-1.861707
-3.647096,-1.446842
-3.517905,-1.822235
-3.246145,-1.604584
-2.050392,-2.595032
-3.201397,0.195390
-2.056135,-2.768617
-4.836775,-2.561553
-2.894624,-2.064664
-2.586807,1.317516
-2.209301,-2.156145
-2.369703,-2.251911
-1.194716,-2.570716
-2.473547,-1.393178
-2.567515,-2.065041
-1.663072,-3.280494
-2.628721,-1.291664
-2.003860,-1.654806
-1.895699,-1.995844
-2.733748,-0.489336
-2.086828,-2.385359
-2.723266,-0.943964
-2.378948,-2.912400
-4.030608,-1.096440
-1.333700,-0.841058
-1.727232,-2.318245
-3.335918,-1.857218
-0.732462,-3.624642
-2.035195,-1.895411
-3.700283,-1.245617
-1.121909,-1.370823
-0.765892,-1.247133
-2.144114,-2.549927
-1.836287,-1.904121
-1.444521,-2.157340
-1.236068,-1.494448
-2.434467,-1.554771
-1.324476,-1.872682
-2.253230,-2.199245
-1.024044,-2.276560
-1.741513,-2.558409
-1.943686,-0.985416
-2.089036,-1.058201
-2.610361,-1.381337
-1.428774,-0.745334
-2.376538,-2.715911
1.155694,-3.220119
-4.210858,-0.780000
-2.597409,-0.370054
-2.303717,-1.193085
-1.290470,-2.580213
-2.266480,-1.663782
-1.302406,-1.397202
-2.442488,-0.683269
-2.692807,-1.077867
-3.608842,-1.589274
-1.706214,-1.585737
-2.283463,-1.342185
-2.082360,-0.476598
-0.928766,-2.770874
-0.839423,-2.090538
-3.112159,-1.858175
-2.744784,-2.756351
-3.090516,-1.445310
-1.194016,-3.151597
-2.362183,-1.350917
-1.628893,-2.476051
-2.214363,-2.719718
-0.387507,-3.618933
-2.514602,-1.501340
-4.073025,-0.522760
-1.720678,-1.793225
-2.509605,-1.746288
-1.994710,-2.088616
-2.939175,-1.755727
-0.063874,-4.279239
-3.061078,-0.137641
-0.303976,-3.020924
-2.367974,-2.006959
-1.473116,-3.340475
-0.597456,-1.567292
-2.909140,-1.800446
-1.549337,-2.488112
-1.617018,-2.367302
-1.825156,-2.077573
0.130738,-3.330448
-1.061487,-2.031664
-4.628190,-0.824479
-2.295282,-2.124796
-3.395591,-2.711756
-2.099067,-2.719555
-2.479397,0.338699
-2.325840,-2.821416
-1.254229,-2.706717
-0.526879,-2.954062
-1.651863,-1.991811
-1.651848,-0.968736
-2.403467,-1.303575
-3.204986,-2.773281
-1.849520,-1.538339
-1.062608,-1.272569
-1.083538,-3.656322
-1.445244,-2.545490
-2.060404,-3.180145
-1.184486,-1.800721
-3.000602,-1.694314
-2.065490,-2.712146
-0.694055,-2.878968
-0.559093,-2.778050
-3.387150,-0.237169
-2.242188,-1.163531
-1.391811,-2.238210
-2.583462,-2.042428
-0.344766,-4.703152
-0.933630,-2.565367
0.216228,-2.345314
-2.884867,-0.062953
-2.597541,-3.481019
-3.094634,-1.653250
-2.381418,-1.017353
-2.228986,-2.991173
-2.946958,-2.622740
-2.008384,-1.521456
-2.180407,-3.322728
-3.677524,-0.857282
-1.274776,-1.633797
-1.888583,-2.872919
-4.107154,-0.625510
-2.977286,-0.869704
-2.367493,-2.139037
-0.933597,-1.279265
-3.421987,-1.940734
-0.949936,-2.667116
-2.169833,-1.063464
-2.358188,-2.491202
-2.448820,-3.851766
-4.729329,-1.899934
-2.676667,-3.094859
-1.205771,-2.218032
0.156519,-3.803917
-2.963355,-1.453892
-5.494855,-0.750136
-0.668143,-3.635012
-1.697799,-2.187730
-3.431885,-1.824052
-1.171047,-3.523448
-2.488086,-0.702443
-2.193945,-2.314799
-1.686649,-1.951290
-2.789863,-2.618433
-0.849193,-3.409487
-3.158185,-1.902636
-3.247169,-2.541389
-2.452375,-2.329246
-0.463314,-4.083123
-1.044186,-3.232323
-2.128957,-1.414246
-0.000261,-3.424692
-2.569446,-1.854227
-1.105679,-3.302451
-3.097105,-0.306362
-3.336697,-1.652229
-2.187308,-3.109655
-0.744701,-1.897079
-1.955556,-2.733549
-2.494000,-2.080506
-2.364673,-2.204054
-2.355335,-2.024724
-0.504782,-2.441130
-3.325619,-0.176811
-0.813541,-3.414697
-3.054690,-2.630516
-2.238008,-3.166678
-0.938511,-2.722027
-2.504655,-2.590363
-2.123107,-2.239287
-3.801487,-2.272342
-0.599684,-1.882903
-1.532474,-3.548646
-0.917008,-1.814231
-2.879534,-2.182887
-2.102676,-2.248959
-2.410485,-1.631414
-2.330905,-1.990703
-3.166718,-0.876087
-0.927270,-2.012137
-2.966294,-1.943401
1.682358,-5.141936
-1.601298,-2.356243
-3.500317,-1.452647
-1.724005,-3.672110
-3.312361,0.504055
-3.545112,-2.381823
-0.415671,-2.881734
-2.483680,-1.788120
-0.301454,-2.643308
-3.332529,-0.228852
-0.583192,-1.892615
-1.331036,-1.039073
-0.658918,-1.278995
-1.942301,-2.719094
-2.754711,-1.318455
-2.844797,-2.173689
-1.324120,-3.057288
-2.699303,-2.078584
-2.979595,-1.127707
-4.004625,-1.047485
-2.066870,-1.473895
-2.259281,-1.789642
-3.351558,-1.884209
-2.738185,-2.248232
-1.364210,-2.367360
-3.508009,-1.865752
-2.928472,-0.069186
-2.571444,-2.496071
-3.092896,-0.444802
-2.738523,-1.939235
-2.481188,-2.144894
-2.432521,-0.327561
-2.159601,-2.425546
-2.359535,-0.988879
-1.135750,-3.155807
-3.903137,-0.104940
-1.931095,-1.523900
-1.132973,-2.100711
-1.764822,-1.109966
-0.363455,-3.282417
-2.890377,-2.526681
-1.572177,-2.033681
-2.055761,-1.968990
-2.220272,-2.245152
-3.572667,-0.099020
-2.931943,-2.395423
-1.991183,-2.537781
-2.134019,-2.187531
-1.579542,-2.648895
-0.764580,-2.640220
-2.448125,-1.053808
-2.348327,-0.866051
-0.141407,-2.365928
-3.707296,-2.201978
-1.958104,-3.274529
-2.642856,-1.891159
-1.153503,-1.111988
-3.729662,-1.228121
-1.482984,-0.689903
-0.723813,-2.308242
-2.324730,-2.616103
-3.525536,-0.902948
-2.047959,-2.306938
-2.420613,-0.595965
-1.299533,-2.584517
-1.831658,-1.192913
-0.782492,-1.835032
-3.180205,-1.769476
-2.175069,-1.335640
-1.172657,-2.400822
-2.767742,-2.763567
1.792333,-3.743201
-1.838546,-2.053463
-1.410219,-3.188188
-2.668804,1.086750
-0.364473,-3.578034
-3.518844,-0.283231
-2.677217,-1.492321
-1.723492,-0.830951
-3.059651,-2.156034
-1.067111,-2.159516
-2.213872,-2.331375
-1.554418,-3.442401
-1.152324,-2.390927
-1.463098,-2.358964
-1.752059,-1.478996
-0.479964,-1.903613
-0.639450,-3.686167
-2.027074,-2.762740
0.515661,-3.302257
-2.468866,-1.032355
-1.623826,-2.881808
-1.828644,-2.411035
-2.935839,-1.558694
-1.184742,-2.668635
-1.785093,-1.711395
-3.406192,-1.000797
-2.736210,-1.121647
-2.271078,-0.496791
-0.354431,-1.666097
-2.730488,-2.416817
-0.277089,-2.249778
-2.590002,-0.313474
-1.718113,-2.655524
-0.781316,-3.510559
-1.397689,-1.102132
-1.928290,-2.405424
-1.825333,-1.324105
-3.694476,-1.004946
-1.783463,-2.079583
-2.079665,-2.540826
-2.386555,-2.831641
-2.091504,-3.141553
-2.206292,-2.185274
-1.519605,-2.464426
-0.016492,-4.300514
-1.681141,-1.344056
-1.892271,-0.837241
-0.235374,-2.718136
-2.527259,-2.009732
-0.530882,-0.343653
-2.085691,-1.833977
-2.853453,-1.365513
-0.611660,-1.984297
-0.731900,-3.224923
-2.360393,-2.472626
-0.922452,-3.205037
-1.793389,-1.159079
-1.724155,-3.060299
-3.555593,-0.912261
-1.101463,-1.679718
-1.175097,-4.026214
-3.506246,-1.095285
-1.762486,-2.687313
-1.952302,-2.506931
-1.497009,-1.250221
-1.599684,-2.991432
-1.241986,-1.186473
-2.193632,-2.705401
-0.631611,-4.129350
-1.844465,-3.347146
-2.192404,-2.070576
-3.127272,-0.657304
-2.959045,-1.212176
-0.929806,-2.451313
-0.443653,-2.398896
-0.982198,-2.277449
-2.811390,-2.159681
-2.088130,0.008592
-1.678293,-2.976229
-1.625671,-1.506667
-3.239531,-1.118704
-2.295314,-2.056547
-1.908197,-2.623424
-0.387556,-2.749275
-1.325382,-1.148776
-2.913959,-1.486220
-0.077960,-2.054658
-0.699961,-3.641924
-2.040977,-2.606104
-1.873338,-3.347919
-1.397233,-2.653964
-2.527221,-1.997742
-2.062050,-2.980359
-2.121043,-1.830849
-2.599298,-1.941922
-1.221073,-2.798476
-2.894369,-1.992719
-2.068822,-3.155824
-1.258554,-3.288142
-0.871191,-2.328392
-1.393376,-1.341485
-3.096793,-0.888020
-0.065449,-3.536167
-2.674657,-0.692884
-2.426002,-1.821948
-0.667020,-2.707414
-1.674801,-2.013008
-0.491879,-1.508751
-2.396925,-1.982891
-1.715246,-3.683445
-2.828641,-1.753604
-1.881781,-2.661057
-1.199340,-3.090853
-2.552139,-2.454467
-2.899211,-2.324296
-1.435786,-2.199607
-2.808801,-2.832461
0.696457,-4.129483
-2.379060,-1.183568
-1.927210,-2.320818
-1.615033,-1.799749
-1.697423,-1.928604
-3.621710,-1.345341
-2.268666,-2.589724
-1.709831,-2.391382
-2.050247,-3.573819
-0.646735,-2.909712
-1.530569,-2.688145
-1.589210,-1.503541
-1.630996,-2.122581
-1.100026,-3.060822
-1.223954,-2.917251
-2.227561,-2.006607
-1.498939,-2.231919
-1.857852,-2.556250
-0.835277,-2.658907
-2.203187,-2.276430
0.067971,-1.731098
0.233277,-4.991590
-1.122010,-1.957446
-1.636614,-2.181433
-0.696091,-1.460259
-2.667554,-1.982787
-2.733152,-1.514259
-2.906199,0.257674
-2.373316,-1.863418
-1.009035,-2.108877
-3.403220,-0.888497
-2.136301,-1.358256
-3.160057,-1.618471
-1.262528,-0.493572
-1.856258,-1.690104
-2.051282,-1.395196
0.026205,-1.978550
-1.814273,-1.641101
-1.604613,-1.452042
-2.218973,-3.088196
-1.658589,-1.862108
-2.035524,-2.635887
-2.765550,-2.162017
-3.004302,-1.308005
-3.011358,-2.149787
-2.937666,-0.593466
-3.176746,-2.113885
-1.251293,-2.549625
-1.375798,-3.251165
-2.956802,-1.649057
-2.737240,-2.089818
-3.080789,-2.040092
-1.432577,-0.403935
-1.867335,-2.793949
-2.954227,-0.980984
-0.817386,-2.843296
-2.503846,-2.128768
-0.984443,-2.146916
-1.829618,-3.541054
-0.896054,-2.238414
-2.055716,-2.508609
-1.696958,-1.815561
-3.153639,-0.495431
-3.331732,0.063120
-1.296731,-1.812217
-1.970572,-0.867306
-2.581253,-1.304818
-1.516069,-2.349063
-0.798015,-3.364930
-0.749316,-2.792511
-2.564676,-1.119804
-2.001810,-2.283441
-2.546840,-0.466638
-0.953260,-2.791499
-2.384365,-1.821099
-1.844547,-4.210027
-2.995743,-2.697403
-1.204394,-2.111193
-2.658484,-1.938103
-2.512483,-0.961474
-0.816763,-1.662083
-2.811947,-1.967787
-0.110124,-3.665977
-1.552257,-2.426776
-2.894085,-3.304068
-2.298262,-2.804275
-1.849416,-2.729575
-1.905447,-1.794779
-3.598481,-2.799391
-4.046794,-1.585137
-2.402637,-2.425935
-3.170675,-2.658807
-3.521334,-0.837974
-2.833784,-1.966825
-4.124416,-1.247667
0.959958,-3.597047
-1.016349,-3.053556
-3.552246,-0.853044
-1.817935,-1.367095
-1.375471,-1.323420
-3.057902,-1.836123
-2.650905,-1.383457
-1.808187,-1.859395
-3.278555,-1.684122
-2.508609,-0.247479
-0.573032,-1.668336
-1.566188,-1.866532
-1.190440,-1.990063
-1.534789,-2.305473
0.031972,-4.503804
-2.456199,-3.435181
-2.858294,-1.527326
-0.124731,-3.273632
-3.010762,-1.123702
-1.634513,-4.249390
-1.354370,-3.475362
-3.582732,-0.621392
-1.205371,-3.409584
-2.649617,-0.795210
-2.124742,-2.043871
-1.925272,-1.918886
-1.780712,-2.117124
-2.167465,-2.688208
-1.606712,-2.063138
-1.159425,-2.419589
-2.547939,-1.110886
-1.465589,-2.438398
-2.033270,-1.767439
-3.869420,-1.288641
-2.379188,-2.020948
-1.550190,-3.707740
-3.461895,-1.942256
-2.192961,-1.675566
-0.838841,-2.325081
-1.251294,-3.297783
-0.672515,-2.562625
-2.900687,-0.850727
-3.976198,0.421932
-2.044237,-0.949242
-1.213574,-2.378094
-1.821646,-3.496454
-3.370871,-1.479104
-1.343057,-1.025399
-0.106010,-3.242813
-2.016232,-2.054136
-2.042852,-1.939647
-2.978846,-2.072476
-2.998666,-2.128909
-3.874529,-0.230469
-1.269989,-0.959215
-1.334794,-2.676452
-1.263930,-3.706204
-0.367700,-2.834094
-2.711760,-1.725363
-1.075854,-1.953480
-2.429260,-2.438002
-3.000112,-1.141332
-2.550647,-1.377557
-3.902791,-0.304052
-0.374530,-3.853310
-2.000829,-1.539418
-2.990831,-1.590026
-2.871974,-0.163192
-2.460391,-2.233598
-3.305071,0.034282
-0.872651,-1.725256
-1.436149,-1.054584
-1.370087,-2.830352
-3.531253,-1.137592
-3.149356,-3.588357
-1.779893,-1.065930
-0.978348,-2.574080
-2.286039,-3.223117
-2.005579,-2.569069
-2.263246,-2.042598
-3.436996,-1.120694
-1.768172,-1.992289
-2.223609,-2.311905
-1.782128,-1.693196
-3.837229,-2.280654
-2.775982,-1.898509
-2.536665,-0.530982
-3.093430,-1.490252
-0.158153,-2.570748
-4.014130,-1.989499
-3.013456,-0.631668
-2.525487,-2.296942
-3.108436,-1.351542
-2.665688,-3.470453
-1.851660,-3.140293
0.578078,-3.019210
-2.604791,-2.820904
-1.455726,-3.125091
-1.083293,-2.116105
-1.717506,-2.183886
-1.189287,-1.647829
-3.259974,-0.873825
-1.235309,-2.874223
0.850128,-4.536553
-0.933620,-3.287393
-2.693578,-1.876714
-1.491303,-2.250711
-1.054467,-2.021157
-2.385680,-1.046959
-1.167408,-2.259121
-1.400218,-2.687045
0.861266,-3.704072
-3.383107,-0.392088
-0.739121,-3.478553
-2.053531,-1.930444
-4.322850,0.078298
-1.418514,-2.418505
-2.251096,-2.498358
-0.108101,-3.159539
-1.754795,-3.251653
-2.028565,-3.433349
-2.306907,-1.170631
-1.809626,-1.480605
-2.079917,-1.332298
-3.089134,0.070902
-2.619035,-2.314668
-1.497614,-4.261834
-3.098507,-1.459402
-2.545158,-2.407874
-4.807964,-0.987909
-2.299368,-2.059234
-2.176192,-2.144423
-1.787063,-3.331028
-3.922938,-0.374936
-3.093359,-2.500614
-0.504970,-4.171675
-2.741946,-1.229736
-1.317502,-2.252684
-0.835088,-1.788294
-3.516268,-1.060989
-1.363974,-2.709276
-2.506410,-1.767389
-2.773086,-0.961387
-3.503589,-1.618636
-1.220192,-2.246645
-2.139653,-2.047999
-1.507062,-2.406203
-4.241455,-1.767660
-1.922614,-2.185839
-1.136246,-3.019746
-0.872302,-3.711878
-1.770085,-2.235109
-4.032025,-0.784141
-0.356834,-2.651043
1.555519,-6.174569
-2.188563,-2.752641
-2.242080,-2.406436
-0.182807,-3.199095
-3.062548,-1.924897
-0.603282,-1.540666
-2.388280,-1.611520
-4.211583,-1.410068
-0.155996,-3.677098
-3.582898,-2.127801
-0.477981,-2.728954
-1.130188,-3.125995
-1.704341,-1.340800
-1.488419,-2.019183
-0.632101,-2.779027
-1.903318,-3.477334
-2.873514,0.703508
-1.354722,-1.098155
-1.785899,-2.350120
-2.303810,-2.609579
-0.124580,-4.184715
-2.990008,-0.734172
-2.508855,-1.098047
-1.142744,-2.609030
-2.243472,-2.819073
-3.449006,-1.856278
-0.320788,-1.462234
-2.484986,-1.269955
-0.176681,-3.941230
-1.030464,-3.047507
-2.263473,-2.593175
-2.537938,-0.507193
-0.237851,-2.188077
-0.172271,-2.163492
-2.017605,-2.382884
-3.371612,-0.792551
-3.601110,-1.700010
-1.787404,-1.738056
-2.679882,-0.607657
-1.802093,-1.724275
-1.067722,-2.328211
-2.802479,-1.975125
-1.720939,-1.507877
-3.523676,0.709189
-2.052553,-1.662829
-1.818472,-2.070136
-2.296525,-0.951923
-2.475879,-2.623466
-2.232535,-2.603252
-0.643045,-2.748496
-2.758626,-2.160242
-1.565545,-2.127687
-2.003421,-1.557282
-1.160886,-2.481078
-1.572789,-1.655332
-1.416224,0.445454
-3.071167,-0.802809
-2.435245,-2.500700
-1.075136,-2.653311
-0.923844,-0.399803
-1.785614,-3.046038
-2.468478,-2.035309
-2.573959,-1.899757
-1.538067,-2.032377
-1.689279,-2.671238
-2.434532,-1.518918
-1.686939,-2.795008
-2.747593,-0.942086
-1.253996,-1.880129
-1.700314,-0.944822
-2.183892,-0.649634
-2.149823,-2.739068
-2.277772,-0.940907
-2.431054,-2.612383
-2.071608,-1.539947
-0.637026,-2.988701
-3.653413,-1.660442
-1.803103,-0.886549
-4.126127,-1.748274
-3.098697,-1.214854
-0.371755,-1.115890
-2.381850,-2.000971
-1.849320,-0.465028
-2.416928,-2.116744
-1.533585,-1.375557
-1.184846,-1.723340
-2.805711,-3.048904
-3.148636,-0.516069
-2.761622,-0.936073
-1.663763,-1.599345
-0.959971,-1.226653
-1.064272,-1.116994
-3.714221,-2.666940
-0.717891,-2.432447
-1.882748,-3.473625
-3.906179,-1.682041
-2.855383,-1.507909
-2.474920,-1.258490
-0.362033,-3.952909
-1.584005,-2.006922
-2.398427,-1.846736
-0.777264,-2.741625
-2.589032,-1.080140
-1.995161,-2.375279
-1.081018,-2.670578
-1.747918,-1.415873
-1.400935,-2.479860
-1.029954,-3.309505
-0.984686,-1.957678
-4.065927,-1.110424
-2.445790,-0.873651
-1.900425,-2.851334
-1.526677,-2.850710
-1.765701,-2.387141
-1.155390,-2.038649
-2.527239,-1.645994
-1.815900,-2.750237
-2.351882,-1.591943
-1.742923,-1.398681
-1.267870,-1.361954
-0.923433,-4.391695
-3.766453,-0.631292
-1.630007,-1.116871
-1.840757,-1.246231
-2.041683,-0.975397
-2.061405,-1.207467
-1.236222,-2.240697
-2.008486,-2.078568
-0.756596,-3.665019
-1.105792,-1.338546
-1.616667,-2.100460
-3.809913,-1.427756
-1.228498,-1.891862
-5.131007,-0.854051
-1.584313,-1.787480
-1.605326,-0.148562
-1.558783,-2.676219
-0.525975,-3.345907
-1.396648,-0.511311
-2.717572,0.233783
-1.184687,-2.388990
-2.103471,-1.429419
-1.397660,-1.471416
-1.527060,-2.143511
-2.181731,0.335308
-1.007007,-2.442374
-1.783544,-0.996573
-3.581465,-0.752002
-1.897949,-2.028825
-2.001125,-1.172002
-0.746473,-1.396525
-1.012954,-4.181265
-2.608380,-1.555871
-1.030056,-2.010444
-2.079122,-0.671689
-0.696824,-2.490564
-3.198401,-1.809073
-1.549644,-1.481532
-3.235769,-0.911049
-0.282319,-2.185455
-2.978946,-2.910048
-1.226088,-1.641094
-0.885433,-2.997348
-1.735310,-2.302165
-1.370621,-2.126219
-1.478779,-1.864358
-1.122355,-1.759065
-2.614885,-2.592452
-1.837587,-3.320325
-1.703104,-3.610109
-1.062218,-2.943257
-3.315839,-2.036781
-0.901675,-2.295268
-2.718736,-2.992297
-1.851697,-1.786270
-1.149206,-0.604833
-0.797671,-2.102215
-1.744703,-1.786969
-1.772265,-2.900623
-1.650726,-3.817279
-2.849433,-1.686950
-4.440908,-0.032690
-2.555025,-1.389831
-1.092239,-4.253742
0.042602,-2.573680
-2.160694,0.088400
-0.761730,-4.607618
-2.907542,-1.860011
-2.823928,-1.621449
-2.433610,-3.382325
-1.315186,-2.314145
-1.110051,-2.821255
-1.480692,-3.293748
-1.157140,-2.378223
-1.824201,-0.337670
-2.492958,-1.143248
-3.399842,-0.325629
-2.053835,-0.989732
-2.184480,-1.883625
-2.142194,-2.430606
-1.039349,-1.898622
-0.981244,-2.880945
-2.692025,-2.733123
-3.394048,-1.942272
-1.397393,-2.688200
-3.029958,-0.449260
-1.593418,-1.054921
-0.772035,-1.229741
-2.369339,-1.497117
0.043982,-3.068009
-2.576721,-1.645810
-0.555943,-1.430609
-1.135450,-2.515701
-1.685811,-1.625781
0.001103,-3.328540
-4.336607,-1.565607
-0.896034,-2.538669
-1.544251,-1.776075
-2.532046,-1.242788
-3.150396,-0.097112
-0.501542,-2.797691
-1.697968,-1.754476
-2.203895,-0.180666
-1.653781,-1.507831
-1.296326,-3.167297
-0.995657,-1.970238
-1.901213,1.090468
-2.183796,-0.692008
-1.395392,-4.392612
-1.874743,-3.379557
-1.575189,-0.688838
-2.338211,-2.317506
-2.624010,-2.095133
-1.627160,-2.567838
-3.169376,-2.497330
-0.672063,-4.187465
-3.084936,-2.180220
-3.162509,0.014568
-2.152020,-0.992770
-2.115901,-1.377143
-2.575576,-0.424385
-1.298419,-0.778064
-2.294585,-2.160419
-1.076723,-3.645691
-3.058304,-0.975808
-2.374721,-1.544467
-1.102320,-3.185697
-1.495203,-2.939845
-0.990282,-2.527734
-2.686088,-1.278892
-0.953311,-4.399375
-2.937159,-1.818399
-1.312099,-2.618952
-2.379173,-3.742290
-1.401314,-3.002395
-1.168954,-2.129925
-2.067871,-1.914227
-3.781903,-1.778131
-2.529322,0.180761
-2.096264,-2.296542
-3.294765,-0.969081
-2.166921,-1.554888
-2.973574,-2.126341
-2.821910,-2.060224
-1.017073,-2.054400
-1.883034,-2.754908
-1.503217,-1.150228
-3.511522,0.653911
-2.989831,-1.034065
-4.117298,0.315921
-1.777800,-1.839523
-2.885909,-2.427887
-1.205962,-2.413463
-0.992562,-2.359793
-1.562861,-1.500399
-1.651986,-1.866311
-1.235676,-4.373720
-1.148856,-2.540230
-0.959455,-2.312546
-2.564307,-1.894461
-2.415883,-2.028149
-2.528097,-1.982319
-1.663062,-0.976320
-1.276880,-3.417441
-1.278991,-2.409869
-3.595207,-2.144342
-1.826994,-2.144767
-3.211676,-1.684153
-2.485526,-1.221473
-2.439436,0.633363
-2.819427,-1.441007
-2.134190,-1.284318
-2.245966,-1.333664
-1.937750,-1.012601
-4.808200,-1.001147
-3.054814,-0.803604
-1.991369,-3.359428
-2.246571,-1.717409
-1.081148,-2.949536
-2.122159,-0.326338
-2.048124,-1.827440
-1.956903,-0.878019
-1.983775,-1.665959
-1.733102,-2.424608
-1.966580,-3.068064
-1.387553,-3.474564
-1.044401,-2.656861
-2.598245,-1.822347
-0.197423,-1.650776
-1.914686,-2.678577
-0.379232,-3.103755
-3.668757,-0.517911
-1.561186,-2.162125
-3.514127,-2.981485
-1.623244,-0.501678
-2.102749,-2.005917
-2.350236,-0.973836
-1.763351,-1.463617
-3.297159,-1.876014
-1.650956,-3.640458
-0.283955,-2.905542
-2.480100,-1.072140
-3.593443,-0.714898
-1.341135,-2.536227
-3.284507,-1.306326
-3.717702,-0.354008
-2.362957,-1.474454
-1.201054,-1.888656
0.840165,-5.178777
-3.414577,-2.037212
-1.639601,-2.853541
-2.015337,-2.587017
-1.153339,-2.917639
-2.506400,-1.111111
-2.989524,-1.211055
-3.728340,-1.547371
-2.589467,-0.318339
-0.399666,-3.132199
-1.943768,-2.162444
-2.366825,-2.252466
-2.810976,-1.184935
-1.044846,-2.992795
-1.281376,-2.102728
0.140417,-2.137660
-2.722504,-2.513744
-2.066446,-2.416162
-1.098953,-2.475994
-2.996940,0.866325
-2.564638,-2.215980
-1.873360,-1.388557
-1.803803,-1.451113
-2.242076,-1.473238
-1.011901,-3.118441
-3.409977,-0.100317
-2.006169,0.017495
0.320789,-1.721713
-2.261699,-0.576223
-1.057554,-2.218242
-1.231289,-2.619089
-2.411114,-1.827696
-3.256380,-1.263491
-0.379295,-3.864472
-1.857638,0.313537
-2.605998,-0.327131
-0.520345,-1.176205
-2.230963,-1.045716
-3.123183,-2.035075
-3.059793,-2.394879
-2.548086,-1.115714
-0.889558,-1.984218
-1.856748,-2.477512
-2.470351,-1.545487
-1.685965,-1.281698
-1.772091,-3.050975
-1.829880,-2.233059
-1.585197,-0.473034
-1.944831,-2.018962
-1.822211,-2.950669
-2.567033,-1.393928
-2.510880,-0.350946
-3.483445,-1.977517
-3.059138,-1.875618
-0.258005,-3.521045
-2.820166,-0.468103
0.161854,-1.365379
-3.128134,-1.713612
-0.330701,-3.873866
-0.814034,-4.215740
-0.905438,-3.848198
-1.974790,-2.898928
-4.085392,-0.101314
-2.865565,-0.565179
-2.059769,-2.418362
-3.688083,-1.348072
-1.778016,-2.863755
-2.519104,-2.389642
-2.273877,-0.651406
-1.114659,-2.357911
-1.183052,-2.638146
-2.961691,-0.935034
-0.765182,-0.947154
-2.733575,-2.109537
-0.062846,-1.657841
-1.709302,-2.992088
-1.657269,-1.610871
-1.064899,-3.213613
-0.914755,-3.238101
-2.837027,-1.414092
-4.128880,-0.717854
-1.534884,-1.157684
-1.552427,0.195043
-2.727827,-2.167026
-2.491687,-2.346455
-1.487637,-1.278855
-2.655520,-1.448885
-1.242556,-2.432334
-3.085788,-2.168203
-1.262243,-3.027381
-1.752320,-4.058589
-0.916152,-2.701249
-2.310674,-2.134162
-1.004834,-2.626372
-1.652583,-1.104537
-0.698144,-5.047856
-2.575693,-0.950802
-3.255069,-1.637074
-2.301811,-2.975832
0.092099,-3.952539
-3.309791,-0.857786
-1.939446,-3.180159
-2.924082,-0.994832
-2.826981,-2.616948
-0.838585,-2.426571
-1.869988,-2.781536
-4.138554,0.208108
-1.918654,-2.217125
-1.449059,-2.623456
-3.473643,-0.113280
-0.837019,-3.600285
-2.843449,-2.662871
-2.075333,-2.885691
-1.621886,-2.308091
-3.182005,-1.971855
-2.089458,-2.237838
-2.218975,-2.600402
-1.712057,-1.794258
0.069562,-2.341158
-3.602769,-1.971822
-2.495718,0.010284
-1.461721,-2.332607
-2.767107,-2.610389
-3.829816,-2.051047
-1.466619,-0.965383
-0.684051,-3.609048
-2.785982,-0.811712
-3.065477,-1.621822
-1.285162,-2.914529
-1.929855,-1.470278
-1.895670,-1.125591
-2.624089,-2.423487
-0.447303,-2.794363
-1.885419,-0.143235
-3.612657,0.585040
-2.527705,-1.892764
-1.209884,-2.723282
-0.956528,-1.138278
-2.622419,-1.607410
-0.969330,-2.496507
-2.345265,-2.106231
-1.130914,-2.319953
-1.809076,-2.514328
-0.163115,-1.002491
-2.548294,-2.274912
-0.592124,-5.048479
-0.898816,-1.406143
-4.099617,-0.138654
-2.398084,-1.767306
-2.514536,-1.725920
-1.845792,-2.810921
-1.963529,-0.733696
-1.247190,-2.025410
-2.326924,-2.055563
-1.913352,-0.738680
-1.447616,-2.875015
-3.291508,-0.751063
-1.226860,-2.603264
-1.479685,-1.464714
-1.967267,-2.042883
-1.871314,-1.961154
-2.950981,-0.324179
-0.956432,-2.761996
-2.111126,-1.512262
-0.645292,-3.208429
-2.256845,-3.240491
-3.188376,-1.093880
-1.327443,-1.790447
-3.011279,-1.237528
-2.530438,-2.479675
-0.534962,-2.167231
-1.554376,-1.475635
-1.646820,-1.933051
-0.059519,-3.079774
-2.209872,-2.260093
-2.047484,-0.958784
-2.246620,-2.949470
-3.550244,-0.665400
-0.549042,-3.872896
-2.430300,-1.651551
-2.064190,-2.287699
-2.274376,-3.003559
-0.694235,-2.941783
-3.203531,-1.072338
-2.650735,-0.250440
-1.566835,-1.795256
-2.676279,-1.828705
-0.061949,-3.799292
-2.884265,-1.669251
-3.221982,0.254443
-0.821997,-3.372606
-1.456371,-2.911001
-2.692439,-1.559308
-1.459042,-2.446872
-2.283081,-0.967103
-1.847795,-0.782004
-2.102242,-2.258968
-2.270077,-2.539323
-0.909434,-2.351758
-4.042266,-2.603616
-3.019913,-1.391375
-1.615843,-2.711116
-0.990971,-3.177072
-4.432205,-1.115485
-2.048195,-0.977198
-1.737125,-0.729144
-2.514618,-0.814434
-2.403036,-0.605081
-1.382155,-1.986675
-2.430678,-2.903410
-3.867342,-0.686069
-2.681337,-0.783928
-1.612046,-3.163799
-2.144380,-1.456170
-2.465162,-3.116720
-4.158122,-2.766934
-1.735079,-1.132088
-0.318521,-3.521504
-1.570144,-2.234887
-3.520087,-1.826334
-1.888850,-2.275630
-0.025544,-3.400855
-3.075107,-0.254307
-1.669491,-1.444581
-1.925483,-2.956002
-2.330357,-1.440704
-2.701273,-2.157597
-1.216211,-3.822929
-2.282045,-3.759111
-3.056188,-2.233155
-0.966493,-3.295429
-2.004221,-3.573593
-0.461529,-3.002925
-2.465456,-3.048158
-3.616524,-1.094761
-2.512902,-1.595180
-2.074425,-1.904846
0.316124,-2.072049
-0.928651,-2.245950
-1.867958,-3.237538
-2.407443,-0.035823
-1.989359,-1.203567
-0.584183,-2.756385
-2.342788,-1.218676
-4.566161,-1.714132
-1.103752,-1.414136
-0.711888,-2.638591
-1.535035,-2.376523
0.047167,-1.784257
-1.071620,-3.058559
-1.238179,-1.687491
-2.848702,-2.727956
-2.523930,-3.638264
-1.172542,-1.046430
-1.657430,-2.002555
-3.299893,-1.390840
-1.996209,-0.091404
0.105354,-2.968385
-1.103404,-3.671359
-2.818753,-0.859083
-0.485825,-1.280496
-1.166185,-1.737443
-1.506508,-2.035670
-2.385923,-1.533740
-0.632926,-3.090012
-1.727054,-2.730807
-2.251632,-1.223860
-1.236680,-2.545806
-2.448524,-2.413282
-1.699134,-3.085113
-2.142566,-2.161620
-2.621086,-2.258564
-1.898912,-2.198779
-1.547698,-0.982517
-2.967589,-1.106856
-0.875372,-3.637623
-2.825194,-1.230011
-1.013637,-3.191919
-0.961894,-1.777298
-1.288469,-2.297291
-3.215362,-2.023245
-1.568573,-2.858372
-2.416720,-2.178141
-1.312289,-3.694924
-1.778092,-0.149809
-1.725111,-1.196174
-1.957330,-1.344265
-2.302570,-1.019636
-2.236554,-1.620943
-1.385853,-2.088605
-2.722430,-2.184826
-2.533574,-0.474834
-1.578472,-1.243687
-2.850035,-1.590093
-1.352536,-4.496444
-3.107352,-0.920926
-2.009021,-2.650529
-1.597769,-1.487552
-1.249182,-2.656166
-3.394451,1.209438
-0.974500,-4.840187
-3.116004,0.011957
-1.780305,-1.691229
-2.058907,-2.606915
-2.680980,-1.415943
-3.023050,-1.525636
-2.461356,-1.226649
-0.107030,-2.418668
-0.115316,-2.553709
-2.073641,-1.285696
-1.757562,-2.611364
-2.647776,-2.641120
-2.677377,-1.681062
0.779546,-2.892185
-2.066832,-1.607633
-1.235395,-2.432271
-3.364159,-2.089814
-3.052409,-2.006926
-1.326184,-3.554311
-3.427493,0.210857
-1.133533,-1.164126
-1.714364,-3.312341
-0.267353,-1.854677
-3.160132,-1.655624
-1.259386,-2.457460
-1.107299,-3.070792
-1.174388,-2.894654
-1.834831,-0.422232
-0.344433,-3.055603
-2.702841,-1.528849
-1.783671,-2.810069
-0.005769,-3.215282
-2.172426,-3.496303
-2.122851,-1.563677
-1.824757,-0.357757
-2.184514,-2.114825
-1.808788,-2.485519
-1.578035,-2.855883
-1.894652,-3.144156
-2.811237,0.196836
-0.227769,-3.454376
-1.871286,-1.983786
-1.667107,-4.180279
-2.137124,-2.232630
-1.627640,-2.579240
-2.078695,-1.039958
-1.594072,-3.293420
-1.518434,-1.258622
-1.742395,-2.112715
-1.916923,-4.278629
-3.864757,0.141942
-2.189528,-3.953026
-3.724165,-1.220009
-1.539716,-3.177025
-1.799591,-1.561755
-2.264707,-2.783813
-4.235601,-0.255927
-2.759669,-2.741114
-1.955814,-0.952596
-2.175263,-3.665074
-0.721294,-1.382561
-0.178825,-1.288408
-2.426765,-3.397923
-2.493810,-3.377131
-1.186090,-2.431747
-1.046831,-1.852064
-2.281643,-3.210060
-2.202183,-1.946194
-2.616267,-2.657149
-1.537462,-1.073660
-1.817110,-4.093215
-0.677058,-3.351646
-0.444469,-3.229059
-2.125142,-1.507461
-5.174976,-0.690658
0.117888,-2.839312
-1.887410,-0.964883
-0.912238,-4.447595
-2.931144,-1.235971
-3.346579,-1.070335
-0.671201,-1.038431
-0.728484,-2.530831
-1.075663,-3.790485
-3.345952,-2.068771
-2.869401,-1.351305
-1.208886,-2.898215
-1.848385,-2.863122
-2.267866,-3.124836
-1.536952,-4.589703
-2.219860,-1.347880
-1.377437,-2.752088
-3.512731,-1.113404
-0.799355,-1.262054
-1.883260,-1.211301
-2.362188,-1.132396
-1.858404,-3.114906
-2.322294,-1.154311
-2.055010,-1.653161
-1.920070,-3.257716
-1.490460,-2.760309
-0.700888,-1.731203
-2.851726,-0.295759
-3.704054,-1.589901
-2.639443,-1.396126
-1.742402,-2.540332
-1.955471,-2.423599
-2.137464,-3.203132
-0.437599,-3.160693
1.405660,-3.460258
-2.361518,-3.438270
-2.519888,-1.615457
-1.466286,-3.107881
-1.380752,-1.535061
0.449792,-4.131316
-3.832628,-0.982138
-2.312192,-1.016430
-3.511927,-0.253343
-2.076620,-0.858090
-2.981012,-1.911898
-1.235341,-2.497327
-2.582209,-1.079651
-1.225251,-3.020082
-0.504792,-2.907274
-3.450833,-0.022333
-0.253965,-3.640976
-2.252614,-2.277880
0.010187,-3.531627
-3.262606,-1.621380
-1.384733,-2.932723
-3.650979,-0.632458
-1.536506,-2.862909
-3.512928,-2.510180
-1.973138,-2.374671
-2.254194,-2.441466
-0.381296,-2.686430
0.374435,-2.809690
-1.960586,-1.358189
-1.465534,-1.356164
-1.812054,-0.883178
-2.173725,-0.708421
-1.571322,-2.809337
-2.012205,-1.984333
-2.873061,-1.876633
-1.681046,-1.691874
0.187190,-3.130457
-4.228701,-0.686664
-3.168127,-0.605269
-0.819253,-2.353002
-3.881334,-0.521764
-2.193863,-4.040752
-1.793062,-2.043691
-2.640942,0.501443
-1.021908,-2.170460
-0.966810,-2.960254
-2.325519,-2.550615
-1.474227,-1.682657
-3.021977,-1.122975
-2.844283,-2.995077
-2.369917,-1.895573
-2.162431,-2.318972
-1.614924,-3.258472
-2.077352,-3.249404
-1.972151,-1.467386
-1.792345,-2.030935
-1.230087,-1.627595
-1.907982,-1.814357
-2.707860,-1.316007
-3.538807,-1.125853
-3.593179,-0.603566
-2.219210,-3.349578
-2.937510,-1.427971
-1.993713,-1.745038
-1.040952,-1.885649
-2.819775,-2.031903
-0.445319,-2.773435
-1.442267,-1.859828
-1.677744,-2.110109
-3.448121,-2.053092
-3.272390,-0.351981
0.444241,-3.096120
-2.951161,-1.238741
-3.528158,-1.110622
-0.714991,-0.940562
-1.909146,-1.006954
-3.400295,-1.985471
-2.155419,-1.637420
-2.276488,-0.222588
-3.353519,-1.119558
-0.505588,-2.994689
-2.449083,-2.602675
-1.426510,-2.632474
-2.501587,-2.054426
-2.022699,-2.050236
-2.725967,-2.249919
-0.721102,-1.930299
-1.537422,-1.986130
-0.351299,-2.460959
-2.847854,-0.853252
-2.186410,-3.249864
-4.172359,-0.233112
-1.056713,-3.539959
-2.969510,-2.277910
-2.209175,-3.231768
-3.291300,-0.791570
-1.192288,-3.707800
-1.429747,-2.547215
-1.393143,-2.971999
-2.166378,-3.270251
-1.593284,-3.178327
-1.665774,-3.777710
-1.052246,-2.083120
-3.463413,-3.719630
-3.221287,-1.471729
-2.841930,-0.351329
-1.831947,-2.363091
-0.686199,-2.662287
-3.763438,-0.963485
-0.491020,-1.535395
-2.836766,-2.687268
0.033271,-2.328998
-2.935365,-2.114895
-2.708183,-2.123971
-0.509911,-3.835589
-2.776002,-2.791115
-1.412370,-3.589366
-1.758702,-2.112622
-1.041476,-3.540612
-2.461173,-3.276438
-1.896277,-1.506902
-2.930957,-2.390703
-2.568468,-1.532788
-2.611738,-0.909995
-2.411333,-1.870709
-3.399778,-1.743669
0.465567,-1.723550
-0.913368,-4.277962
-3.509581,-2.117499
-2.024386,-0.748789
-3.132417,-0.800867
-1.441414,-3.472992
-4.028567,-1.837332
-3.517020,-2.090941
-2.229058,-2.393898
-0.945534,-1.712972
-1.011786,-1.945402
-1.245645,-2.492217
-2.576247,-2.796720
-0.961908,-3.300739
-1.320741,-2.002648
-0.807771,-4.020938
-2.497410,-1.751755
-0.560095,-3.079821
-3.233893,-1.763878
-3.135391,-1.460813
-1.957790,-2.574919
-2.959790,-1.203304
-2.912276,-1.573239
-2.854805,-2.232643
-3.020375,-1.286294
-3.107992,-0.944338
-0.939613,-0.773888
-2.548280,-1.257215
-1.321784,-3.433470
-2.846399,-1.486065
-2.361721,-2.720405
-2.298666,-1.597131
-1.998402,-0.763649
-2.975014,-2.197838
-0.325183,-2.944027
-1.228395,-1.020344
-2.885273,-2.842119
-1.278858,-3.471350
-2.923609,0.092446
-1.632587,-2.561109
-1.518563,-3.878405
-2.498523,-0.560589
-0.839402,-1.317503
-2.270294,-1.517942
-2.719304,-2.342443
-2.341844,-0.706215
-2.767545,-2.350776
-3.843421,-1.956896
-1.039669,-2.380063
-2.141299,-2.848469
-2.631984,-0.234596
-2.757527,-0.910377
-1.161184,-1.100858
-3.285134,-0.799139
-4.410586,0.285484
-1.638584,-0.970937
-2.453945,-1.810359
-2.333191,-1.672064
0.346794,-3.343409
-2.036269,-3.114309
-2.854417,-0.767402
-2.651695,-1.474638
-2.344600,-1.956122
-0.911363,-2.403304
-1.345298,-0.933189
0.525540,-3.346727
-1.905556,-2.577437
-2.950262,-1.937952
-1.313396,-2.092088
-1.889455,-2.816271
-1.211522,-2.437605
-0.578919,-2.665408
-3.830475,-0.166186
-2.244572,-1.490701
-1.033159,-2.650432
-1.306586,-0.921470
-1.593712,-1.164409
-2.626191,-1.882870
-0.819517,-2.872336
-2.702948,-1.386079
-0.748307,-1.844755
-2.193682,-2.958203
-1.904862,-2.017444
-1.408825,-2.682629
-0.320007,-3.256175
-1.281710,-3.100164
-0.713131,-1.885262
-2.158946,-2.684449
-2.913036,0.707665
-2.443283,-0.994674
-0.706909,-2.205913
-2.634299,-2.002532
-2.354105,-2.110177
0.001133,-2.635708
0.649051,-2.492390
-1.588761,-1.959160
-2.957565,-2.032119
-1.868486,-2.232941
-0.958650,-2.004073
-0.853130,-2.948156
-0.399320,-3.361416
-1.193135,-0.899190
-1.552245,-2.617176
-0.951540,-1.367115
-1.388654,-2.386063
-1.821763,-2.329923
-1.460637,-1.441253
-3.952995,-1.434905
-2.049142,-0.696007
-1.702374,-1.113502
-0.664391,-2.827569
-3.396404,-1.233718
-0.313538,-2.544620
-1.923003,-2.655289
-0.628312,-3.885225
-2.296419,-3.506293
-0.900661,-1.914163
-3.114860,-2.522210
-1.974390,-1.298901
-2.107662,-1.927548
-1.104097,-2.477603
-2.366432,-1.353018
-3.614247,-0.591205
-0.034069,-2.291657
-0.562970,-3.835715
-1.253380,-2.848574
-2.360193,-2.596106
-2.991773,-1.142959
-3.640141,-1.528926
-1.618174,-3.488281
-1.575721,-0.676812
-2.893649,-3.419968
-2.078627,-1.256672
-0.821658,-2.612721
-3.726798,-2.322457
-2.377193,-0.444037
-1.410515,-1.944343
-4.040364,-0.617074
-2.882623,-0.872215
-1.923233,-3.897398
-3.278288,-2.027967
-3.930522,-2.254019
-2.289296,-2.031142
-3.339418,-0.434908
-2.745993,-1.684837
-1.319146,-1.628502
-2.473626,-2.445356
-2.144648,-0.169478
-2.656351,-0.053376
-2.245791,-2.735541
-1.626145,-3.681097
-1.033357,-1.195337
-0.559185,-3.424043
-2.310580,-2.865065
-1.135687,-1.574598
-1.883276,-1.489524
-2.732429,-0.880875
-1.630868,-2.268748
-1.041904,-2.900881
-1.447054,-1.235801
-1.881366,-2.442917
-0.363166,-2.988353
-0.976494,-3.521358
-0.939593,-2.169718
-2.068700,-1.223563
-3.138647,-1.500825
-2.090465,-3.593364
-2.501725,-2.280774
-1.810557,-1.029043
-2.745115,-1.134018
-2.072144,-1.937087
-4.131367,-0.450999
-2.159094,-2.021901
-1.511688,-2.868126
-2.616566,-2.568204
-3.064593,-0.209177
-3.026328,-1.134994
-1.835843,-2.378064
-0.747012,-1.953149
-2.934744,-0.515574
-2.272379,0.668777
-3.833955,-0.635201
0.466241,-3.723437
-2.315200,-1.575861
-1.123836,-1.525495
0.105228,-2.573232
-3.426358,-0.423465
-2.839017,-2.346730
-2.234283,-0.494460
-3.281681,-1.957834
-0.726364,-3.513947
-1.560988,-1.423811
-1.260401,-1.676982
-2.741113,-0.785321
-2.960643,-1.455424
-1.295785,-3.273151
-0.673513,-2.115848
-3.762264,-2.268182
-3.047758,-2.738010
-0.645283,-2.522693
-1.188814,-4.175387
-1.905590,-3.679368
-0.798088,-3.258032
-0.665456,-3.583559
-1.631921,-1.616177
-3.492930,-1.883285
-1.543348,-3.836223
-2.512113,-1.142304
-2.290151,-2.901899
-1.450067,-1.181105
-3.865663,-1.607573
-3.670727,-1.815610
-1.911628,-2.608416
-2.731859,-2.270610
-2.629562,-2.451350
-2.807590,-2.509700
-1.653707,-2.342608
-1.360885,-1.794228
0.043570,-3.868945
-0.985545,-2.423528
-1.482558,-1.429555
-1.181218,-1.584550
-2.782281,-2.510992
-1.588885,-2.997736
-1.649385,-1.450841
-2.196618,-1.138746
-0.912415,-2.205245
-1.692718,-1.512645
-0.494258,-3.053278
-2.103675,-3.161649
-2.774407,-1.654608
-2.948442,-2.029808
-3.818944,-0.300067
-1.098653,-1.911362
-0.342897,-0.491383
-3.245676,-1.227729
-2.031179,-1.902536
-0.444322,-2.272129
-1.751635,-2.495675
-2.647170,-2.268489
-2.434458,-2.068410
-1.668365,-2.493777
-2.145867,-3.418841
-3.295297,-2.994259
-0.026062,-3.929211
-1.712834,-2.027843
-3.563993,-2.413272
-1.691490,-2.756181
-2.156320,-1.615438
-1.627149,-2.328695
-2.218312,-2.694387
-3.118812,-3.025404
-1.506255,-1.081392
-0.668550,-1.269446
-1.793052,-0.748545
-2.058325,-1.390103
-2.907942,-2.659854
-0.418620,-3.822683
-1.763343,-2.807257
-0.350885,-2.540555
-1.654899,-3.440963
-1.491512,-1.425054
-3.059469,-1.590136
-0.995922,-1.363774
-2.519549,-0.603783
-2.283559,-1.616273
-3.175188,0.303762
-1.744127,-1.532641
-2.586326,-3.018054
-1.344941,-3.115784
-1.906480,-2.816603
-0.760108,-1.933785
-2.930943,0.243300
0.407310,-3.329404
-2.656447,-1.380782
-1.722064,-2.582851
-2.664512,-0.949805
-2.648835,-0.536489
-2.930544,-0.435491
-1.815169,-3.784904
-2.259196,-1.140220
-1.341883,-2.410812
-1.853032,-2.640135
-0.736373,-3.218849
-1.363187,-2.258445
-0.180646,-3.217470
-2.087069,-2.979543
-2.418130,-3.180077
-1.686456,-2.190350
-1.832958,-1.707082
-1.118700,-2.101929
-1.822542,-1.361524
-4.212442,-1.338789
-2.050059,-2.712790
-3.553126,0.150419
-1.650701,-1.153321
-1.777428,-1.755906
-2.287280,-3.077183
-3.257136,-1.702683
-2.106487,-0.809878
0.466159,-3.421340
-2.705359,-2.264425
-0.528728,-3.542098
-1.299316,-1.608644
-2.599915,-2.487778
-0.581207,-3.272354
-1.343464,-1.336120
-1.364708,-2.216613
-3.236177,-3.466148
-2.833163,-1.592935
-2.486192,-1.344564
-1.230814,-2.943417
-1.880829,-1.935157
-2.428431,-1.541054
-3.091994,-0.067468
-2.450087,-0.724991
-1.700256,-1.567892
-3.018491,-0.855488
-3.561099,-1.741137
-3.337243,-1.433700
-1.009906,-3.269192
-2.012223,-1.653032
-3.396205,-1.161011
-2.600684,0.246822
-2.609154,-2.218357
-3.294665,1.019537
-2.846053,-2.516170
-2.832334,-1.757583
-2.642159,-1.128338
-1.207771,-3.972191
-0.519486,-1.839615
-2.574017,-3.699735
-1.956094,-2.305260
-2.619534,0.134099
-0.669869,-2.936712
-2.746252,-1.374900
-1.599687,-1.294710
-1.918280,-1.411240
-3.441688,-1.004882
-2.911675,-1.532746
-3.240405,-1.380989
-2.490266,-1.737661
-2.930774,-1.914010
-1.785947,-2.266690
-1.373256,-3.234365
-0.391457,-3.231373
-3.383498,-2.007893
-1.465179,-3.493633
-0.697558,-2.903086
-1.275764,-2.474038
-1.522824,-2.817561
-3.477109,-1.678388
-1.304589,-2.277748
-1.629827,-2.181518
-2.754870,-2.751863
-3.261309,-0.838027
-3.212075,-0.449846
-2.629124,-0.348600
-3.175636,-1.047150
-3.783689,-0.688308
-1.882532,-1.254337
-4.200280,1.294212
-1.409722,-2.320921
-0.099103,-2.430976
0.621631,-4.794113
-3.521640,0.281423
-3.020065,-2.171743
-3.609750,-1.304668
-0.550716,-2.120198
-1.911046,-3.552429
-1.070521,-2.740302
-0.656498,-1.526802
-2.649706,-2.590477
0.067970,-3.167496
-1.955834,-1.435788
-1.553163,-2.292638
-3.028364,-0.966105
-0.645025,-2.632198
-1.214700,-1.819104
-1.591151,-1.547033
-1.790084,-0.911898
-3.485586,-1.819223
-0.415864,-3.661090
-2.883864,-1.841477
-2.184189,-1.412287
-2.254114,-2.380529
0.122392,-1.643218
-0.782820,-4.456023
-4.768575,-0.264445
-1.172702,-2.147224
-2.195088,-1.361850
-3.774078,-1.183970
-2.178366,-1.875331
-1.186863,-2.709386
-2.192827,-1.222288
-2.946165,-1.093847
-1.819633,-3.564445
-2.276737,-3.075925
-1.975419,-3.206398
-0.541190,-1.675364
-1.107037,-1.320677
-2.672929,-1.949496
-2.718564,-2.932118
-2.368677,-2.942159
-2.735807,-1.699084
-1.946031,-2.471903
-3.222950,-1.666886
-1.000919,-2.656484
-2.775148,-0.893573
-4.360998,-0.573257
0.119909,-3.632679
-1.631468,-1.896968
-3.504319,-2.021034
-1.458679,-1.955261
-2.309261,-1.866744
-2.141020,-0.862333
0.564266,-2.988484
-0.643307,-2.761250
-1.086226,-1.658843
-2.329796,-1.080875
-2.460907,-2.076411
-1.834082,-3.548964
-1.002070,-2.085798
-0.527799,-2.263182
-1.193818,-2.970570
-1.877392,-1.096067
-1.441896,-2.076856
-2.308982,-1.940797
-0.880448,-2.679507
-2.183902,-2.135642
-1.813821,-1.615023
-0.818314,-3.727941
-1.605593,-3.292931
-0.767584,-2.134005
-2.838579,-2.261387
-1.946819,-1.624961
-2.333021,-2.954303
-1.850317,-3.735845
-4.717573,-1.011093
-0.925567,-3.097919
-0.996857,-4.161995
-1.997931,-1.798868
-1.997103,-1.287450
-2.309510,-2.379361
-1.700866,-0.908631
-2.966772,-1.896987
-2.252278,-1.188514
-1.045171,-3.187877
-1.910126,-0.928712
-2.168688,-3.288584
-2.564533,-1.683616
-2.112418,-1.697305
-2.335409,-2.078169
-3.209556,-1.639310
-2.034671,-1.575155
-1.434040,-1.772711
-0.448770,-1.254414
-1.585744,-1.175943
-2.057304,-0.519153
-1.512713,-1.360152
-3.116932,-0.595070
-0.480145,-1.690096
-1.977173,-1.944245
-2.625734,-2.157493
-2.120452,-1.531321
-2.024556,-2.042031
-1.997635,-2.382484
-2.484067,-1.225586
-3.067192,-1.454286
-2.530983,-0.577578
-2.122767,-2.543507
-3.308044,-2.277962
-1.502825,-2.221687
-2.405854,-2.665349
-2.577683,-2.421121
-2.421533,-1.969897
-2.291130,-2.530938
-2.743140,-1.402919
-1.421237,-2.699499
-3.334995,-0.330200
-3.737564,-1.874104
-2.329037,-2.670884
-1.933503,-2.833047
-2.758181,-0.524889
-1.578148,-2.886520
-1.868940,-1.240448
-2.583967,-0.780914
-3.357694,-0.215534
-2.022102,-2.792690
-1.669974,-3.539781
-1.788850,-0.620324
-1.176677,-0.995260
-1.720387,-1.672717
-0.223571,-2.964196
-1.032931,-2.136468
-2.958804,-0.736391
-2.315950,-1.565547
-1.617363,-0.509535
-1.927537,-1.907628
-0.248765,-3.329172
-1.422448,-2.775386
-3.221441,-2.394592
-2.277665,-1.471195
-2.928240,-1.710258
-2.811064,-0.884038
-2.069510,-3.299934
-1.095717,-2.033545
-3.458664,-2.687015
-1.648922,-2.225711
-3.009738,0.297541
-1.754780,-2.064060
-2.133265,-4.493456
-1.154684,-1.842184
-2.531288,-2.217742
-1.893515,-0.313113
-0.736762,-3.315805
-1.516415,-2.439223
-0.209064,-0.999104
-1.746473,-1.953314
-2.771767,-2.481363
-2.912267,-2.559756
-3.110004,0.013265
-1.583929,-2.582978
-2.752329,-0.974864
-0.485581,-3.346144
-4.106900,-2.226877
-2.537291,-2.298311
-3.324130,-1.128804
-1.104928,-2.067356
-1.180792,-2.735351
-2.340451,-1.853531
-1.306672,-3.564945
-2.833911,-3.060184
-2.205661,-2.057625
-2.170815,-1.179637
-1.287592,-3.231785
-1.459711,-3.066701
-1.221937,-1.658352
-1.040601,-2.072795
-1.532454,-1.081653
-2.100680,-2.712773
-2.928303,-2.678858
-1.853649,-1.580599
-2.748241,-0.845673
-0.905726,-1.153213
-2.521205,-2.537387
-2.642309,-2.701949
-0.810654,-2.947699
-1.160077,-3.456560
-0.917826,-2.941884
-1.117480,-2.350408
-3.043047,-2.261308
-2.883267,-1.288297
-0.753097,-2.873989
-3.623010,-0.573409
-0.111240,-2.965932
-3.904468,-1.175763
-1.293165,-2.671376
0.715726,-2.634041
-1.935376,-2.023358
-2.438653,-1.819644
-2.024406,-2.917041
-0.776383,-2.817123
-2.696427,-0.353618
-1.845911,-2.346671
-3.800829,-0.997878
-0.429297,-3.319222
-3.982304,-2.505715
-2.909083,-2.219256
-0.916101,-3.373076
-1.884892,-3.885116
-2.115905,-1.928412
-1.215668,-4.191298
-2.138443,-1.333059
-0.340144,-4.923397
-1.716867,-1.859995
-2.054289,-1.342743
-1.287182,-2.534930
-1.939143,-2.621329
-0.542282,-3.160368
-1.156986,-4.013525
-2.677477,-1.488450
-3.078889,-1.257597
-0.945436,-1.907582
-1.512773,-2.205977
-1.799309,-2.080483
-1.369288,-1.752772
-2.225069,-2.107125
-2.993990,-2.553979
-3.630257,-1.876258
-1.651442,-2.801083
-1.405779,-0.973966
-3.629225,-1.843036
-1.932576,-3.466921
-1.169274,-3.420827
-3.257099,-0.988568
-1.785231,-1.985883
-1.221744,-2.849052
-0.984172,-0.556705
-1.977154,-0.376865
-1.760854,-1.710692
-3.120822,-2.667792
-0.429916,-4.694895
-3.274426,-1.120663
-2.021855,-0.673501
-0.150762,-2.373338
-1.096492,-3.109884
-0.946356,-2.816591
-1.461312,-1.741655
-2.075653,-0.344159
-2.243637,-0.941538
-1.700846,-2.477125
-2.892310,-2.348509
-3.039686,-1.094108
-2.927410,-2.590828
-1.253683,-1.883636
-1.948519,-1.221928
-1.643380,-2.227670
-1.577891,-1.757612
-2.417308,-1.965538
0.302417,-4.131877
-0.202242,-3.108631
-3.862736,-2.421760
-2.121944,-1.603149
-2.941859,-2.290436
-3.042549,-2.216606
-2.380779,-1.185375
-1.501854,-2.073350
-1.459207,-3.099408
-2.445745,-0.429634
-1.359053,-3.260058
-1.487927,-2.450013
-1.237965,-1.470229
-2.426778,0.230037
-4.660005,-0.919757
-2.183276,-2.510571
-0.518084,-2.073148
-3.158957,-2.430183
-5.153746,-0.661668
-1.649614,-2.262571
-0.745068,-2.704802
-1.053619,-2.123375
-3.597626,-2.906613
-0.233038,-2.918228
-2.862964,-2.163044
-1.464324,-2.623561
0.889572,-2.618038
-1.135559,-2.833651
-3.538913,-0.645188
-2.757360,-2.199606
-1.987746,-2.937434
-3.441901,-1.225411
-1.787084,-3.074226
-2.040493,-1.378024
-0.235954,-3.696219
-1.558536,-1.036362
-1.500802,-3.620424
-2.586137,-1.474965
-2.643378,-0.255321
-2.275046,-1.791241
-1.878654,-2.151331
-1.341979,-1.236649
-0.445603,-3.973853
-2.478764,-2.124058
-1.972823,-2.468355
-3.340255,-1.082875
-0.985458,-2.234021
-1.620958,-2.547360
-1.244429,-3.161361
-2.602263,-2.662642
-1.656680,-1.830070
-0.601399,-4.050875
-4.314112,0.109550
-2.999999,-1.027594
-1.247565,-1.819081
-3.482877,-1.409452
-1.733545,-3.634768
-0.671308,-2.192444
-1.435015,-1.380988
-1.606502,-3.396471
-1.511714,-2.191424
-1.529915,-1.772168
-2.115086,-1.397373
-2.044970,-0.858717
0.124489,-4.136842
-1.467866,-0.008247
-3.012086,-3.185519
-3.843146,-1.374372
-2.129957,-1.332140
-3.176046,-2.957540
-2.470270,-3.099258
-2.835509,-2.049621
0.195367,-3.483746
-0.835112,-3.030243
-0.927849,-2.204245
-2.596539,-1.165521
-2.127345,-2.313427
-1.250555,-3.337602
-1.436997,-0.608401
-2.136928,-1.148061
-1.643495,-1.830238
-0.500849,-4.221039
-2.248595,-1.029806
-2.183632,-3.124739
-2.155741,-2.278711
-2.462944,-0.833751
-2.786259,-0.103285
-1.588297,-2.063059
-3.962033,-0.438327
-2.153682,-1.850697
-2.451430,-2.422672
-3.591731,-1.325451
-2.789771,0.428481
-2.214462,-1.779899
-1.291644,-2.637407
-3.277514,-1.406718
-2.758694,-0.216248
-1.510060,-1.693842
-1.261179,-2.841836
-3.322910,0.516983
-2.397062,-1.533985
-1.950106,-2.078650
-1.003897,-2.344034
-3.030545,-1.221591
-2.768605,-1.959045
-2.365313,-2.480908
-1.743745,-2.136855
-2.829770,-1.782854
-2.890542,-2.065798
-1.169131,-0.619856
-2.345244,-2.988507
-2.633520,-1.080448
-1.761026,-0.967098
-1.725087,-2.956116
-1.951810,-1.008577
-2.241202,-1.830230
-1.912773,-1.353679
-1.241062,-3.749061
-1.578063,-1.731853
-3.937286,-0.176082
-2.544907,-2.120121
-3.118065,-1.979881
-2.465150,-2.484915
1.176253,-2.482464
-2.290047,-0.901102
-2.074620,-0.500315
-1.706539,-1.425274
-1.652654,-2.519566
-0.569652,-3.228417
-1.607568,-2.525547
-2.567013,-1.130924
-3.187442,-1.403336
-2.650456,-1.989055
-2.000794,-2.305714
-1.328444,-3.084381
-2.958057,-1.957839
-0.803170,-1.953151
-2.811888,-0.356053
-2.796856,0.161511
-0.928815,-1.082031
-3.386815,-0.685639
-2.548488,-2.113349
-2.694291,-2.860098
-1.095143,-2.110983
-1.269541,-3.043657
-2.628493,-1.661075
-2.398736,-0.404289
-1.683320,-2.753622
-2.371436,-2.293609
-3.621018,-0.791375
-3.537461,-1.959807
-1.873341,-3.212017
-1.180663,-3.335695
-1.551531,-0.915027
-1.783948,-2.134182
-2.658048,-2.070405
-0.935543,-0.976797
-1.292457,-0.620144
-2.330920,-2.289350
-2.271779,-0.464366
-1.387759,-2.247753
-2.635303,-2.745416
-0.956899,-3.248388
-2.570778,-0.578906
-1.767708,-3.354765
-1.722182,-3.235461
-2.249177,-3.776431
-1.164474,-5.395362
-0.073999,-2.759574
-4.112537,2.132529
-2.603392,-2.172418
-1.556296,-2.303229
-4.285943,-0.705673
-1.953878,-1.948762
-2.927964,-3.080787
-2.437369,-2.915002
-3.695950,0.266932
-3.409334,-1.475589
-0.589976,-1.367996
-2.676091,-0.902348
-2.183057,0.144239
-2.789461,-0.161023
-3.157037,-1.172427
-1.829128,-1.490206
-2.024076,-1.472890
-3.243040,-3.487551
-2.531909,-1.360020
-1.009454,-0.789487
-2.711355,-2.093568
-2.552977,-1.361462
-3.264885,-1.331839
-1.564204,-2.975775
-0.721341,-3.716321
-3.740084,-0.986707
-1.088911,-3.439119
-2.563799,-2.182226
-1.936397,-1.812246
-2.046178,-2.043187
-3.439066,-0.384291
-0.937755,-2.307629
-1.912306,-2.016249
-2.206920,-0.451617
-0.147432,-2.120579
-1.972825,-2.085030
-0.752007,-2.501290
-0.499552,-2.962050
-3.587415,-0.727230
-2.895918,-1.022139
-0.734475,-3.145787
-1.391279,-1.712264
-1.435884,-2.065209
-0.871015,-2.699521
-2.084340,-2.043169
-2.173111,-2.119268
-2.221129,-1.975887
-1.805173,-3.491049
-1.730475,-2.586647
0.611763,-4.592447
-3.562868,0.252829
-2.259192,-2.556112
-0.085178,-3.026229
-2.985906,-2.249067
-2.414434,-0.745987
-1.564575,-2.727340
-1.939947,-1.507215
-0.768482,-2.664581
-1.495848,-1.393306
-2.631570,-1.310584
-3.548714,-1.960766
-2.162313,-2.810474
-1.802799,-2.764797
-0.430014,-2.617206
-2.953778,-1.653181
-0.247552,-4.257576
-1.279426,-1.363634
-1.022462,-1.999185
-1.278459,-2.152827
-2.410173,-1.011350
-1.352882,-3.010676
-3.298522,-2.281484
-3.290194,-1.922464
-1.095629,-3.437069
-1.315807,-2.502371
-2.196251,-1.733435
-0.544232,-2.246859
-1.590634,-1.478792
0.253836,-3.718714
-1.124208,-2.116668
-4.130980,-1.037211
-3.042687,-1.556147
0.084243,-3.157172
-2.520096,0.631225
-2.982519,-2.461863
-1.875032,-2.234192
-2.961611,-1.062849
0.112872,-3.482386
-1.610292,-1.485798
-1.870652,-1.440389
-1.870960,-1.845433
-1.024861,-2.620936
-1.594713,-1.915351
-0.276437,-2.324393
-1.818512,-1.388361
-1.702497,-1.694266
-0.109391,-3.998157
-1.493325,-2.866614
-3.675090,-1.924554
-2.409953,-1.128719
-4.145742,-1.927916
-2.384166,-1.363124
-1.231912,-1.323993
-0.111810,-3.763039
-3.698147,-1.927264
-2.352128,-1.322474
0.392962,-3.296088
-0.438438,-1.983094
-2.347281,-1.352954
-2.429882,-0.675804
-1.155869,-4.549093
-2.412922,-2.661343
-3.932679,-1.058089
-1.788196,-1.628739
-3.542079,0.691401
-1.165038,-2.310225
-2.293791,-1.084250
-0.134953,-1.833248
-0.599768,-2.720024
-1.040595,-2.568648
-2.481588,-2.820923
0.586097,-3.700454
-1.446027,-2.414823
-3.247126,-0.129092
-0.102531,-5.122179
-0.822274,-4.011407
-0.487934,-0.957203
-2.693449,-0.950124
-2.146834,-1.378077
-1.187137,-4.222244
-2.391842,-1.603209
-1.459110,-0.935600
-1.585489,-2.784092
-3.064778,-2.637328
-0.042753,-2.594164
-1.990366,-2.499918
-3.043653,-2.625798
-2.021616,-2.552979
-3.373408,-2.737053
-1.536435,-2.924099
-1.054333,-1.894089
0.219573,-1.143913
-2.890143,-1.596399
-2.160247,-1.113199
-1.155377,-1.692844
-0.861845,-2.551860
-1.764391,-1.946100
-2.189071,-1.792840
-4.004284,-0.580769
-1.360392,-2.728090
-3.109556,-0.852288
-2.215909,-2.339771
-1.043908,-1.886470
-1.818744,-1.926648
-1.007043,-2.216091
-3.523075,-1.404508
-1.640811,-3.203590
-3.377412,-1.583566
-2.194265,-2.790208
-3.730932,-0.800728
-3.453672,-0.572858
-1.173186,-2.027931
-1.260954,-1.328962
-2.038352,-2.413383
-0.983918,-1.773285
-2.585983,-2.151496
-0.651186,-3.137565
-2.071534,-3.696463
-3.559069,-1.673364
-0.521161,-3.616328
-2.177054,-2.696243
-2.337948,-1.958685
-4.000973,-0.191883
-0.747845,-2.951953
-2.499245,-1.835767
0.213847,-2.667245
-0.464880,-2.651515
-3.222641,-1.087328
-2.278153,-0.754768
-0.335945,-2.193009
-3.367475,-2.797076
-2.451083,-2.107866
-2.706210,-1.933893
-1.968919,-3.066827
-1.934622,-1.545169
-2.144604,-2.149435
-1.555221,-1.387844
-1.767562,-3.568953
-1.779684,-3.859394
-0.551429,-2.307379
-0.653797,-3.597400
-2.571348,-1.416852
-3.045677,-1.534483
-1.768111,-2.621661
-1.114063,-0.155715
-2.111721,-2.124778
-0.295783,-1.963964
-1.973960,-2.643935
-0.906901,-1.270538
-1.526504,-2.498660
0.669171,-3.688886
-1.296055,-1.791904
-2.469539,-1.371608
-1.578718,-2.357930
-0.726679,-3.048546
-2.438132,-1.479915
-2.334307,-2.271794
-2.409425,-2.687486
-0.495130,-1.440058
-1.834132,-1.680457
-1.944448,-1.989944
-2.236885,-2.004084
-2.871699,-1.844076
-0.617125,-3.186149
-3.293099,-1.356151
-2.343036,-0.984508
-2.419348,0.283034
-2.562337,-1.557477
-0.111906,-2.911567
-3.108539,-1.148940
-2.818184,-2.208451
-2.142741,-3.178958
-2.432791,-1.966836
-2.964881,-0.800374
-2.300075,-1.688497
-2.641963,0.094277
-1.702147,-1.999410
-3.813222,-1.362744
-2.436546,-1.913503
-3.009979,-0.459401
-0.702900,-3.712825
-2.769645,-0.338355
-1.586559,-3.392185
-2.094840,-1.959541
-1.979309,-2.423951
-0.363159,-1.381358
-2.012782,-2.646322
-2.488835,-1.612497
-1.326955,-2.923113
-1.732797,-1.836905
-2.778845,-2.236631
-2.081090,-1.026792
-1.456631,-3.320074
-1.738200,-2.042246
-2.244451,-1.798270
-0.254249,-2.733686
-0.465921,-2.183500
-3.567855,-1.545665
-1.624719,-1.014217
-3.358816,-2.338904
-1.550666,-1.615570
-3.523535,-0.612039
0.537080,-2.348947
-1.171703,-1.383804
-1.501579,-1.948638
-1.739393,-2.926682
-3.097311,0.037032
-1.508550,-1.556929
-1.412160,-2.586283
-2.467765,-2.290682
-2.174008,-3.714566
-0.248137,-1.923969
-0.478363,-3.556241
-2.257043,-1.992723
-2.894745,-1.380307
-2.551179,-0.899698
-0.247249,-2.591200
-2.623818,-3.167299
-2.551678,-1.735369
-2.862673,-0.041724
-0.744120,-2.306893
-2.225755,-3.431313
-2.132313,-3.196796
-1.022908,-1.046553
-1.837459,-1.701133
-1.401416,-3.138929
-2.506499,-1.562083
-0.874419,-2.122779
-1.094127,-0.850812
-3.138302,-1.996347
-2.702140,-2.501819
-4.230804,-0.758082
-2.487746,-0.557969
-1.244722,-2.426872
-1.805186,-1.362088
-2.487310,-2.180771
-2.203555,-1.232265
-2.346334,-3.959052
-2.325628,-1.301029
-1.714445,-0.966542
-2.112039,-0.594595
-2.606160,-1.249889
-0.164547,-2.294260
-2.121448,-2.484438
-3.469538,-2.366116
-1.674614,-2.954626
-0.462724,-1.602065
-2.248143,-2.390743
-1.531300,-1.614995
-0.291943,-3.593639
-1.472952,-2.257488
-1.097569,-3.082231
-2.516983,-2.753585
-3.407111,-0.177991
-2.974841,-1.379156
-2.786860,-2.414942
-1.895069,-3.003791
-1.403310,-0.889723
-1.876542,-0.311714
-2.477331,-1.102453
-1.039483,-2.637202
-1.173343,-1.994600
-0.876978,-3.231140
-1.121846,-1.091624
-0.529868,-2.301977
-2.840988,-1.414797
-2.479677,-1.770118
-1.636144,-1.610852
-3.721634,0.685802
-1.502516,-1.073785
-0.972087,-3.432477
-2.577480,-2.461076
-2.359428,-3.296531
-1.015073,-3.229932
-0.975012,-2.604193
-2.053343,-1.589581
-1.021969,-1.895666
-2.321411,-1.454063
-2.305385,-1.902146
-2.571058,-0.287278
-1.601158,-2.233914
-0.423784,-1.110664
-1.181327,-1.623383
-4.161841,0.478785
0.263646,-2.753416
-1.900325,-2.786689
-4.191695,-1.109902
-3.354343,-0.869455
0.046748,-3.162709
-0.072934,-3.972925
-0.748545,-3.579521
-2.392313,-1.185076
-1.675501,-1.315251
-2.108142,-2.108209
-2.577879,-2.083701
-2.711901,-1.217456
-2.708541,-1.468775
-2.099603,-1.235342
-0.981691,-4.479421
-1.582095,-2.549085
-2.877512,-0.668547
-1.682330,-0.775952
-3.695968,-1.312540
-3.015379,-0.879783
-1.700503,-2.592964
-1.387718,-2.471110
-1.310163,-1.453850
-3.876622,-0.528556
-0.543922,-2.788242
-2.625370,-0.994151
-1.063562,-3.728702
-2.435510,-2.180528
-0.063735,-1.791836
-0.530941,-2.262517
-2.053256,-1.338458
-3.329882,-1.359006
-1.504076,-2.023317
0.426309,-2.776677
-2.571404,-2.370539
-2.901461,-1.006924
-0.902266,-2.151905
0.223727,-3.804165
-3.551212,-1.281751
-0.678333,-2.898480
-0.289863,-1.462049
-1.638120,-2.556274
-3.360732,-2.457592
-1.491974,-1.388580
-2.503708,-2.644215
-2.581391,-3.333430
-1.193022,-1.696872
-1.109711,-2.191113
0.223408,-2.344017
-3.225836,-1.266335
-1.108271,-3.399867
-1.701196,-1.212795
0.430273,-3.224782
-2.804165,-2.359260
0.276312,-4.138837
-2.498589,-2.117727
-1.772931,-0.193147
-2.027371,-2.719286
-3.597150,-0.623541
-2.874604,-1.732644
-3.609777,-1.634714
-1.977664,-1.726384
-2.160070,-2.476271
-3.148304,-0.042832
-2.192690,-3.691160
-3.743481,-1.182614
-2.007590,-1.900545
-3.091788,-2.596590
-1.705548,-2.310215
-1.594528,-1.690653
-1.920244,-1.634516
-0.627972,-1.664941
-1.584787,-2.085940
-1.873435,-1.675550
-3.460089,-1.380783
-2.346436,-0.916346
-2.036746,-1.736478
-1.169047,-3.170613
-0.501351,-3.804791
-2.644629,-2.754206
-1.655452,-1.137380
-2.189320,-1.816162
-1.359193,-2.269230
-2.325789,-4.085983
-2.887603,-0.151676
-1.771091,-3.675007
-2.059923,-1.875663
-2.874341,-1.460648
-3.108543,-1.108104
-3.141217,-1.040227
-1.438782,-2.935655
-2.389670,-1.256493
-2.567392,-2.476410
-2.274482,-2.378400
-0.914487,-2.090207
-1.747893,-3.075256
-2.730101,-2.186102
-0.557263,-1.517188
-1.517190,-1.806967
-4.078527,0.278021
-2.298147,-1.389277
-1.655322,-2.218782
-2.300704,-2.610201
-3.626194,-2.183229
-2.146263,-2.133014
-0.791227,-2.585934
-1.319064,-3.088766
-3.592901,-2.332379
-2.951354,-1.085057
-2.421993,-2.957369
-2.065900,-1.909274
-2.708083,-1.761475
-0.998457,-2.687812
-1.247548,-2.247967
-0.709984,-2.495989
-3.373672,-0.792872
-2.791345,-0.455170
-2.298160,-1.715298
-0.929774,-1.872463
-3.385147,-1.660191
-2.506590,-2.307318
-2.036889,-1.214024
-0.687742,-3.395764
-2.321900,-1.586743
-4.331125,-1.241835
-3.615391,-1.268119
0.016214,-3.695985
-1.845206,-2.062630
-2.176795,-1.273569
-1.134420,-2.053798
-0.300784,-3.793756
-2.835186,-0.879120
-2.215268,-2.128694
-2.440993,-1.839535
-2.802629,-1.716706
-3.047775,-0.405295
-3.763920,-0.623951
-3.693012,-1.572297
-2.683156,-1.432570
-1.738488,-1.532168
-2.224480,-0.936993
-2.033809,-1.424347
-2.129993,-2.514183
-3.217011,-2.928283
-1.928002,-1.202177
-2.842515,-1.768717
0.098900,-3.442708
-1.960718,-3.326664
-3.498970,-1.856377
-0.962748,-1.259873
-1.954951,-3.110720
-2.275792,-1.397170
-0.538382,-3.409018
-2.320345,-0.279739
-1.526533,-1.977686
-1.965368,-1.026464
-1.273696,-1.430996
-0.977945,-2.241835
-2.027281,-3.762926
-1.052559,0.007890
-2.382077,-1.827071
-3.298000,-1.146648
-0.000263,-3.057060
-3.281956,-0.589157
-2.575121,-2.033704
-1.748052,-2.029600
-2.021038,-1.943162
0.802449,-4.637538
-0.612446,-2.911888
-2.635699,-0.804071
-1.422872,-3.411294
-1.515500,-1.631095
-2.680963,-0.958408
-0.577979,-2.248095
-2.176492,-2.221158
-2.339453,-3.182533
-3.014996,-1.110136
-1.096932,-2.295792
-3.548153,-2.184453
-2.232241,0.453561
-1.968641,-1.791993
-4.619228,-0.473561
-1.257594,-2.161118
-2.974882,-0.987052
-0.651356,-2.060523
-1.992632,-2.005972
-2.052392,-0.441924
-1.968450,-1.553274
-3.019373,-1.207036
-1.708901,-2.658857
-1.746833,-3.340955
-4.370815,-0.523846
-2.277968,-1.807737
-2.850092,-1.033742
-3.265878,-0.863491
-1.837025,-1.412106
-1.909038,-1.564060
-2.952493,-2.461140
-2.074207,-0.748211
-1.990423,-2.214826
-1.281191,-0.773080
-1.442329,-1.935234
-1.549769,-1.852692
0.002696,-2.206873
-2.457539,-1.821221
-1.642954,-2.078858
-2.961142,0.507707
-1.720082,-2.185759
-3.100981,-2.850854
-1.695386,-2.094487
-0.350279,-1.922646
-1.532633,-3.482615
-2.459568,-1.261651
-1.104626,-1.888156
-1.286533,-0.864314
-0.720676,-3.801051
-3.192460,-0.327093
-2.110593,-2.292889
-2.875364,-2.269452
-0.476111,-2.960605
-2.270315,-0.788820
-1.862678,-2.606279
-2.493849,-2.499639
