Sr.No.,Country,AgeGroup,Sex,MaritalStatus,DataProcess,Data Collection (Start Year),Data Collection (End Year),Data Source
1,Afghanistan,[15-19],Man,Divorced,Survey,1972,1974,National statistics
2,Afghanistan,[20-24],Man,Divorced,Survey,1972,1974,National statistics
3,Afghanistan,[25-29],Man,Divorced,Survey,1972,1974,National statistics
4,Afghanistan,[30-34],Man,Divorced,Survey,1972,1974,National statistics
5,Afghanistan,[35-39],Man,Divorced,Survey,1972,1974,National statistics
6,Afghanistan,[40-44],Man,Divorced,Survey,1972,1974,National statistics
7,Afghanistan,[45-49],Man,Divorced,Survey,1972,1974,National statistics
8,Afghanistan,[50-54],Man,Divorced,Survey,1972,1974,National statistics
9,Afghanistan,[55-59],Man,Divorced,Survey,1972,1974,National statistics
10,Afghanistan,[60-64],Man,Divorced,Survey,1972,1974,National statistics
11,Afghanistan,[65+],Man,Divorced,Survey,1972,1974,National statistics
12,Afghanistan,[15-19],Man,Married,Survey,1972,1974,National statistics
13,Afghanistan,[20-24],Man,Married,Survey,1972,1974,National statistics
14,Afghanistan,[25-29],Man,Married,Survey,1972,1974,National statistics
15,Afghanistan,[30-34],Man,Married,Survey,1972,1974,National statistics
16,Afghanistan,[35-39],Man,Married,Survey,1972,1974,National statistics
17,Afghanistan,[40-44],Man,Married,Survey,1972,1974,National statistics
18,Afghanistan,[45-49],Man,Married,Survey,1972,1974,National statistics
19,Afghanistan,[50-54],Man,Married,Survey,1972,1974,National statistics
20,Afghanistan,[55-59],Man,Married,Survey,1972,1974,National statistics
21,Afghanistan,[60-64],Man,Married,Survey,1972,1974,National statistics
22,Afghanistan,[65+],Man,Married,Survey,1972,1974,National statistics
23,Afghanistan,[15-19],Man,Single,Survey,1972,1974,National statistics
24,Afghanistan,[20-24],Man,Single,Survey,1972,1974,National statistics
25,Afghanistan,[25-29],Man,Single,Survey,1972,1974,National statistics
26,Afghanistan,[30-34],Man,Single,Survey,1972,1974,National statistics
27,Afghanistan,[35-39],Man,Single,Survey,1972,1974,National statistics
28,Afghanistan,[40-44],Man,Single,Survey,1972,1974,National statistics
29,Afghanistan,[45-49],Man,Single,Survey,1972,1974,National statistics
30,Afghanistan,[50-54],Man,Single,Survey,1972,1974,National statistics
31,Afghanistan,[55-59],Man,Single,Survey,1972,1974,National statistics
32,Afghanistan,[60-64],Man,Single,Survey,1972,1974,National statistics
33,Afghanistan,[65+],Man,Single,Survey,1972,1974,National statistics
45,Afghanistan,[15-19],Woman,Divorced,Survey,1972,1974,National statistics
46,Afghanistan,[20-24],Woman,Divorced,Survey,1972,1974,National statistics
47,Afghanistan,[25-29],Woman,Divorced,Survey,1972,1974,National statistics
48,Afghanistan,[30-34],Woman,Divorced,Survey,1972,1974,National statistics
49,Afghanistan,[35-39],Woman,Divorced,Survey,1972,1974,National statistics
50,Afghanistan,[40-44],Woman,Divorced,Survey,1972,1974,National statistics
51,Afghanistan,[45-49],Woman,Divorced,Survey,1972,1974,National statistics
52,Afghanistan,[50-54],Woman,Divorced,Survey,1972,1974,National statistics
53,Afghanistan,[55-59],Woman,Divorced,Survey,1972,1974,National statistics
54,Afghanistan,[60-64],Woman,Divorced,Survey,1972,1974,National statistics
55,Afghanistan,[65+],Woman,Divorced,Survey,1972,1974,National statistics
56,Afghanistan,[15-19],Woman,Married,Survey,1972,1974,National statistics
57,Afghanistan,[20-24],Woman,Married,Survey,1972,1974,National statistics
58,Afghanistan,[25-29],Woman,Married,Survey,1972,1974,National statistics
59,Afghanistan,[30-34],Woman,Married,Survey,1972,1974,National statistics
60,Afghanistan,[35-39],Woman,Married,Survey,1972,1974,National statistics
61,Afghanistan,[40-44],Woman,Married,Survey,1972,1974,National statistics
62,Afghanistan,[45-49],Woman,Married,Survey,1972,1974,National statistics
63,Afghanistan,[50-54],Woman,Married,Survey,1972,1974,National statistics
64,Afghanistan,[55-59],Woman,Married,Survey,1972,1974,National statistics
65,Afghanistan,[60-64],Woman,Married,Survey,1972,1974,National statistics
66,Afghanistan,[65+],Woman,Married,Survey,1972,1974,National statistics
67,Afghanistan,[15-19],Woman,Single,Survey,1972,1974,National statistics
68,Afghanistan,[20-24],Woman,Single,Survey,1972,1974,National statistics
69,Afghanistan,[25-29],Woman,Single,Survey,1972,1974,National statistics
70,Afghanistan,[30-34],Woman,Single,Survey,1972,1974,National statistics
71,Afghanistan,[35-39],Woman,Single,Survey,1972,1974,National statistics
72,Afghanistan,[40-44],Woman,Single,Survey,1972,1974,National statistics
73,Afghanistan,[45-49],Woman,Single,Survey,1972,1974,National statistics
74,Afghanistan,[50-54],Woman,Single,Survey,1972,1974,National statistics
75,Afghanistan,[55-59],Woman,Single,Survey,1972,1974,National statistics
76,Afghanistan,[60-64],Woman,Single,Survey,1972,1974,National statistics
77,Afghanistan,[65+],Woman,Single,Survey,1972,1974,National statistics
89,Afghanistan,[10-14],Man,Divorced,Census,1979,1979,UNSD
90,Afghanistan,[15-19],Man,Divorced,Census,1979,1979,UNSD
91,Afghanistan,[20-24],Man,Divorced,Census,1979,1979,UNSD
92,Afghanistan,[25-29],Man,Divorced,Census,1979,1979,UNSD
93,Afghanistan,[30-34],Man,Divorced,Census,1979,1979,UNSD
94,Afghanistan,[35-39],Man,Divorced,Census,1979,1979,UNSD
95,Afghanistan,[40-44],Man,Divorced,Census,1979,1979,UNSD
96,Afghanistan,[45-49],Man,Divorced,Census,1979,1979,UNSD
97,Afghanistan,[50-54],Man,Divorced,Census,1979,1979,UNSD
98,Afghanistan,[55-59],Man,Divorced,Census,1979,1979,UNSD
99,Afghanistan,[60-64],Man,Divorced,Census,1979,1979,UNSD
100,Afghanistan,[65+],Man,Divorced,Census,1979,1979,UNSD
101,Afghanistan,[10-14],Man,Married,Census,1979,1979,UNSD
102,Afghanistan,[15-19],Man,Married,Census,1979,1979,UNSD
103,Afghanistan,[20-24],Man,Married,Census,1979,1979,UNSD
104,Afghanistan,[25-29],Man,Married,Census,1979,1979,UNSD
105,Afghanistan,[30-34],Man,Married,Census,1979,1979,UNSD
106,Afghanistan,[35-39],Man,Married,Census,1979,1979,UNSD
107,Afghanistan,[40-44],Man,Married,Census,1979,1979,UNSD
108,Afghanistan,[45-49],Man,Married,Census,1979,1979,UNSD
109,Afghanistan,[50-54],Man,Married,Census,1979,1979,UNSD
110,Afghanistan,[55-59],Man,Married,Census,1979,1979,UNSD
111,Afghanistan,[60-64],Man,Married,Census,1979,1979,UNSD
112,Afghanistan,[65+],Man,Married,Census,1979,1979,UNSD
113,Afghanistan,[10-14],Man,Single,Census,1979,1979,UNSD
114,Afghanistan,[15-19],Man,Single,Census,1979,1979,UNSD
115,Afghanistan,[20-24],Man,Single,Census,1979,1979,UNSD
116,Afghanistan,[25-29],Man,Single,Census,1979,1979,UNSD
117,Afghanistan,[30-34],Man,Single,Census,1979,1979,UNSD
118,Afghanistan,[35-39],Man,Single,Census,1979,1979,UNSD
119,Afghanistan,[40-44],Man,Single,Census,1979,1979,UNSD
120,Afghanistan,[45-49],Man,Single,Census,1979,1979,UNSD
121,Afghanistan,[50-54],Man,Single,Census,1979,1979,UNSD
122,Afghanistan,[55-59],Man,Single,Census,1979,1979,UNSD
123,Afghanistan,[60-64],Man,Single,Census,1979,1979,UNSD
124,Afghanistan,[65+],Man,Single,Census,1979,1979,UNSD
137,Afghanistan,[10-14],Woman,Divorced,Census,1979,1979,UNSD
138,Afghanistan,[15-19],Woman,Divorced,Census,1979,1979,UNSD
139,Afghanistan,[20-24],Woman,Divorced,Census,1979,1979,UNSD
140,Afghanistan,[25-29],Woman,Divorced,Census,1979,1979,UNSD
141,Afghanistan,[30-34],Woman,Divorced,Census,1979,1979,UNSD
142,Afghanistan,[35-39],Woman,Divorced,Census,1979,1979,UNSD
143,Afghanistan,[40-44],Woman,Divorced,Census,1979,1979,UNSD
144,Afghanistan,[45-49],Woman,Divorced,Census,1979,1979,UNSD
145,Afghanistan,[50-54],Woman,Divorced,Census,1979,1979,UNSD
146,Afghanistan,[55-59],Woman,Divorced,Census,1979,1979,UNSD
147,Afghanistan,[60-64],Woman,Divorced,Census,1979,1979,UNSD
148,Afghanistan,[65+],Woman,Divorced,Census,1979,1979,UNSD
149,Afghanistan,[10-14],Woman,Married,Census,1979,1979,UNSD
150,Afghanistan,[15-19],Woman,Married,Census,1979,1979,UNSD
151,Afghanistan,[20-24],Woman,Married,Census,1979,1979,UNSD
152,Afghanistan,[25-29],Woman,Married,Census,1979,1979,UNSD
153,Afghanistan,[30-34],Woman,Married,Census,1979,1979,UNSD
154,Afghanistan,[35-39],Woman,Married,Census,1979,1979,UNSD
155,Afghanistan,[40-44],Woman,Married,Census,1979,1979,UNSD
156,Afghanistan,[45-49],Woman,Married,Census,1979,1979,UNSD
157,Afghanistan,[50-54],Woman,Married,Census,1979,1979,UNSD
158,Afghanistan,[55-59],Woman,Married,Census,1979,1979,UNSD
159,Afghanistan,[60-64],Woman,Married,Census,1979,1979,UNSD
160,Afghanistan,[65+],Woman,Married,Census,1979,1979,UNSD
161,Afghanistan,[10-14],Woman,Single,Census,1979,1979,UNSD
162,Afghanistan,[15-19],Woman,Single,Census,1979,1979,UNSD
163,Afghanistan,[20-24],Woman,Single,Census,1979,1979,UNSD
164,Afghanistan,[25-29],Woman,Single,Census,1979,1979,UNSD
165,Afghanistan,[30-34],Woman,Single,Census,1979,1979,UNSD
166,Afghanistan,[35-39],Woman,Single,Census,1979,1979,UNSD
167,Afghanistan,[40-44],Woman,Single,Census,1979,1979,UNSD
168,Afghanistan,[45-49],Woman,Single,Census,1979,1979,UNSD
169,Afghanistan,[50-54],Woman,Single,Census,1979,1979,UNSD
170,Afghanistan,[55-59],Woman,Single,Census,1979,1979,UNSD
171,Afghanistan,[60-64],Woman,Single,Census,1979,1979,UNSD
172,Afghanistan,[65+],Woman,Single,Census,1979,1979,UNSD
173,Afghanistan,[10-14],Woman,Widowed,Census,1979,1979,UNSD
174,Afghanistan,[15-19],Woman,Widowed,Census,1979,1979,UNSD
175,Afghanistan,[20-24],Woman,Widowed,Census,1979,1979,UNSD
176,Afghanistan,[25-29],Woman,Widowed,Census,1979,1979,UNSD
177,Afghanistan,[30-34],Woman,Widowed,Census,1979,1979,UNSD
178,Afghanistan,[35-39],Woman,Widowed,Census,1979,1979,UNSD
179,Afghanistan,[40-44],Woman,Widowed,Census,1979,1979,UNSD
180,Afghanistan,[45-49],Woman,Widowed,Census,1979,1979,UNSD
181,Afghanistan,[50-54],Woman,Widowed,Census,1979,1979,UNSD
182,Afghanistan,[55-59],Woman,Widowed,Census,1979,1979,UNSD
183,Afghanistan,[60-64],Woman,Widowed,Census,1979,1979,UNSD
184,Afghanistan,[65+],Woman,Widowed,Census,1979,1979,UNSD
185,Afghanistan,[15-24],Man,Divorced or Separated,Survey,2007,2008,National statistics
186,Afghanistan,[25-39],Man,Divorced or Separated,Survey,2007,2008,National statistics
187,Afghanistan,[40-64],Man,Divorced or Separated,Survey,2007,2008,National statistics
188,Afghanistan,[65+],Man,Divorced or Separated,Survey,2007,2008,National statistics
189,Afghanistan,[15-24],Man,Married,Survey,2007,2008,National statistics
190,Afghanistan,[25-39],Man,Married,Survey,2007,2008,National statistics
191,Afghanistan,[40-64],Man,Married,Survey,2007,2008,National statistics
192,Afghanistan,[65+],Man,Married,Survey,2007,2008,National statistics
193,Afghanistan,[15-24],Man,Single,Survey,2007,2008,National statistics
194,Afghanistan,[25-39],Man,Single,Survey,2007,2008,National statistics
195,Afghanistan,[40-64],Man,Single,Survey,2007,2008,National statistics
196,Afghanistan,[65+],Man,Single,Survey,2007,2008,National statistics
197,Afghanistan,[15-24],Man,Widowed,Survey,2007,2008,National statistics
198,Afghanistan,[25-39],Man,Widowed,Survey,2007,2008,National statistics
199,Afghanistan,[40-64],Man,Widowed,Survey,2007,2008,National statistics
200,Afghanistan,[65+],Man,Widowed,Survey,2007,2008,National statistics
201,Afghanistan,[15-24],Woman,Divorced or Separated,Survey,2007,2008,National statistics
202,Afghanistan,[25-39],Woman,Divorced or Separated,Survey,2007,2008,National statistics
203,Afghanistan,[40-64],Woman,Divorced or Separated,Survey,2007,2008,National statistics
204,Afghanistan,[65+],Woman,Divorced or Separated,Survey,2007,2008,National statistics
205,Afghanistan,[15-24],Woman,Married,Survey,2007,2008,National statistics
206,Afghanistan,[25-39],Woman,Married,Survey,2007,2008,National statistics
207,Afghanistan,[40-64],Woman,Married,Survey,2007,2008,National statistics
208,Afghanistan,[65+],Woman,Married,Survey,2007,2008,National statistics
209,Afghanistan,[15-24],Woman,Single,Survey,2007,2008,National statistics
210,Afghanistan,[25-39],Woman,Single,Survey,2007,2008,National statistics
211,Afghanistan,[40-64],Woman,Single,Survey,2007,2008,National statistics
212,Afghanistan,[65+],Woman,Single,Survey,2007,2008,National statistics
213,Afghanistan,[15-24],Woman,Widowed,Survey,2007,2008,National statistics
214,Afghanistan,[25-39],Woman,Widowed,Survey,2007,2008,National statistics
215,Afghanistan,[40-64],Woman,Widowed,Survey,2007,2008,National statistics
216,Afghanistan,[65+],Woman,Widowed,Survey,2007,2008,National statistics
217,Afghanistan,[15-19],Woman,Divorced,Survey,2010,2010,National statistics
218,Afghanistan,[20-24],Woman,Divorced,Survey,2010,2010,National statistics
219,Afghanistan,[25-29],Woman,Divorced,Survey,2010,2010,National statistics
220,Afghanistan,[30-34],Woman,Divorced,Survey,2010,2010,National statistics
221,Afghanistan,[35-39],Woman,Divorced,Survey,2010,2010,National statistics
222,Afghanistan,[40-44],Woman,Divorced,Survey,2010,2010,National statistics
223,Afghanistan,[45-49],Woman,Divorced,Survey,2010,2010,National statistics
224,Afghanistan,[15-19],Woman,Married,Survey,2010,2010,National statistics
225,Afghanistan,[20-24],Woman,Married,Survey,2010,2010,National statistics
226,Afghanistan,[25-29],Woman,Married,Survey,2010,2010,National statistics
227,Afghanistan,[30-34],Woman,Married,Survey,2010,2010,National statistics
228,Afghanistan,[35-39],Woman,Married,Survey,2010,2010,National statistics
229,Afghanistan,[40-44],Woman,Married,Survey,2010,2010,National statistics
230,Afghanistan,[45-49],Woman,Married,Survey,2010,2010,National statistics
231,Afghanistan,[15-19],Woman,Separated,Survey,2010,2010,National statistics
232,Afghanistan,[20-24],Woman,Separated,Survey,2010,2010,National statistics
233,Afghanistan,[25-29],Woman,Separated,Survey,2010,2010,National statistics
234,Afghanistan,[30-34],Woman,Separated,Survey,2010,2010,National statistics
235,Afghanistan,[35-39],Woman,Separated,Survey,2010,2010,National statistics
236,Afghanistan,[40-44],Woman,Separated,Survey,2010,2010,National statistics
237,Afghanistan,[45-49],Woman,Separated,Survey,2010,2010,National statistics
238,Afghanistan,[15-19],Woman,Single,Survey,2010,2010,National statistics
239,Afghanistan,[20-24],Woman,Single,Survey,2010,2010,National statistics
240,Afghanistan,[25-29],Woman,Single,Survey,2010,2010,National statistics
241,Afghanistan,[30-34],Woman,Single,Survey,2010,2010,National statistics
242,Afghanistan,[35-39],Woman,Single,Survey,2010,2010,National statistics
243,Afghanistan,[40-44],Woman,Single,Survey,2010,2010,National statistics
244,Afghanistan,[45-49],Woman,Single,Survey,2010,2010,National statistics
245,Afghanistan,[15-19],Woman,Widowed,Survey,2010,2010,National statistics
246,Afghanistan,[20-24],Woman,Widowed,Survey,2010,2010,National statistics
247,Afghanistan,[25-29],Woman,Widowed,Survey,2010,2010,National statistics
248,Afghanistan,[30-34],Woman,Widowed,Survey,2010,2010,National statistics
249,Afghanistan,[35-39],Woman,Widowed,Survey,2010,2010,National statistics
250,Afghanistan,[40-44],Woman,Widowed,Survey,2010,2010,National statistics
251,Afghanistan,[45-49],Woman,Widowed,Survey,2010,2010,National statistics
252,Afghanistan,[15-19],Woman,Divorced,Survey,2010,2011,MICS
253,Afghanistan,[20-24],Woman,Divorced,Survey,2010,2011,MICS
254,Afghanistan,[25-29],Woman,Divorced,Survey,2010,2011,MICS
255,Afghanistan,[30-34],Woman,Divorced,Survey,2010,2011,MICS
256,Afghanistan,[35-39],Woman,Divorced,Survey,2010,2011,MICS
257,Afghanistan,[40-44],Woman,Divorced,Survey,2010,2011,MICS
258,Afghanistan,[45-49],Woman,Divorced,Survey,2010,2011,MICS
259,Afghanistan,[15-19],Woman,Married,Survey,2010,2011,MICS
260,Afghanistan,[20-24],Woman,Married,Survey,2010,2011,MICS
261,Afghanistan,[25-29],Woman,Married,Survey,2010,2011,MICS
262,Afghanistan,[30-34],Woman,Married,Survey,2010,2011,MICS
263,Afghanistan,[35-39],Woman,Married,Survey,2010,2011,MICS
264,Afghanistan,[40-44],Woman,Married,Survey,2010,2011,MICS
265,Afghanistan,[45-49],Woman,Married,Survey,2010,2011,MICS
266,Afghanistan,[15-19],Woman,Never married,Survey,2010,2011,MICS
267,Afghanistan,[20-24],Woman,Never married,Survey,2010,2011,MICS
268,Afghanistan,[25-29],Woman,Never married,Survey,2010,2011,MICS
269,Afghanistan,[30-34],Woman,Never married,Survey,2010,2011,MICS
270,Afghanistan,[35-39],Woman,Never married,Survey,2010,2011,MICS
271,Afghanistan,[40-44],Woman,Never married,Survey,2010,2011,MICS
272,Afghanistan,[45-49],Woman,Never married,Survey,2010,2011,MICS
273,Afghanistan,[15-19],Woman,Not in union,Survey,2010,2011,MICS
274,Afghanistan,[20-24],Woman,Not in union,Survey,2010,2011,MICS
275,Afghanistan,[25-29],Woman,Not in union,Survey,2010,2011,MICS
276,Afghanistan,[30-34],Woman,Not in union,Survey,2010,2011,MICS
277,Afghanistan,[35-39],Woman,Not in union,Survey,2010,2011,MICS
278,Afghanistan,[40-44],Woman,Not in union,Survey,2010,2011,MICS
279,Afghanistan,[45-49],Woman,Not in union,Survey,2010,2011,MICS
280,Afghanistan,[15-19],Woman,Separated,Survey,2010,2011,MICS
281,Afghanistan,[20-24],Woman,Separated,Survey,2010,2011,MICS
282,Afghanistan,[25-29],Woman,Separated,Survey,2010,2011,MICS
283,Afghanistan,[30-34],Woman,Separated,Survey,2010,2011,MICS
284,Afghanistan,[35-39],Woman,Separated,Survey,2010,2011,MICS
285,Afghanistan,[40-44],Woman,Separated,Survey,2010,2011,MICS
286,Afghanistan,[45-49],Woman,Separated,Survey,2010,2011,MICS
287,Afghanistan,[15-19],Woman,Widowed,Survey,2010,2011,MICS
288,Afghanistan,[20-24],Woman,Widowed,Survey,2010,2011,MICS
289,Afghanistan,[25-29],Woman,Widowed,Survey,2010,2011,MICS
290,Afghanistan,[30-34],Woman,Widowed,Survey,2010,2011,MICS
291,Afghanistan,[35-39],Woman,Widowed,Survey,2010,2011,MICS
292,Afghanistan,[40-44],Woman,Widowed,Survey,2010,2011,MICS
293,Afghanistan,[45-49],Woman,Widowed,Survey,2010,2011,MICS
294,Afghanistan,[40-64],Man,Divorced or Separated,Survey,2013,2014,National statistics
295,Afghanistan,[65+],Man,Divorced or Separated,Survey,2013,2014,National statistics
296,Afghanistan,[15-24],Man,Married,Survey,2013,2014,National statistics
297,Afghanistan,[25-39],Man,Married,Survey,2013,2014,National statistics
298,Afghanistan,[40-64],Man,Married,Survey,2013,2014,National statistics
299,Afghanistan,[65+],Man,Married,Survey,2013,2014,National statistics
300,Afghanistan,[0-14],Man,Single,Survey,2013,2014,National statistics
301,Afghanistan,[15-24],Man,Single,Survey,2013,2014,National statistics
302,Afghanistan,[25-39],Man,Single,Survey,2013,2014,National statistics
303,Afghanistan,[40-64],Man,Single,Survey,2013,2014,National statistics
304,Afghanistan,[65+],Man,Single,Survey,2013,2014,National statistics
305,Afghanistan,[15-24],Man,Widowed,Survey,2013,2014,National statistics
306,Afghanistan,[25-39],Man,Widowed,Survey,2013,2014,National statistics
307,Afghanistan,[40-64],Man,Widowed,Survey,2013,2014,National statistics
308,Afghanistan,[65+],Man,Widowed,Survey,2013,2014,National statistics
309,Afghanistan,[15-24],Woman,Divorced or Separated,Survey,2013,2014,National statistics
310,Afghanistan,[25-39],Woman,Divorced or Separated,Survey,2013,2014,National statistics
311,Afghanistan,[40-64],Woman,Divorced or Separated,Survey,2013,2014,National statistics
312,Afghanistan,[65+],Woman,Divorced or Separated,Survey,2013,2014,National statistics
313,Afghanistan,[15-24],Woman,Married,Survey,2013,2014,National statistics
314,Afghanistan,[25-39],Woman,Married,Survey,2013,2014,National statistics
315,Afghanistan,[40-64],Woman,Married,Survey,2013,2014,National statistics
316,Afghanistan,[65+],Woman,Married,Survey,2013,2014,National statistics
317,Afghanistan,[0-14],Woman,Single,Survey,2013,2014,National statistics
318,Afghanistan,[15-24],Woman,Single,Survey,2013,2014,National statistics
319,Afghanistan,[25-39],Woman,Single,Survey,2013,2014,National statistics
320,Afghanistan,[40-64],Woman,Single,Survey,2013,2014,National statistics
321,Afghanistan,[65+],Woman,Single,Survey,2013,2014,National statistics
322,Afghanistan,[15-24],Woman,Widowed,Survey,2013,2014,National statistics
323,Afghanistan,[25-39],Woman,Widowed,Survey,2013,2014,National statistics
324,Afghanistan,[40-64],Woman,Widowed,Survey,2013,2014,National statistics
325,Afghanistan,[65+],Woman,Widowed,Survey,2013,2014,National statistics
326,Afghanistan,[15-19],Man,Divorced,Survey,2015,2016,DHS_HH
327,Afghanistan,[20-24],Man,Divorced,Survey,2015,2016,DHS_HH
328,Afghanistan,[25-29],Man,Divorced,Survey,2015,2016,DHS_HH
329,Afghanistan,[30-34],Man,Divorced,Survey,2015,2016,DHS_HH
330,Afghanistan,[35-39],Man,Divorced,Survey,2015,2016,DHS_HH
331,Afghanistan,[40-44],Man,Divorced,Survey,2015,2016,DHS_HH
332,Afghanistan,[45-49],Man,Divorced,Survey,2015,2016,DHS_HH
333,Afghanistan,[50-54],Man,Divorced,Survey,2015,2016,DHS_HH
334,Afghanistan,[55-59],Man,Divorced,Survey,2015,2016,DHS_HH
335,Afghanistan,[60-64],Man,Divorced,Survey,2015,2016,DHS_HH
336,Afghanistan,[65-69],Man,Divorced,Survey,2015,2016,DHS_HH
337,Afghanistan,[70-74],Man,Divorced,Survey,2015,2016,DHS_HH
338,Afghanistan,[75+],Man,Divorced,Survey,2015,2016,DHS_HH
339,Afghanistan,[15-19],Man,Married,Survey,2015,2016,DHS_HH
340,Afghanistan,[20-24],Man,Married,Survey,2015,2016,DHS_HH
341,Afghanistan,[25-29],Man,Married,Survey,2015,2016,DHS_HH
342,Afghanistan,[30-34],Man,Married,Survey,2015,2016,DHS_HH
343,Afghanistan,[35-39],Man,Married,Survey,2015,2016,DHS_HH
344,Afghanistan,[40-44],Man,Married,Survey,2015,2016,DHS_HH
345,Afghanistan,[45-49],Man,Married,Survey,2015,2016,DHS_HH
346,Afghanistan,[50-54],Man,Married,Survey,2015,2016,DHS_HH
347,Afghanistan,[55-59],Man,Married,Survey,2015,2016,DHS_HH
348,Afghanistan,[60-64],Man,Married,Survey,2015,2016,DHS_HH
349,Afghanistan,[65-69],Man,Married,Survey,2015,2016,DHS_HH
350,Afghanistan,[70-74],Man,Married,Survey,2015,2016,DHS_HH
351,Afghanistan,[75+],Man,Married,Survey,2015,2016,DHS_HH
352,Afghanistan,[15-19],Man,Never married,Survey,2015,2016,DHS_HH
353,Afghanistan,[20-24],Man,Never married,Survey,2015,2016,DHS_HH
354,Afghanistan,[25-29],Man,Never married,Survey,2015,2016,DHS_HH
355,Afghanistan,[30-34],Man,Never married,Survey,2015,2016,DHS_HH
356,Afghanistan,[35-39],Man,Never married,Survey,2015,2016,DHS_HH
357,Afghanistan,[40-44],Man,Never married,Survey,2015,2016,DHS_HH
358,Afghanistan,[45-49],Man,Never married,Survey,2015,2016,DHS_HH
359,Afghanistan,[50-54],Man,Never married,Survey,2015,2016,DHS_HH
360,Afghanistan,[55-59],Man,Never married,Survey,2015,2016,DHS_HH
361,Afghanistan,[60-64],Man,Never married,Survey,2015,2016,DHS_HH
362,Afghanistan,[65-69],Man,Never married,Survey,2015,2016,DHS_HH
363,Afghanistan,[70-74],Man,Never married,Survey,2015,2016,DHS_HH
364,Afghanistan,[75+],Man,Never married,Survey,2015,2016,DHS_HH
365,Afghanistan,[15-19],Man,Widowed,Survey,2015,2016,DHS_HH
366,Afghanistan,[20-24],Man,Widowed,Survey,2015,2016,DHS_HH
367,Afghanistan,[25-29],Man,Widowed,Survey,2015,2016,DHS_HH
368,Afghanistan,[30-34],Man,Widowed,Survey,2015,2016,DHS_HH
369,Afghanistan,[35-39],Man,Widowed,Survey,2015,2016,DHS_HH
370,Afghanistan,[40-44],Man,Widowed,Survey,2015,2016,DHS_HH
371,Afghanistan,[45-49],Man,Widowed,Survey,2015,2016,DHS_HH
372,Afghanistan,[50-54],Man,Widowed,Survey,2015,2016,DHS_HH
373,Afghanistan,[55-59],Man,Widowed,Survey,2015,2016,DHS_HH
374,Afghanistan,[60-64],Man,Widowed,Survey,2015,2016,DHS_HH
375,Afghanistan,[65-69],Man,Widowed,Survey,2015,2016,DHS_HH
376,Afghanistan,[70-74],Man,Widowed,Survey,2015,2016,DHS_HH
377,Afghanistan,[75+],Man,Widowed,Survey,2015,2016,DHS_HH
378,Afghanistan,[15-19],Woman,Divorced,Survey,2015,2016,DHS_HH
379,Afghanistan,[20-24],Woman,Divorced,Survey,2015,2016,DHS_HH
380,Afghanistan,[25-29],Woman,Divorced,Survey,2015,2016,DHS_HH
381,Afghanistan,[30-34],Woman,Divorced,Survey,2015,2016,DHS_HH
382,Afghanistan,[35-39],Woman,Divorced,Survey,2015,2016,DHS_HH
383,Afghanistan,[40-44],Woman,Divorced,Survey,2015,2016,DHS_HH
384,Afghanistan,[45-49],Woman,Divorced,Survey,2015,2016,DHS_HH
385,Afghanistan,[50-54],Woman,Divorced,Survey,2015,2016,DHS_HH
386,Afghanistan,[55-59],Woman,Divorced,Survey,2015,2016,DHS_HH
387,Afghanistan,[60-64],Woman,Divorced,Survey,2015,2016,DHS_HH
388,Afghanistan,[65-69],Woman,Divorced,Survey,2015,2016,DHS_HH
389,Afghanistan,[70-74],Woman,Divorced,Survey,2015,2016,DHS_HH
390,Afghanistan,[75+],Woman,Divorced,Survey,2015,2016,DHS_HH
391,Afghanistan,[15-19],Woman,Married,Survey,2015,2016,DHS_HH
392,Afghanistan,[20-24],Woman,Married,Survey,2015,2016,DHS_HH
393,Afghanistan,[25-29],Woman,Married,Survey,2015,2016,DHS_HH
394,Afghanistan,[30-34],Woman,Married,Survey,2015,2016,DHS_HH
395,Afghanistan,[35-39],Woman,Married,Survey,2015,2016,DHS_HH
396,Afghanistan,[40-44],Woman,Married,Survey,2015,2016,DHS_HH
397,Afghanistan,[45-49],Woman,Married,Survey,2015,2016,DHS_HH
398,Afghanistan,[50-54],Woman,Married,Survey,2015,2016,DHS_HH
399,Afghanistan,[55-59],Woman,Married,Survey,2015,2016,DHS_HH
400,Afghanistan,[60-64],Woman,Married,Survey,2015,2016,DHS_HH
401,Afghanistan,[65-69],Woman,Married,Survey,2015,2016,DHS_HH
402,Afghanistan,[70-74],Woman,Married,Survey,2015,2016,DHS_HH
403,Afghanistan,[75+],Woman,Married,Survey,2015,2016,DHS_HH
404,Afghanistan,[15-19],Woman,Never married,Survey,2015,2016,DHS_HH
405,Afghanistan,[20-24],Woman,Never married,Survey,2015,2016,DHS_HH
406,Afghanistan,[25-29],Woman,Never married,Survey,2015,2016,DHS_HH
407,Afghanistan,[30-34],Woman,Never married,Survey,2015,2016,DHS_HH
408,Afghanistan,[35-39],Woman,Never married,Survey,2015,2016,DHS_HH
409,Afghanistan,[40-44],Woman,Never married,Survey,2015,2016,DHS_HH
410,Afghanistan,[45-49],Woman,Never married,Survey,2015,2016,DHS_HH
411,Afghanistan,[50-54],Woman,Never married,Survey,2015,2016,DHS_HH
412,Afghanistan,[55-59],Woman,Never married,Survey,2015,2016,DHS_HH
413,Afghanistan,[60-64],Woman,Never married,Survey,2015,2016,DHS_HH
414,Afghanistan,[65-69],Woman,Never married,Survey,2015,2016,DHS_HH
415,Afghanistan,[70-74],Woman,Never married,Survey,2015,2016,DHS_HH
416,Afghanistan,[75+],Woman,Never married,Survey,2015,2016,DHS_HH
417,Afghanistan,[15-19],Woman,Widowed,Survey,2015,2016,DHS_HH
418,Afghanistan,[20-24],Woman,Widowed,Survey,2015,2016,DHS_HH
419,Afghanistan,[25-29],Woman,Widowed,Survey,2015,2016,DHS_HH
420,Afghanistan,[30-34],Woman,Widowed,Survey,2015,2016,DHS_HH
421,Afghanistan,[35-39],Woman,Widowed,Survey,2015,2016,DHS_HH
422,Afghanistan,[40-44],Woman,Widowed,Survey,2015,2016,DHS_HH
423,Afghanistan,[45-49],Woman,Widowed,Survey,2015,2016,DHS_HH
424,Afghanistan,[50-54],Woman,Widowed,Survey,2015,2016,DHS_HH
425,Afghanistan,[55-59],Woman,Widowed,Survey,2015,2016,DHS_HH
426,Afghanistan,[60-64],Woman,Widowed,Survey,2015,2016,DHS_HH
427,Afghanistan,[65-69],Woman,Widowed,Survey,2015,2016,DHS_HH
428,Afghanistan,[70-74],Woman,Widowed,Survey,2015,2016,DHS_HH
429,Afghanistan,[75+],Woman,Widowed,Survey,2015,2016,DHS_HH
430,Afghanistan,[15-19],Man,Divorced,Survey,2015,2016,DHS_STATcompiler
431,Afghanistan,[20-24],Man,Divorced,Survey,2015,2016,DHS_STATcompiler
432,Afghanistan,[25-29],Man,Divorced,Survey,2015,2016,DHS_STATcompiler
433,Afghanistan,[30-34],Man,Divorced,Survey,2015,2016,DHS_STATcompiler
434,Afghanistan,[35-39],Man,Divorced,Survey,2015,2016,DHS_STATcompiler
435,Afghanistan,[40-44],Man,Divorced,Survey,2015,2016,DHS_STATcompiler
436,Afghanistan,[45-49],Man,Divorced,Survey,2015,2016,DHS_STATcompiler
437,Afghanistan,[15-19],Man,Married,Survey,2015,2016,DHS_STATcompiler
438,Afghanistan,[20-24],Man,Married,Survey,2015,2016,DHS_STATcompiler
439,Afghanistan,[25-29],Man,Married,Survey,2015,2016,DHS_STATcompiler
440,Afghanistan,[30-34],Man,Married,Survey,2015,2016,DHS_STATcompiler
441,Afghanistan,[35-39],Man,Married,Survey,2015,2016,DHS_STATcompiler
442,Afghanistan,[40-44],Man,Married,Survey,2015,2016,DHS_STATcompiler
443,Afghanistan,[45-49],Man,Married,Survey,2015,2016,DHS_STATcompiler
444,Afghanistan,[15-19],Man,Never married,Survey,2015,2016,DHS_STATcompiler
445,Afghanistan,[20-24],Man,Never married,Survey,2015,2016,DHS_STATcompiler
446,Afghanistan,[25-29],Man,Never married,Survey,2015,2016,DHS_STATcompiler
447,Afghanistan,[30-34],Man,Never married,Survey,2015,2016,DHS_STATcompiler
448,Afghanistan,[35-39],Man,Never married,Survey,2015,2016,DHS_STATcompiler
449,Afghanistan,[40-44],Man,Never married,Survey,2015,2016,DHS_STATcompiler
450,Afghanistan,[45-49],Man,Never married,Survey,2015,2016,DHS_STATcompiler
451,Afghanistan,[15-19],Man,Not living together,Survey,2015,2016,DHS_STATcompiler
452,Afghanistan,[20-24],Man,Not living together,Survey,2015,2016,DHS_STATcompiler
453,Afghanistan,[25-29],Man,Not living together,Survey,2015,2016,DHS_STATcompiler
454,Afghanistan,[30-34],Man,Not living together,Survey,2015,2016,DHS_STATcompiler
455,Afghanistan,[35-39],Man,Not living together,Survey,2015,2016,DHS_STATcompiler
456,Afghanistan,[40-44],Man,Not living together,Survey,2015,2016,DHS_STATcompiler
457,Afghanistan,[45-49],Man,Not living together,Survey,2015,2016,DHS_STATcompiler
458,Afghanistan,[15-19],Man,Widowed,Survey,2015,2016,DHS_STATcompiler
459,Afghanistan,[20-24],Man,Widowed,Survey,2015,2016,DHS_STATcompiler
460,Afghanistan,[25-29],Man,Widowed,Survey,2015,2016,DHS_STATcompiler
461,Afghanistan,[30-34],Man,Widowed,Survey,2015,2016,DHS_STATcompiler
462,Afghanistan,[35-39],Man,Widowed,Survey,2015,2016,DHS_STATcompiler
463,Afghanistan,[40-44],Man,Widowed,Survey,2015,2016,DHS_STATcompiler
464,Afghanistan,[45-49],Man,Widowed,Survey,2015,2016,DHS_STATcompiler
465,Afghanistan,[15-19],Woman,Divorced,Survey,2015,2016,DHS_STATcompiler
466,Afghanistan,[20-24],Woman,Divorced,Survey,2015,2016,DHS_STATcompiler
467,Afghanistan,[25-29],Woman,Divorced,Survey,2015,2016,DHS_STATcompiler
468,Afghanistan,[30-34],Woman,Divorced,Survey,2015,2016,DHS_STATcompiler
469,Afghanistan,[35-39],Woman,Divorced,Survey,2015,2016,DHS_STATcompiler
470,Afghanistan,[40-44],Woman,Divorced,Survey,2015,2016,DHS_STATcompiler
471,Afghanistan,[45-49],Woman,Divorced,Survey,2015,2016,DHS_STATcompiler
472,Afghanistan,[15-19],Woman,Married,Survey,2015,2016,DHS_STATcompiler
473,Afghanistan,[20-24],Woman,Married,Survey,2015,2016,DHS_STATcompiler
474,Afghanistan,[25-29],Woman,Married,Survey,2015,2016,DHS_STATcompiler
475,Afghanistan,[30-34],Woman,Married,Survey,2015,2016,DHS_STATcompiler
476,Afghanistan,[35-39],Woman,Married,Survey,2015,2016,DHS_STATcompiler
477,Afghanistan,[40-44],Woman,Married,Survey,2015,2016,DHS_STATcompiler
478,Afghanistan,[45-49],Woman,Married,Survey,2015,2016,DHS_STATcompiler
479,Afghanistan,[15-19],Woman,Never married,Survey,2015,2016,DHS_STATcompiler
480,Afghanistan,[20-24],Woman,Never married,Survey,2015,2016,DHS_STATcompiler
481,Afghanistan,[25-29],Woman,Never married,Survey,2015,2016,DHS_STATcompiler
482,Afghanistan,[30-34],Woman,Never married,Survey,2015,2016,DHS_STATcompiler
483,Afghanistan,[35-39],Woman,Never married,Survey,2015,2016,DHS_STATcompiler
484,Afghanistan,[40-44],Woman,Never married,Survey,2015,2016,DHS_STATcompiler
485,Afghanistan,[45-49],Woman,Never married,Survey,2015,2016,DHS_STATcompiler
486,Afghanistan,[15-19],Woman,Not living together,Survey,2015,2016,DHS_STATcompiler
487,Afghanistan,[20-24],Woman,Not living together,Survey,2015,2016,DHS_STATcompiler
488,Afghanistan,[25-29],Woman,Not living together,Survey,2015,2016,DHS_STATcompiler
489,Afghanistan,[30-34],Woman,Not living together,Survey,2015,2016,DHS_STATcompiler
490,Afghanistan,[35-39],Woman,Not living together,Survey,2015,2016,DHS_STATcompiler
491,Afghanistan,[40-44],Woman,Not living together,Survey,2015,2016,DHS_STATcompiler
492,Afghanistan,[45-49],Woman,Not living together,Survey,2015,2016,DHS_STATcompiler
493,Afghanistan,[15-19],Woman,Widowed,Survey,2015,2016,DHS_STATcompiler
494,Afghanistan,[20-24],Woman,Widowed,Survey,2015,2016,DHS_STATcompiler
495,Afghanistan,[25-29],Woman,Widowed,Survey,2015,2016,DHS_STATcompiler
496,Afghanistan,[30-34],Woman,Widowed,Survey,2015,2016,DHS_STATcompiler
497,Afghanistan,[35-39],Woman,Widowed,Survey,2015,2016,DHS_STATcompiler
498,Afghanistan,[40-44],Woman,Widowed,Survey,2015,2016,DHS_STATcompiler
499,Afghanistan,[45-49],Woman,Widowed,Survey,2015,2016,DHS_STATcompiler
500,Albania,[15-19],Man,Divorced or Separated,Census,1989,1989,US Census Bureau
501,Albania,[20-24],Man,Divorced or Separated,Census,1989,1989,US Census Bureau
502,Albania,[25-29],Man,Divorced or Separated,Census,1989,1989,US Census Bureau
503,Albania,[30-34],Man,Divorced or Separated,Census,1989,1989,US Census Bureau
504,Albania,[35-39],Man,Divorced or Separated,Census,1989,1989,US Census Bureau
505,Albania,[40-44],Man,Divorced or Separated,Census,1989,1989,US Census Bureau
506,Albania,[45-49],Man,Divorced or Separated,Census,1989,1989,US Census Bureau
507,Albania,[50-54],Man,Divorced or Separated,Census,1989,1989,US Census Bureau
508,Albania,[55-59],Man,Divorced or Separated,Census,1989,1989,US Census Bureau
509,Albania,[60-64],Man,Divorced or Separated,Census,1989,1989,US Census Bureau
510,Albania,[65+],Man,Divorced or Separated,Census,1989,1989,US Census Bureau
511,Albania,[15-19],Man,Married,Census,1989,1989,US Census Bureau
512,Albania,[20-24],Man,Married,Census,1989,1989,US Census Bureau
513,Albania,[25-29],Man,Married,Census,1989,1989,US Census Bureau
514,Albania,[30-34],Man,Married,Census,1989,1989,US Census Bureau
515,Albania,[35-39],Man,Married,Census,1989,1989,US Census Bureau
516,Albania,[40-44],Man,Married,Census,1989,1989,US Census Bureau
517,Albania,[45-49],Man,Married,Census,1989,1989,US Census Bureau
518,Albania,[50-54],Man,Married,Census,1989,1989,US Census Bureau
519,Albania,[55-59],Man,Married,Census,1989,1989,US Census Bureau
520,Albania,[60-64],Man,Married,Census,1989,1989,US Census Bureau
521,Albania,[65+],Man,Married,Census,1989,1989,US Census Bureau
522,Albania,[15-19],Man,Single,Census,1989,1989,US Census Bureau
523,Albania,[20-24],Man,Single,Census,1989,1989,US Census Bureau
524,Albania,[25-29],Man,Single,Census,1989,1989,US Census Bureau
525,Albania,[30-34],Man,Single,Census,1989,1989,US Census Bureau
526,Albania,[35-39],Man,Single,Census,1989,1989,US Census Bureau
527,Albania,[40-44],Man,Single,Census,1989,1989,US Census Bureau
528,Albania,[45-49],Man,Single,Census,1989,1989,US Census Bureau
529,Albania,[50-54],Man,Single,Census,1989,1989,US Census Bureau
530,Albania,[55-59],Man,Single,Census,1989,1989,US Census Bureau
531,Albania,[60-64],Man,Single,Census,1989,1989,US Census Bureau
532,Albania,[65+],Man,Single,Census,1989,1989,US Census Bureau
533,Albania,[15-19],Man,Widowed,Census,1989,1989,US Census Bureau
534,Albania,[20-24],Man,Widowed,Census,1989,1989,US Census Bureau
535,Albania,[25-29],Man,Widowed,Census,1989,1989,US Census Bureau
536,Albania,[30-34],Man,Widowed,Census,1989,1989,US Census Bureau
537,Albania,[35-39],Man,Widowed,Census,1989,1989,US Census Bureau
538,Albania,[40-44],Man,Widowed,Census,1989,1989,US Census Bureau
539,Albania,[45-49],Man,Widowed,Census,1989,1989,US Census Bureau
540,Albania,[50-54],Man,Widowed,Census,1989,1989,US Census Bureau
541,Albania,[55-59],Man,Widowed,Census,1989,1989,US Census Bureau
542,Albania,[60-64],Man,Widowed,Census,1989,1989,US Census Bureau
543,Albania,[65+],Man,Widowed,Census,1989,1989,US Census Bureau
544,Albania,[15-19],Woman,Divorced or Separated,Census,1989,1989,US Census Bureau
545,Albania,[20-24],Woman,Divorced or Separated,Census,1989,1989,US Census Bureau
546,Albania,[25-29],Woman,Divorced or Separated,Census,1989,1989,US Census Bureau
547,Albania,[30-34],Woman,Divorced or Separated,Census,1989,1989,US Census Bureau
548,Albania,[35-39],Woman,Divorced or Separated,Census,1989,1989,US Census Bureau
549,Albania,[40-44],Woman,Divorced or Separated,Census,1989,1989,US Census Bureau
550,Albania,[45-49],Woman,Divorced or Separated,Census,1989,1989,US Census Bureau
551,Albania,[50-54],Woman,Divorced or Separated,Census,1989,1989,US Census Bureau
552,Albania,[55-59],Woman,Divorced or Separated,Census,1989,1989,US Census Bureau
553,Albania,[60-64],Woman,Divorced or Separated,Census,1989,1989,US Census Bureau
554,Albania,[65+],Woman,Divorced or Separated,Census,1989,1989,US Census Bureau
555,Albania,[15-19],Woman,Married,Census,1989,1989,US Census Bureau
556,Albania,[20-24],Woman,Married,Census,1989,1989,US Census Bureau
557,Albania,[25-29],Woman,Married,Census,1989,1989,US Census Bureau
558,Albania,[30-34],Woman,Married,Census,1989,1989,US Census Bureau
559,Albania,[35-39],Woman,Married,Census,1989,1989,US Census Bureau
560,Albania,[40-44],Woman,Married,Census,1989,1989,US Census Bureau
561,Albania,[45-49],Woman,Married,Census,1989,1989,US Census Bureau
562,Albania,[50-54],Woman,Married,Census,1989,1989,US Census Bureau
563,Albania,[55-59],Woman,Married,Census,1989,1989,US Census Bureau
564,Albania,[60-64],Woman,Married,Census,1989,1989,US Census Bureau
565,Albania,[65+],Woman,Married,Census,1989,1989,US Census Bureau
566,Albania,[15-19],Woman,Single,Census,1989,1989,US Census Bureau
567,Albania,[20-24],Woman,Single,Census,1989,1989,US Census Bureau
568,Albania,[25-29],Woman,Single,Census,1989,1989,US Census Bureau
569,Albania,[30-34],Woman,Single,Census,1989,1989,US Census Bureau
570,Albania,[35-39],Woman,Single,Census,1989,1989,US Census Bureau
571,Albania,[40-44],Woman,Single,Census,1989,1989,US Census Bureau
572,Albania,[45-49],Woman,Single,Census,1989,1989,US Census Bureau
573,Albania,[50-54],Woman,Single,Census,1989,1989,US Census Bureau
574,Albania,[55-59],Woman,Single,Census,1989,1989,US Census Bureau
575,Albania,[60-64],Woman,Single,Census,1989,1989,US Census Bureau
576,Albania,[65+],Woman,Single,Census,1989,1989,US Census Bureau
577,Albania,[15-19],Woman,Widowed,Census,1989,1989,US Census Bureau
578,Albania,[20-24],Woman,Widowed,Census,1989,1989,US Census Bureau
579,Albania,[25-29],Woman,Widowed,Census,1989,1989,US Census Bureau
580,Albania,[30-34],Woman,Widowed,Census,1989,1989,US Census Bureau
581,Albania,[35-39],Woman,Widowed,Census,1989,1989,US Census Bureau
582,Albania,[40-44],Woman,Widowed,Census,1989,1989,US Census Bureau
583,Albania,[45-49],Woman,Widowed,Census,1989,1989,US Census Bureau
584,Albania,[50-54],Woman,Widowed,Census,1989,1989,US Census Bureau
585,Albania,[55-59],Woman,Widowed,Census,1989,1989,US Census Bureau
586,Albania,[60-64],Woman,Widowed,Census,1989,1989,US Census Bureau
587,Albania,[65+],Woman,Widowed,Census,1989,1989,US Census Bureau
588,Albania,[15-19],Woman,Divorced,Survey,2000,2000,MICS
589,Albania,[20-24],Woman,Divorced,Survey,2000,2000,MICS
590,Albania,[25-29],Woman,Divorced,Survey,2000,2000,MICS
591,Albania,[30-34],Woman,Divorced,Survey,2000,2000,MICS
592,Albania,[35-39],Woman,Divorced,Survey,2000,2000,MICS
593,Albania,[40-44],Woman,Divorced,Survey,2000,2000,MICS
594,Albania,[45-49],Woman,Divorced,Survey,2000,2000,MICS
595,Albania,[15-19],Woman,Married,Survey,2000,2000,MICS
596,Albania,[20-24],Woman,Married,Survey,2000,2000,MICS
597,Albania,[25-29],Woman,Married,Survey,2000,2000,MICS
598,Albania,[30-34],Woman,Married,Survey,2000,2000,MICS
599,Albania,[35-39],Woman,Married,Survey,2000,2000,MICS
600,Albania,[40-44],Woman,Married,Survey,2000,2000,MICS
601,Albania,[45-49],Woman,Married,Survey,2000,2000,MICS
602,Albania,[15-19],Woman,Never married,Survey,2000,2000,MICS
603,Albania,[20-24],Woman,Never married,Survey,2000,2000,MICS
604,Albania,[25-29],Woman,Never married,Survey,2000,2000,MICS
605,Albania,[30-34],Woman,Never married,Survey,2000,2000,MICS
606,Albania,[35-39],Woman,Never married,Survey,2000,2000,MICS
607,Albania,[40-44],Woman,Never married,Survey,2000,2000,MICS
608,Albania,[45-49],Woman,Never married,Survey,2000,2000,MICS
609,Albania,[15-19],Woman,Separated,Survey,2000,2000,MICS
610,Albania,[20-24],Woman,Separated,Survey,2000,2000,MICS
611,Albania,[25-29],Woman,Separated,Survey,2000,2000,MICS
612,Albania,[30-34],Woman,Separated,Survey,2000,2000,MICS
613,Albania,[35-39],Woman,Separated,Survey,2000,2000,MICS
614,Albania,[40-44],Woman,Separated,Survey,2000,2000,MICS
615,Albania,[45-49],Woman,Separated,Survey,2000,2000,MICS
616,Albania,[15-19],Woman,Widowed,Survey,2000,2000,MICS
617,Albania,[20-24],Woman,Widowed,Survey,2000,2000,MICS
618,Albania,[25-29],Woman,Widowed,Survey,2000,2000,MICS
619,Albania,[30-34],Woman,Widowed,Survey,2000,2000,MICS
620,Albania,[35-39],Woman,Widowed,Survey,2000,2000,MICS
621,Albania,[40-44],Woman,Widowed,Survey,2000,2000,MICS
622,Albania,[45-49],Woman,Widowed,Survey,2000,2000,MICS
623,Albania,[15-19],Man,Divorced,Survey,2000,2000,MICS_HH
624,Albania,[20-24],Man,Divorced,Survey,2000,2000,MICS_HH
625,Albania,[25-29],Man,Divorced,Survey,2000,2000,MICS_HH
626,Albania,[30-34],Man,Divorced,Survey,2000,2000,MICS_HH
627,Albania,[35-39],Man,Divorced,Survey,2000,2000,MICS_HH
628,Albania,[40-44],Man,Divorced,Survey,2000,2000,MICS_HH
629,Albania,[45-49],Man,Divorced,Survey,2000,2000,MICS_HH
630,Albania,[50-54],Man,Divorced,Survey,2000,2000,MICS_HH
631,Albania,[55-59],Man,Divorced,Survey,2000,2000,MICS_HH
632,Albania,[60-64],Man,Divorced,Survey,2000,2000,MICS_HH
633,Albania,[65-69],Man,Divorced,Survey,2000,2000,MICS_HH
634,Albania,[70-74],Man,Divorced,Survey,2000,2000,MICS_HH
635,Albania,[75+],Man,Divorced,Survey,2000,2000,MICS_HH
636,Albania,[15-19],Man,Married or Living together,Survey,2000,2000,MICS_HH
637,Albania,[20-24],Man,Married or Living together,Survey,2000,2000,MICS_HH
638,Albania,[25-29],Man,Married or Living together,Survey,2000,2000,MICS_HH
639,Albania,[30-34],Man,Married or Living together,Survey,2000,2000,MICS_HH
640,Albania,[35-39],Man,Married or Living together,Survey,2000,2000,MICS_HH
641,Albania,[40-44],Man,Married or Living together,Survey,2000,2000,MICS_HH
642,Albania,[45-49],Man,Married or Living together,Survey,2000,2000,MICS_HH
643,Albania,[50-54],Man,Married or Living together,Survey,2000,2000,MICS_HH
644,Albania,[55-59],Man,Married or Living together,Survey,2000,2000,MICS_HH
645,Albania,[60-64],Man,Married or Living together,Survey,2000,2000,MICS_HH
646,Albania,[65-69],Man,Married or Living together,Survey,2000,2000,MICS_HH
647,Albania,[70-74],Man,Married or Living together,Survey,2000,2000,MICS_HH
648,Albania,[75+],Man,Married or Living together,Survey,2000,2000,MICS_HH
649,Albania,[15-19],Man,Never married,Survey,2000,2000,MICS_HH
650,Albania,[20-24],Man,Never married,Survey,2000,2000,MICS_HH
651,Albania,[25-29],Man,Never married,Survey,2000,2000,MICS_HH
652,Albania,[30-34],Man,Never married,Survey,2000,2000,MICS_HH
653,Albania,[35-39],Man,Never married,Survey,2000,2000,MICS_HH
654,Albania,[40-44],Man,Never married,Survey,2000,2000,MICS_HH
655,Albania,[45-49],Man,Never married,Survey,2000,2000,MICS_HH
656,Albania,[50-54],Man,Never married,Survey,2000,2000,MICS_HH
657,Albania,[55-59],Man,Never married,Survey,2000,2000,MICS_HH
658,Albania,[60-64],Man,Never married,Survey,2000,2000,MICS_HH
659,Albania,[65-69],Man,Never married,Survey,2000,2000,MICS_HH
660,Albania,[70-74],Man,Never married,Survey,2000,2000,MICS_HH
661,Albania,[75+],Man,Never married,Survey,2000,2000,MICS_HH
662,Albania,[15-19],Man,Separated,Survey,2000,2000,MICS_HH
663,Albania,[20-24],Man,Separated,Survey,2000,2000,MICS_HH
664,Albania,[25-29],Man,Separated,Survey,2000,2000,MICS_HH
665,Albania,[30-34],Man,Separated,Survey,2000,2000,MICS_HH
666,Albania,[35-39],Man,Separated,Survey,2000,2000,MICS_HH
667,Albania,[40-44],Man,Separated,Survey,2000,2000,MICS_HH
668,Albania,[45-49],Man,Separated,Survey,2000,2000,MICS_HH
669,Albania,[50-54],Man,Separated,Survey,2000,2000,MICS_HH
670,Albania,[55-59],Man,Separated,Survey,2000,2000,MICS_HH
671,Albania,[60-64],Man,Separated,Survey,2000,2000,MICS_HH
672,Albania,[65-69],Man,Separated,Survey,2000,2000,MICS_HH
673,Albania,[70-74],Man,Separated,Survey,2000,2000,MICS_HH
674,Albania,[75+],Man,Separated,Survey,2000,2000,MICS_HH
675,Albania,[15-19],Man,Widowed,Survey,2000,2000,MICS_HH
676,Albania,[20-24],Man,Widowed,Survey,2000,2000,MICS_HH
677,Albania,[25-29],Man,Widowed,Survey,2000,2000,MICS_HH
678,Albania,[30-34],Man,Widowed,Survey,2000,2000,MICS_HH
679,Albania,[35-39],Man,Widowed,Survey,2000,2000,MICS_HH
680,Albania,[40-44],Man,Widowed,Survey,2000,2000,MICS_HH
681,Albania,[45-49],Man,Widowed,Survey,2000,2000,MICS_HH
682,Albania,[50-54],Man,Widowed,Survey,2000,2000,MICS_HH
683,Albania,[55-59],Man,Widowed,Survey,2000,2000,MICS_HH
684,Albania,[60-64],Man,Widowed,Survey,2000,2000,MICS_HH
685,Albania,[65-69],Man,Widowed,Survey,2000,2000,MICS_HH
686,Albania,[70-74],Man,Widowed,Survey,2000,2000,MICS_HH
687,Albania,[75+],Man,Widowed,Survey,2000,2000,MICS_HH
688,Albania,[15-19],Woman,Divorced,Survey,2000,2000,MICS_HH
689,Albania,[20-24],Woman,Divorced,Survey,2000,2000,MICS_HH
690,Albania,[25-29],Woman,Divorced,Survey,2000,2000,MICS_HH
691,Albania,[30-34],Woman,Divorced,Survey,2000,2000,MICS_HH
692,Albania,[35-39],Woman,Divorced,Survey,2000,2000,MICS_HH
693,Albania,[40-44],Woman,Divorced,Survey,2000,2000,MICS_HH
694,Albania,[45-49],Woman,Divorced,Survey,2000,2000,MICS_HH
695,Albania,[50-54],Woman,Divorced,Survey,2000,2000,MICS_HH
696,Albania,[55-59],Woman,Divorced,Survey,2000,2000,MICS_HH
697,Albania,[60-64],Woman,Divorced,Survey,2000,2000,MICS_HH
698,Albania,[65-69],Woman,Divorced,Survey,2000,2000,MICS_HH
699,Albania,[70-74],Woman,Divorced,Survey,2000,2000,MICS_HH
700,Albania,[75+],Woman,Divorced,Survey,2000,2000,MICS_HH
701,Albania,[15-19],Woman,Married or Living together,Survey,2000,2000,MICS_HH
702,Albania,[20-24],Woman,Married or Living together,Survey,2000,2000,MICS_HH
703,Albania,[25-29],Woman,Married or Living together,Survey,2000,2000,MICS_HH
704,Albania,[30-34],Woman,Married or Living together,Survey,2000,2000,MICS_HH
705,Albania,[35-39],Woman,Married or Living together,Survey,2000,2000,MICS_HH
706,Albania,[40-44],Woman,Married or Living together,Survey,2000,2000,MICS_HH
707,Albania,[45-49],Woman,Married or Living together,Survey,2000,2000,MICS_HH
708,Albania,[50-54],Woman,Married or Living together,Survey,2000,2000,MICS_HH
709,Albania,[55-59],Woman,Married or Living together,Survey,2000,2000,MICS_HH
710,Albania,[60-64],Woman,Married or Living together,Survey,2000,2000,MICS_HH
711,Albania,[65-69],Woman,Married or Living together,Survey,2000,2000,MICS_HH
712,Albania,[70-74],Woman,Married or Living together,Survey,2000,2000,MICS_HH
713,Albania,[75+],Woman,Married or Living together,Survey,2000,2000,MICS_HH
714,Albania,[15-19],Woman,Never married,Survey,2000,2000,MICS_HH
715,Albania,[20-24],Woman,Never married,Survey,2000,2000,MICS_HH
716,Albania,[25-29],Woman,Never married,Survey,2000,2000,MICS_HH
717,Albania,[30-34],Woman,Never married,Survey,2000,2000,MICS_HH
718,Albania,[35-39],Woman,Never married,Survey,2000,2000,MICS_HH
719,Albania,[40-44],Woman,Never married,Survey,2000,2000,MICS_HH
720,Albania,[45-49],Woman,Never married,Survey,2000,2000,MICS_HH
721,Albania,[50-54],Woman,Never married,Survey,2000,2000,MICS_HH
722,Albania,[55-59],Woman,Never married,Survey,2000,2000,MICS_HH
723,Albania,[60-64],Woman,Never married,Survey,2000,2000,MICS_HH
724,Albania,[65-69],Woman,Never married,Survey,2000,2000,MICS_HH
725,Albania,[70-74],Woman,Never married,Survey,2000,2000,MICS_HH
726,Albania,[75+],Woman,Never married,Survey,2000,2000,MICS_HH
727,Albania,[15-19],Woman,Separated,Survey,2000,2000,MICS_HH
728,Albania,[20-24],Woman,Separated,Survey,2000,2000,MICS_HH
729,Albania,[25-29],Woman,Separated,Survey,2000,2000,MICS_HH
730,Albania,[30-34],Woman,Separated,Survey,2000,2000,MICS_HH
731,Albania,[35-39],Woman,Separated,Survey,2000,2000,MICS_HH
732,Albania,[40-44],Woman,Separated,Survey,2000,2000,MICS_HH
733,Albania,[45-49],Woman,Separated,Survey,2000,2000,MICS_HH
734,Albania,[50-54],Woman,Separated,Survey,2000,2000,MICS_HH
735,Albania,[55-59],Woman,Separated,Survey,2000,2000,MICS_HH
736,Albania,[60-64],Woman,Separated,Survey,2000,2000,MICS_HH
737,Albania,[65-69],Woman,Separated,Survey,2000,2000,MICS_HH
738,Albania,[70-74],Woman,Separated,Survey,2000,2000,MICS_HH
739,Albania,[75+],Woman,Separated,Survey,2000,2000,MICS_HH
740,Albania,[15-19],Woman,Widowed,Survey,2000,2000,MICS_HH
741,Albania,[20-24],Woman,Widowed,Survey,2000,2000,MICS_HH
742,Albania,[25-29],Woman,Widowed,Survey,2000,2000,MICS_HH
743,Albania,[30-34],Woman,Widowed,Survey,2000,2000,MICS_HH
744,Albania,[35-39],Woman,Widowed,Survey,2000,2000,MICS_HH
745,Albania,[40-44],Woman,Widowed,Survey,2000,2000,MICS_HH
746,Albania,[45-49],Woman,Widowed,Survey,2000,2000,MICS_HH
747,Albania,[50-54],Woman,Widowed,Survey,2000,2000,MICS_HH
748,Albania,[55-59],Woman,Widowed,Survey,2000,2000,MICS_HH
749,Albania,[60-64],Woman,Widowed,Survey,2000,2000,MICS_HH
750,Albania,[65-69],Woman,Widowed,Survey,2000,2000,MICS_HH
751,Albania,[70-74],Woman,Widowed,Survey,2000,2000,MICS_HH
752,Albania,[75+],Woman,Widowed,Survey,2000,2000,MICS_HH
753,Albania,[10-14],Man,Divorced,Census,2001,2001,UNSD
754,Albania,[15-19],Man,Divorced,Census,2001,2001,UNSD
755,Albania,[20-24],Man,Divorced,Census,2001,2001,UNSD
756,Albania,[25-29],Man,Divorced,Census,2001,2001,UNSD
757,Albania,[30-34],Man,Divorced,Census,2001,2001,UNSD
758,Albania,[35-39],Man,Divorced,Census,2001,2001,UNSD
759,Albania,[40-44],Man,Divorced,Census,2001,2001,UNSD
760,Albania,[45-49],Man,Divorced,Census,2001,2001,UNSD
761,Albania,[50-54],Man,Divorced,Census,2001,2001,UNSD
762,Albania,[55-59],Man,Divorced,Census,2001,2001,UNSD
763,Albania,[60-64],Man,Divorced,Census,2001,2001,UNSD
764,Albania,[65-69],Man,Divorced,Census,2001,2001,UNSD
765,Albania,[70-74],Man,Divorced,Census,2001,2001,UNSD
766,Albania,[75+],Man,Divorced,Census,2001,2001,UNSD
767,Albania,[10-14],Man,Married,Census,2001,2001,UNSD
768,Albania,[15-19],Man,Married,Census,2001,2001,UNSD
769,Albania,[20-24],Man,Married,Census,2001,2001,UNSD
770,Albania,[25-29],Man,Married,Census,2001,2001,UNSD
771,Albania,[30-34],Man,Married,Census,2001,2001,UNSD
772,Albania,[35-39],Man,Married,Census,2001,2001,UNSD
773,Albania,[40-44],Man,Married,Census,2001,2001,UNSD
774,Albania,[45-49],Man,Married,Census,2001,2001,UNSD
775,Albania,[50-54],Man,Married,Census,2001,2001,UNSD
776,Albania,[55-59],Man,Married,Census,2001,2001,UNSD
777,Albania,[60-64],Man,Married,Census,2001,2001,UNSD
778,Albania,[65-69],Man,Married,Census,2001,2001,UNSD
779,Albania,[70-74],Man,Married,Census,2001,2001,UNSD
780,Albania,[75+],Man,Married,Census,2001,2001,UNSD
781,Albania,[10-14],Man,Single,Census,2001,2001,UNSD
782,Albania,[15-19],Man,Single,Census,2001,2001,UNSD
783,Albania,[20-24],Man,Single,Census,2001,2001,UNSD
784,Albania,[25-29],Man,Single,Census,2001,2001,UNSD
785,Albania,[30-34],Man,Single,Census,2001,2001,UNSD
786,Albania,[35-39],Man,Single,Census,2001,2001,UNSD
787,Albania,[40-44],Man,Single,Census,2001,2001,UNSD
788,Albania,[45-49],Man,Single,Census,2001,2001,UNSD
789,Albania,[50-54],Man,Single,Census,2001,2001,UNSD
790,Albania,[55-59],Man,Single,Census,2001,2001,UNSD
791,Albania,[60-64],Man,Single,Census,2001,2001,UNSD
792,Albania,[65-69],Man,Single,Census,2001,2001,UNSD
793,Albania,[70-74],Man,Single,Census,2001,2001,UNSD
794,Albania,[75+],Man,Single,Census,2001,2001,UNSD
795,Albania,[10-14],Man,Widowed,Census,2001,2001,UNSD
796,Albania,[15-19],Man,Widowed,Census,2001,2001,UNSD
797,Albania,[20-24],Man,Widowed,Census,2001,2001,UNSD
798,Albania,[25-29],Man,Widowed,Census,2001,2001,UNSD
799,Albania,[30-34],Man,Widowed,Census,2001,2001,UNSD
800,Albania,[35-39],Man,Widowed,Census,2001,2001,UNSD
801,Albania,[40-44],Man,Widowed,Census,2001,2001,UNSD
802,Albania,[45-49],Man,Widowed,Census,2001,2001,UNSD
803,Albania,[50-54],Man,Widowed,Census,2001,2001,UNSD
804,Albania,[55-59],Man,Widowed,Census,2001,2001,UNSD
805,Albania,[60-64],Man,Widowed,Census,2001,2001,UNSD
806,Albania,[65-69],Man,Widowed,Census,2001,2001,UNSD
807,Albania,[70-74],Man,Widowed,Census,2001,2001,UNSD
808,Albania,[75+],Man,Widowed,Census,2001,2001,UNSD
809,Albania,[10-14],Woman,Divorced,Census,2001,2001,UNSD
810,Albania,[15-19],Woman,Divorced,Census,2001,2001,UNSD
811,Albania,[20-24],Woman,Divorced,Census,2001,2001,UNSD
812,Albania,[25-29],Woman,Divorced,Census,2001,2001,UNSD
813,Albania,[30-34],Woman,Divorced,Census,2001,2001,UNSD
814,Albania,[35-39],Woman,Divorced,Census,2001,2001,UNSD
815,Albania,[40-44],Woman,Divorced,Census,2001,2001,UNSD
816,Albania,[45-49],Woman,Divorced,Census,2001,2001,UNSD
817,Albania,[50-54],Woman,Divorced,Census,2001,2001,UNSD
818,Albania,[55-59],Woman,Divorced,Census,2001,2001,UNSD
819,Albania,[60-64],Woman,Divorced,Census,2001,2001,UNSD
820,Albania,[65-69],Woman,Divorced,Census,2001,2001,UNSD
821,Albania,[70-74],Woman,Divorced,Census,2001,2001,UNSD
822,Albania,[75+],Woman,Divorced,Census,2001,2001,UNSD
823,Albania,[10-14],Woman,Married,Census,2001,2001,UNSD
824,Albania,[15-19],Woman,Married,Census,2001,2001,UNSD
825,Albania,[20-24],Woman,Married,Census,2001,2001,UNSD
826,Albania,[25-29],Woman,Married,Census,2001,2001,UNSD
827,Albania,[30-34],Woman,Married,Census,2001,2001,UNSD
828,Albania,[35-39],Woman,Married,Census,2001,2001,UNSD
829,Albania,[40-44],Woman,Married,Census,2001,2001,UNSD
830,Albania,[45-49],Woman,Married,Census,2001,2001,UNSD
831,Albania,[50-54],Woman,Married,Census,2001,2001,UNSD
832,Albania,[55-59],Woman,Married,Census,2001,2001,UNSD
833,Albania,[60-64],Woman,Married,Census,2001,2001,UNSD
834,Albania,[65-69],Woman,Married,Census,2001,2001,UNSD
835,Albania,[70-74],Woman,Married,Census,2001,2001,UNSD
836,Albania,[75+],Woman,Married,Census,2001,2001,UNSD
837,Albania,[10-14],Woman,Single,Census,2001,2001,UNSD
838,Albania,[15-19],Woman,Single,Census,2001,2001,UNSD
839,Albania,[20-24],Woman,Single,Census,2001,2001,UNSD
840,Albania,[25-29],Woman,Single,Census,2001,2001,UNSD
841,Albania,[30-34],Woman,Single,Census,2001,2001,UNSD
842,Albania,[35-39],Woman,Single,Census,2001,2001,UNSD
843,Albania,[40-44],Woman,Single,Census,2001,2001,UNSD
844,Albania,[45-49],Woman,Single,Census,2001,2001,UNSD
845,Albania,[50-54],Woman,Single,Census,2001,2001,UNSD
846,Albania,[55-59],Woman,Single,Census,2001,2001,UNSD
847,Albania,[60-64],Woman,Single,Census,2001,2001,UNSD
848,Albania,[65-69],Woman,Single,Census,2001,2001,UNSD
849,Albania,[70-74],Woman,Single,Census,2001,2001,UNSD
850,Albania,[75+],Woman,Single,Census,2001,2001,UNSD
851,Albania,[10-14],Woman,Widowed,Census,2001,2001,UNSD
852,Albania,[15-19],Woman,Widowed,Census,2001,2001,UNSD
853,Albania,[20-24],Woman,Widowed,Census,2001,2001,UNSD
854,Albania,[25-29],Woman,Widowed,Census,2001,2001,UNSD
855,Albania,[30-34],Woman,Widowed,Census,2001,2001,UNSD
856,Albania,[35-39],Woman,Widowed,Census,2001,2001,UNSD
857,Albania,[40-44],Woman,Widowed,Census,2001,2001,UNSD
858,Albania,[45-49],Woman,Widowed,Census,2001,2001,UNSD
859,Albania,[50-54],Woman,Widowed,Census,2001,2001,UNSD
860,Albania,[55-59],Woman,Widowed,Census,2001,2001,UNSD
861,Albania,[60-64],Woman,Widowed,Census,2001,2001,UNSD
862,Albania,[65-69],Woman,Widowed,Census,2001,2001,UNSD
863,Albania,[70-74],Woman,Widowed,Census,2001,2001,UNSD
864,Albania,[75+],Woman,Widowed,Census,2001,2001,UNSD
865,Albania,[15-19],Man,Married,Survey,2002,2002,RHS
866,Albania,[20-24],Man,Married,Survey,2002,2002,RHS
867,Albania,[25-29],Man,Married,Survey,2002,2002,RHS
868,Albania,[30-34],Man,Married,Survey,2002,2002,RHS
869,Albania,[35-39],Man,Married,Survey,2002,2002,RHS
870,Albania,[40-44],Man,Married,Survey,2002,2002,RHS
871,Albania,[45-49],Man,Married,Survey,2002,2002,RHS
872,Albania,[15-19],Man,Single,Survey,2002,2002,RHS
873,Albania,[20-24],Man,Single,Survey,2002,2002,RHS
874,Albania,[25-29],Man,Single,Survey,2002,2002,RHS
875,Albania,[30-34],Man,Single,Survey,2002,2002,RHS
876,Albania,[35-39],Man,Single,Survey,2002,2002,RHS
877,Albania,[40-44],Man,Single,Survey,2002,2002,RHS
878,Albania,[45-49],Man,Single,Survey,2002,2002,RHS
879,Albania,[15-19],Man,Widowed or divorced,Survey,2002,2002,RHS
880,Albania,[20-24],Man,Widowed or divorced,Survey,2002,2002,RHS
881,Albania,[25-29],Man,Widowed or divorced,Survey,2002,2002,RHS
882,Albania,[30-34],Man,Widowed or divorced,Survey,2002,2002,RHS
883,Albania,[35-39],Man,Widowed or divorced,Survey,2002,2002,RHS
884,Albania,[40-44],Man,Widowed or divorced,Survey,2002,2002,RHS
885,Albania,[45-49],Man,Widowed or divorced,Survey,2002,2002,RHS
886,Albania,[15-19],Woman,Married,Survey,2002,2002,RHS
887,Albania,[20-24],Woman,Married,Survey,2002,2002,RHS
888,Albania,[25-29],Woman,Married,Survey,2002,2002,RHS
889,Albania,[30-34],Woman,Married,Survey,2002,2002,RHS
890,Albania,[35-39],Woman,Married,Survey,2002,2002,RHS
891,Albania,[40-44],Woman,Married,Survey,2002,2002,RHS
892,Albania,[15-19],Woman,Single,Survey,2002,2002,RHS
893,Albania,[20-24],Woman,Single,Survey,2002,2002,RHS
894,Albania,[25-29],Woman,Single,Survey,2002,2002,RHS
895,Albania,[30-34],Woman,Single,Survey,2002,2002,RHS
896,Albania,[35-39],Woman,Single,Survey,2002,2002,RHS
897,Albania,[40-44],Woman,Single,Survey,2002,2002,RHS
898,Albania,[15-19],Woman,Widowed or divorced,Survey,2002,2002,RHS
899,Albania,[20-24],Woman,Widowed or divorced,Survey,2002,2002,RHS
900,Albania,[25-29],Woman,Widowed or divorced,Survey,2002,2002,RHS
901,Albania,[30-34],Woman,Widowed or divorced,Survey,2002,2002,RHS
902,Albania,[35-39],Woman,Widowed or divorced,Survey,2002,2002,RHS
903,Albania,[40-44],Woman,Widowed or divorced,Survey,2002,2002,RHS
904,Albania,[15-19],Woman,Living together,Survey,2005,2005,MICS
905,Albania,[20-24],Woman,Living together,Survey,2005,2005,MICS
906,Albania,[25-29],Woman,Living together,Survey,2005,2005,MICS
907,Albania,[30-34],Woman,Living together,Survey,2005,2005,MICS
908,Albania,[35-39],Woman,Living together,Survey,2005,2005,MICS
909,Albania,[40-44],Woman,Living together,Survey,2005,2005,MICS
910,Albania,[45-49],Woman,Living together,Survey,2005,2005,MICS
911,Albania,[15-19],Woman,Married,Survey,2005,2005,MICS
912,Albania,[20-24],Woman,Married,Survey,2005,2005,MICS
913,Albania,[25-29],Woman,Married,Survey,2005,2005,MICS
914,Albania,[30-34],Woman,Married,Survey,2005,2005,MICS
915,Albania,[35-39],Woman,Married,Survey,2005,2005,MICS
916,Albania,[40-44],Woman,Married,Survey,2005,2005,MICS
917,Albania,[45-49],Woman,Married,Survey,2005,2005,MICS
918,Albania,[15-19],Woman,Never married,Survey,2005,2005,MICS
919,Albania,[20-24],Woman,Never married,Survey,2005,2005,MICS
920,Albania,[25-29],Woman,Never married,Survey,2005,2005,MICS
921,Albania,[30-34],Woman,Never married,Survey,2005,2005,MICS
922,Albania,[35-39],Woman,Never married,Survey,2005,2005,MICS
923,Albania,[40-44],Woman,Never married,Survey,2005,2005,MICS
924,Albania,[45-49],Woman,Never married,Survey,2005,2005,MICS
925,Albania,[15-19],Woman,Not in union,Survey,2005,2005,MICS
926,Albania,[20-24],Woman,Not in union,Survey,2005,2005,MICS
927,Albania,[25-29],Woman,Not in union,Survey,2005,2005,MICS
928,Albania,[30-34],Woman,Not in union,Survey,2005,2005,MICS
929,Albania,[35-39],Woman,Not in union,Survey,2005,2005,MICS
930,Albania,[40-44],Woman,Not in union,Survey,2005,2005,MICS
931,Albania,[45-49],Woman,Not in union,Survey,2005,2005,MICS
932,Albania,[15-19],Man,Divorced,Survey,2008,2009,DHS_HH
933,Albania,[20-24],Man,Divorced,Survey,2008,2009,DHS_HH
934,Albania,[25-29],Man,Divorced,Survey,2008,2009,DHS_HH
935,Albania,[30-34],Man,Divorced,Survey,2008,2009,DHS_HH
936,Albania,[35-39],Man,Divorced,Survey,2008,2009,DHS_HH
937,Albania,[40-44],Man,Divorced,Survey,2008,2009,DHS_HH
938,Albania,[45-49],Man,Divorced,Survey,2008,2009,DHS_HH
939,Albania,[50-54],Man,Divorced,Survey,2008,2009,DHS_HH
940,Albania,[55-59],Man,Divorced,Survey,2008,2009,DHS_HH
941,Albania,[60-64],Man,Divorced,Survey,2008,2009,DHS_HH
942,Albania,[65-69],Man,Divorced,Survey,2008,2009,DHS_HH
943,Albania,[70-74],Man,Divorced,Survey,2008,2009,DHS_HH
944,Albania,[75+],Man,Divorced,Survey,2008,2009,DHS_HH
945,Albania,[15-19],Man,Living together,Survey,2008,2009,DHS_HH
946,Albania,[20-24],Man,Living together,Survey,2008,2009,DHS_HH
947,Albania,[25-29],Man,Living together,Survey,2008,2009,DHS_HH
948,Albania,[30-34],Man,Living together,Survey,2008,2009,DHS_HH
949,Albania,[35-39],Man,Living together,Survey,2008,2009,DHS_HH
950,Albania,[40-44],Man,Living together,Survey,2008,2009,DHS_HH
951,Albania,[45-49],Man,Living together,Survey,2008,2009,DHS_HH
952,Albania,[50-54],Man,Living together,Survey,2008,2009,DHS_HH
953,Albania,[55-59],Man,Living together,Survey,2008,2009,DHS_HH
954,Albania,[60-64],Man,Living together,Survey,2008,2009,DHS_HH
955,Albania,[65-69],Man,Living together,Survey,2008,2009,DHS_HH
956,Albania,[70-74],Man,Living together,Survey,2008,2009,DHS_HH
957,Albania,[75+],Man,Living together,Survey,2008,2009,DHS_HH
958,Albania,[15-19],Man,Married,Survey,2008,2009,DHS_HH
959,Albania,[20-24],Man,Married,Survey,2008,2009,DHS_HH
960,Albania,[25-29],Man,Married,Survey,2008,2009,DHS_HH
961,Albania,[30-34],Man,Married,Survey,2008,2009,DHS_HH
962,Albania,[35-39],Man,Married,Survey,2008,2009,DHS_HH
963,Albania,[40-44],Man,Married,Survey,2008,2009,DHS_HH
964,Albania,[45-49],Man,Married,Survey,2008,2009,DHS_HH
965,Albania,[50-54],Man,Married,Survey,2008,2009,DHS_HH
966,Albania,[55-59],Man,Married,Survey,2008,2009,DHS_HH
967,Albania,[60-64],Man,Married,Survey,2008,2009,DHS_HH
968,Albania,[65-69],Man,Married,Survey,2008,2009,DHS_HH
969,Albania,[70-74],Man,Married,Survey,2008,2009,DHS_HH
970,Albania,[75+],Man,Married,Survey,2008,2009,DHS_HH
971,Albania,[15-19],Man,Never married,Survey,2008,2009,DHS_HH
972,Albania,[20-24],Man,Never married,Survey,2008,2009,DHS_HH
973,Albania,[25-29],Man,Never married,Survey,2008,2009,DHS_HH
974,Albania,[30-34],Man,Never married,Survey,2008,2009,DHS_HH
975,Albania,[35-39],Man,Never married,Survey,2008,2009,DHS_HH
976,Albania,[40-44],Man,Never married,Survey,2008,2009,DHS_HH
977,Albania,[45-49],Man,Never married,Survey,2008,2009,DHS_HH
978,Albania,[50-54],Man,Never married,Survey,2008,2009,DHS_HH
979,Albania,[55-59],Man,Never married,Survey,2008,2009,DHS_HH
980,Albania,[60-64],Man,Never married,Survey,2008,2009,DHS_HH
981,Albania,[65-69],Man,Never married,Survey,2008,2009,DHS_HH
982,Albania,[70-74],Man,Never married,Survey,2008,2009,DHS_HH
983,Albania,[75+],Man,Never married,Survey,2008,2009,DHS_HH
984,Albania,[15-19],Man,Widowed,Survey,2008,2009,DHS_HH
985,Albania,[20-24],Man,Widowed,Survey,2008,2009,DHS_HH
986,Albania,[25-29],Man,Widowed,Survey,2008,2009,DHS_HH
987,Albania,[30-34],Man,Widowed,Survey,2008,2009,DHS_HH
988,Albania,[35-39],Man,Widowed,Survey,2008,2009,DHS_HH
989,Albania,[40-44],Man,Widowed,Survey,2008,2009,DHS_HH
990,Albania,[45-49],Man,Widowed,Survey,2008,2009,DHS_HH
991,Albania,[50-54],Man,Widowed,Survey,2008,2009,DHS_HH
992,Albania,[55-59],Man,Widowed,Survey,2008,2009,DHS_HH
993,Albania,[60-64],Man,Widowed,Survey,2008,2009,DHS_HH
994,Albania,[65-69],Man,Widowed,Survey,2008,2009,DHS_HH
995,Albania,[70-74],Man,Widowed,Survey,2008,2009,DHS_HH
996,Albania,[75+],Man,Widowed,Survey,2008,2009,DHS_HH
997,Albania,[15-19],Woman,Divorced,Survey,2008,2009,DHS_HH
998,Albania,[20-24],Woman,Divorced,Survey,2008,2009,DHS_HH
999,Albania,[25-29],Woman,Divorced,Survey,2008,2009,DHS_HH
1000,Albania,[30-34],Woman,Divorced,Survey,2008,2009,DHS_HH
1001,Albania,[35-39],Woman,Divorced,Survey,2008,2009,DHS_HH
1002,Albania,[40-44],Woman,Divorced,Survey,2008,2009,DHS_HH
1003,Albania,[45-49],Woman,Divorced,Survey,2008,2009,DHS_HH
1004,Albania,[50-54],Woman,Divorced,Survey,2008,2009,DHS_HH
1005,Albania,[55-59],Woman,Divorced,Survey,2008,2009,DHS_HH
1006,Albania,[60-64],Woman,Divorced,Survey,2008,2009,DHS_HH
1007,Albania,[65-69],Woman,Divorced,Survey,2008,2009,DHS_HH
1008,Albania,[70-74],Woman,Divorced,Survey,2008,2009,DHS_HH
1009,Albania,[75+],Woman,Divorced,Survey,2008,2009,DHS_HH
1010,Albania,[15-19],Woman,Living together,Survey,2008,2009,DHS_HH
1011,Albania,[20-24],Woman,Living together,Survey,2008,2009,DHS_HH
1012,Albania,[25-29],Woman,Living together,Survey,2008,2009,DHS_HH
1013,Albania,[30-34],Woman,Living together,Survey,2008,2009,DHS_HH
1014,Albania,[35-39],Woman,Living together,Survey,2008,2009,DHS_HH
1015,Albania,[40-44],Woman,Living together,Survey,2008,2009,DHS_HH
1016,Albania,[45-49],Woman,Living together,Survey,2008,2009,DHS_HH
1017,Albania,[50-54],Woman,Living together,Survey,2008,2009,DHS_HH
1018,Albania,[55-59],Woman,Living together,Survey,2008,2009,DHS_HH
1019,Albania,[60-64],Woman,Living together,Survey,2008,2009,DHS_HH
1020,Albania,[65-69],Woman,Living together,Survey,2008,2009,DHS_HH
1021,Albania,[70-74],Woman,Living together,Survey,2008,2009,DHS_HH
1022,Albania,[75+],Woman,Living together,Survey,2008,2009,DHS_HH
1023,Albania,[15-19],Woman,Married,Survey,2008,2009,DHS_HH
1024,Albania,[20-24],Woman,Married,Survey,2008,2009,DHS_HH
1025,Albania,[25-29],Woman,Married,Survey,2008,2009,DHS_HH
1026,Albania,[30-34],Woman,Married,Survey,2008,2009,DHS_HH
1027,Albania,[35-39],Woman,Married,Survey,2008,2009,DHS_HH
1028,Albania,[40-44],Woman,Married,Survey,2008,2009,DHS_HH
1029,Albania,[45-49],Woman,Married,Survey,2008,2009,DHS_HH
1030,Albania,[50-54],Woman,Married,Survey,2008,2009,DHS_HH
1031,Albania,[55-59],Woman,Married,Survey,2008,2009,DHS_HH
1032,Albania,[60-64],Woman,Married,Survey,2008,2009,DHS_HH
1033,Albania,[65-69],Woman,Married,Survey,2008,2009,DHS_HH
1034,Albania,[70-74],Woman,Married,Survey,2008,2009,DHS_HH
1035,Albania,[75+],Woman,Married,Survey,2008,2009,DHS_HH
1036,Albania,[15-19],Woman,Never married,Survey,2008,2009,DHS_HH
1037,Albania,[20-24],Woman,Never married,Survey,2008,2009,DHS_HH
1038,Albania,[25-29],Woman,Never married,Survey,2008,2009,DHS_HH
1039,Albania,[30-34],Woman,Never married,Survey,2008,2009,DHS_HH
1040,Albania,[35-39],Woman,Never married,Survey,2008,2009,DHS_HH
1041,Albania,[40-44],Woman,Never married,Survey,2008,2009,DHS_HH
1042,Albania,[45-49],Woman,Never married,Survey,2008,2009,DHS_HH
1043,Albania,[50-54],Woman,Never married,Survey,2008,2009,DHS_HH
1044,Albania,[55-59],Woman,Never married,Survey,2008,2009,DHS_HH
1045,Albania,[60-64],Woman,Never married,Survey,2008,2009,DHS_HH
1046,Albania,[65-69],Woman,Never married,Survey,2008,2009,DHS_HH
1047,Albania,[70-74],Woman,Never married,Survey,2008,2009,DHS_HH
1048,Albania,[75+],Woman,Never married,Survey,2008,2009,DHS_HH
1049,Albania,[15-19],Woman,Widowed,Survey,2008,2009,DHS_HH
1050,Albania,[20-24],Woman,Widowed,Survey,2008,2009,DHS_HH
1051,Albania,[25-29],Woman,Widowed,Survey,2008,2009,DHS_HH
1052,Albania,[30-34],Woman,Widowed,Survey,2008,2009,DHS_HH
1053,Albania,[35-39],Woman,Widowed,Survey,2008,2009,DHS_HH
1054,Albania,[40-44],Woman,Widowed,Survey,2008,2009,DHS_HH
1055,Albania,[45-49],Woman,Widowed,Survey,2008,2009,DHS_HH
1056,Albania,[50-54],Woman,Widowed,Survey,2008,2009,DHS_HH
1057,Albania,[55-59],Woman,Widowed,Survey,2008,2009,DHS_HH
1058,Albania,[60-64],Woman,Widowed,Survey,2008,2009,DHS_HH
1059,Albania,[65-69],Woman,Widowed,Survey,2008,2009,DHS_HH
1060,Albania,[70-74],Woman,Widowed,Survey,2008,2009,DHS_HH
1061,Albania,[75+],Woman,Widowed,Survey,2008,2009,DHS_HH
1062,Albania,[15-19],Man,Divorced,Survey,2008,2009,DHS_STATcompiler
1063,Albania,[20-24],Man,Divorced,Survey,2008,2009,DHS_STATcompiler
1064,Albania,[25-29],Man,Divorced,Survey,2008,2009,DHS_STATcompiler
1065,Albania,[30-34],Man,Divorced,Survey,2008,2009,DHS_STATcompiler
1066,Albania,[35-39],Man,Divorced,Survey,2008,2009,DHS_STATcompiler
1067,Albania,[40-44],Man,Divorced,Survey,2008,2009,DHS_STATcompiler
1068,Albania,[45-49],Man,Divorced,Survey,2008,2009,DHS_STATcompiler
1069,Albania,[15-19],Man,Living together,Survey,2008,2009,DHS_STATcompiler
1070,Albania,[20-24],Man,Living together,Survey,2008,2009,DHS_STATcompiler
1071,Albania,[25-29],Man,Living together,Survey,2008,2009,DHS_STATcompiler
1072,Albania,[30-34],Man,Living together,Survey,2008,2009,DHS_STATcompiler
1073,Albania,[35-39],Man,Living together,Survey,2008,2009,DHS_STATcompiler
1074,Albania,[40-44],Man,Living together,Survey,2008,2009,DHS_STATcompiler
1075,Albania,[45-49],Man,Living together,Survey,2008,2009,DHS_STATcompiler
1076,Albania,[15-19],Man,Married,Survey,2008,2009,DHS_STATcompiler
1077,Albania,[20-24],Man,Married,Survey,2008,2009,DHS_STATcompiler
1078,Albania,[25-29],Man,Married,Survey,2008,2009,DHS_STATcompiler
1079,Albania,[30-34],Man,Married,Survey,2008,2009,DHS_STATcompiler
1080,Albania,[35-39],Man,Married,Survey,2008,2009,DHS_STATcompiler
1081,Albania,[40-44],Man,Married,Survey,2008,2009,DHS_STATcompiler
1082,Albania,[45-49],Man,Married,Survey,2008,2009,DHS_STATcompiler
1083,Albania,[15-19],Man,Never married,Survey,2008,2009,DHS_STATcompiler
1084,Albania,[20-24],Man,Never married,Survey,2008,2009,DHS_STATcompiler
1085,Albania,[25-29],Man,Never married,Survey,2008,2009,DHS_STATcompiler
1086,Albania,[30-34],Man,Never married,Survey,2008,2009,DHS_STATcompiler
1087,Albania,[35-39],Man,Never married,Survey,2008,2009,DHS_STATcompiler
1088,Albania,[40-44],Man,Never married,Survey,2008,2009,DHS_STATcompiler
1089,Albania,[45-49],Man,Never married,Survey,2008,2009,DHS_STATcompiler
1090,Albania,[15-19],Man,Not living together,Survey,2008,2009,DHS_STATcompiler
1091,Albania,[20-24],Man,Not living together,Survey,2008,2009,DHS_STATcompiler
1092,Albania,[25-29],Man,Not living together,Survey,2008,2009,DHS_STATcompiler
1093,Albania,[30-34],Man,Not living together,Survey,2008,2009,DHS_STATcompiler
1094,Albania,[35-39],Man,Not living together,Survey,2008,2009,DHS_STATcompiler
1095,Albania,[40-44],Man,Not living together,Survey,2008,2009,DHS_STATcompiler
1096,Albania,[45-49],Man,Not living together,Survey,2008,2009,DHS_STATcompiler
1097,Albania,[15-19],Man,Widowed,Survey,2008,2009,DHS_STATcompiler
1098,Albania,[20-24],Man,Widowed,Survey,2008,2009,DHS_STATcompiler
1099,Albania,[25-29],Man,Widowed,Survey,2008,2009,DHS_STATcompiler
1100,Albania,[30-34],Man,Widowed,Survey,2008,2009,DHS_STATcompiler
1101,Albania,[35-39],Man,Widowed,Survey,2008,2009,DHS_STATcompiler
1102,Albania,[40-44],Man,Widowed,Survey,2008,2009,DHS_STATcompiler
1103,Albania,[45-49],Man,Widowed,Survey,2008,2009,DHS_STATcompiler
1104,Albania,[15-19],Woman,Divorced,Survey,2008,2009,DHS_STATcompiler
1105,Albania,[20-24],Woman,Divorced,Survey,2008,2009,DHS_STATcompiler
1106,Albania,[25-29],Woman,Divorced,Survey,2008,2009,DHS_STATcompiler
1107,Albania,[30-34],Woman,Divorced,Survey,2008,2009,DHS_STATcompiler
1108,Albania,[35-39],Woman,Divorced,Survey,2008,2009,DHS_STATcompiler
1109,Albania,[40-44],Woman,Divorced,Survey,2008,2009,DHS_STATcompiler
1110,Albania,[45-49],Woman,Divorced,Survey,2008,2009,DHS_STATcompiler
1111,Albania,[15-19],Woman,Living together,Survey,2008,2009,DHS_STATcompiler
1112,Albania,[20-24],Woman,Living together,Survey,2008,2009,DHS_STATcompiler
1113,Albania,[25-29],Woman,Living together,Survey,2008,2009,DHS_STATcompiler
1114,Albania,[30-34],Woman,Living together,Survey,2008,2009,DHS_STATcompiler
1115,Albania,[35-39],Woman,Living together,Survey,2008,2009,DHS_STATcompiler
1116,Albania,[40-44],Woman,Living together,Survey,2008,2009,DHS_STATcompiler
1117,Albania,[45-49],Woman,Living together,Survey,2008,2009,DHS_STATcompiler
1118,Albania,[15-19],Woman,Married,Survey,2008,2009,DHS_STATcompiler
1119,Albania,[20-24],Woman,Married,Survey,2008,2009,DHS_STATcompiler
1120,Albania,[25-29],Woman,Married,Survey,2008,2009,DHS_STATcompiler
1121,Albania,[30-34],Woman,Married,Survey,2008,2009,DHS_STATcompiler
1122,Albania,[35-39],Woman,Married,Survey,2008,2009,DHS_STATcompiler
1123,Albania,[40-44],Woman,Married,Survey,2008,2009,DHS_STATcompiler
1124,Albania,[45-49],Woman,Married,Survey,2008,2009,DHS_STATcompiler
1125,Albania,[15-19],Woman,Never married,Survey,2008,2009,DHS_STATcompiler
1126,Albania,[20-24],Woman,Never married,Survey,2008,2009,DHS_STATcompiler
1127,Albania,[25-29],Woman,Never married,Survey,2008,2009,DHS_STATcompiler
1128,Albania,[30-34],Woman,Never married,Survey,2008,2009,DHS_STATcompiler
1129,Albania,[35-39],Woman,Never married,Survey,2008,2009,DHS_STATcompiler
1130,Albania,[40-44],Woman,Never married,Survey,2008,2009,DHS_STATcompiler
1131,Albania,[45-49],Woman,Never married,Survey,2008,2009,DHS_STATcompiler
1132,Albania,[15-19],Woman,Not living together,Survey,2008,2009,DHS_STATcompiler
1133,Albania,[20-24],Woman,Not living together,Survey,2008,2009,DHS_STATcompiler
1134,Albania,[25-29],Woman,Not living together,Survey,2008,2009,DHS_STATcompiler
1135,Albania,[30-34],Woman,Not living together,Survey,2008,2009,DHS_STATcompiler
1136,Albania,[35-39],Woman,Not living together,Survey,2008,2009,DHS_STATcompiler
1137,Albania,[40-44],Woman,Not living together,Survey,2008,2009,DHS_STATcompiler
1138,Albania,[45-49],Woman,Not living together,Survey,2008,2009,DHS_STATcompiler
1139,Albania,[15-19],Woman,Widowed,Survey,2008,2009,DHS_STATcompiler
1140,Albania,[20-24],Woman,Widowed,Survey,2008,2009,DHS_STATcompiler
1141,Albania,[25-29],Woman,Widowed,Survey,2008,2009,DHS_STATcompiler
1142,Albania,[30-34],Woman,Widowed,Survey,2008,2009,DHS_STATcompiler
1143,Albania,[35-39],Woman,Widowed,Survey,2008,2009,DHS_STATcompiler
1144,Albania,[40-44],Woman,Widowed,Survey,2008,2009,DHS_STATcompiler
1145,Albania,[45-49],Woman,Widowed,Survey,2008,2009,DHS_STATcompiler
1146,Albania,[10-14],Man,Married,Census,2011,2011,UNSD
1147,Albania,[15-19],Man,Married,Census,2011,2011,UNSD
1148,Albania,[20-24],Man,Married,Census,2011,2011,UNSD
1149,Albania,[25-29],Man,Married,Census,2011,2011,UNSD
1150,Albania,[30-34],Man,Married,Census,2011,2011,UNSD
1151,Albania,[35-39],Man,Married,Census,2011,2011,UNSD
1152,Albania,[40-44],Man,Married,Census,2011,2011,UNSD
1153,Albania,[45-49],Man,Married,Census,2011,2011,UNSD
1154,Albania,[50-54],Man,Married,Census,2011,2011,UNSD
1155,Albania,[55-59],Man,Married,Census,2011,2011,UNSD
1156,Albania,[60-64],Man,Married,Census,2011,2011,UNSD
1157,Albania,[65-69],Man,Married,Census,2011,2011,UNSD
1158,Albania,[70-74],Man,Married,Census,2011,2011,UNSD
1159,Albania,[75+],Man,Married,Census,2011,2011,UNSD
1160,Albania,[10-14],Man,Separated,Census,2011,2011,UNSD
1161,Albania,[15-19],Man,Separated,Census,2011,2011,UNSD
1162,Albania,[20-24],Man,Separated,Census,2011,2011,UNSD
1163,Albania,[25-29],Man,Separated,Census,2011,2011,UNSD
1164,Albania,[30-34],Man,Separated,Census,2011,2011,UNSD
1165,Albania,[35-39],Man,Separated,Census,2011,2011,UNSD
1166,Albania,[40-44],Man,Separated,Census,2011,2011,UNSD
1167,Albania,[45-49],Man,Separated,Census,2011,2011,UNSD
1168,Albania,[50-54],Man,Separated,Census,2011,2011,UNSD
1169,Albania,[55-59],Man,Separated,Census,2011,2011,UNSD
1170,Albania,[60-64],Man,Separated,Census,2011,2011,UNSD
1171,Albania,[65-69],Man,Separated,Census,2011,2011,UNSD
1172,Albania,[70-74],Man,Separated,Census,2011,2011,UNSD
1173,Albania,[75+],Man,Separated,Census,2011,2011,UNSD
1174,Albania,[10-14],Man,Single,Census,2011,2011,UNSD
1175,Albania,[15-19],Man,Single,Census,2011,2011,UNSD
1176,Albania,[20-24],Man,Single,Census,2011,2011,UNSD
1177,Albania,[25-29],Man,Single,Census,2011,2011,UNSD
1178,Albania,[30-34],Man,Single,Census,2011,2011,UNSD
1179,Albania,[35-39],Man,Single,Census,2011,2011,UNSD
1180,Albania,[40-44],Man,Single,Census,2011,2011,UNSD
1181,Albania,[45-49],Man,Single,Census,2011,2011,UNSD
1182,Albania,[50-54],Man,Single,Census,2011,2011,UNSD
1183,Albania,[55-59],Man,Single,Census,2011,2011,UNSD
1184,Albania,[60-64],Man,Single,Census,2011,2011,UNSD
1185,Albania,[65-69],Man,Single,Census,2011,2011,UNSD
1186,Albania,[70-74],Man,Single,Census,2011,2011,UNSD
1187,Albania,[75+],Man,Single,Census,2011,2011,UNSD
1188,Albania,[10-14],Man,Widowed,Census,2011,2011,UNSD
1189,Albania,[15-19],Man,Widowed,Census,2011,2011,UNSD
1190,Albania,[20-24],Man,Widowed,Census,2011,2011,UNSD
1191,Albania,[25-29],Man,Widowed,Census,2011,2011,UNSD
1192,Albania,[30-34],Man,Widowed,Census,2011,2011,UNSD
1193,Albania,[35-39],Man,Widowed,Census,2011,2011,UNSD
1194,Albania,[40-44],Man,Widowed,Census,2011,2011,UNSD
1195,Albania,[45-49],Man,Widowed,Census,2011,2011,UNSD
1196,Albania,[50-54],Man,Widowed,Census,2011,2011,UNSD
1197,Albania,[55-59],Man,Widowed,Census,2011,2011,UNSD
1198,Albania,[60-64],Man,Widowed,Census,2011,2011,UNSD
1199,Albania,[65-69],Man,Widowed,Census,2011,2011,UNSD
1200,Albania,[70-74],Man,Widowed,Census,2011,2011,UNSD
1201,Albania,[75+],Man,Widowed,Census,2011,2011,UNSD
1202,Albania,[10-14],Woman,Married,Census,2011,2011,UNSD
1203,Albania,[15-19],Woman,Married,Census,2011,2011,UNSD
1204,Albania,[20-24],Woman,Married,Census,2011,2011,UNSD
1205,Albania,[25-29],Woman,Married,Census,2011,2011,UNSD
1206,Albania,[30-34],Woman,Married,Census,2011,2011,UNSD
1207,Albania,[35-39],Woman,Married,Census,2011,2011,UNSD
1208,Albania,[40-44],Woman,Married,Census,2011,2011,UNSD
1209,Albania,[45-49],Woman,Married,Census,2011,2011,UNSD
1210,Albania,[50-54],Woman,Married,Census,2011,2011,UNSD
1211,Albania,[55-59],Woman,Married,Census,2011,2011,UNSD
1212,Albania,[60-64],Woman,Married,Census,2011,2011,UNSD
1213,Albania,[65-69],Woman,Married,Census,2011,2011,UNSD
1214,Albania,[70-74],Woman,Married,Census,2011,2011,UNSD
1215,Albania,[75+],Woman,Married,Census,2011,2011,UNSD
1216,Albania,[10-14],Woman,Separated,Census,2011,2011,UNSD
1217,Albania,[15-19],Woman,Separated,Census,2011,2011,UNSD
1218,Albania,[20-24],Woman,Separated,Census,2011,2011,UNSD
1219,Albania,[25-29],Woman,Separated,Census,2011,2011,UNSD
1220,Albania,[30-34],Woman,Separated,Census,2011,2011,UNSD
1221,Albania,[35-39],Woman,Separated,Census,2011,2011,UNSD
1222,Albania,[40-44],Woman,Separated,Census,2011,2011,UNSD
1223,Albania,[45-49],Woman,Separated,Census,2011,2011,UNSD
1224,Albania,[50-54],Woman,Separated,Census,2011,2011,UNSD
1225,Albania,[55-59],Woman,Separated,Census,2011,2011,UNSD
1226,Albania,[60-64],Woman,Separated,Census,2011,2011,UNSD
1227,Albania,[65-69],Woman,Separated,Census,2011,2011,UNSD
1228,Albania,[70-74],Woman,Separated,Census,2011,2011,UNSD
1229,Albania,[75+],Woman,Separated,Census,2011,2011,UNSD
1230,Albania,[10-14],Woman,Single,Census,2011,2011,UNSD
1231,Albania,[15-19],Woman,Single,Census,2011,2011,UNSD
1232,Albania,[20-24],Woman,Single,Census,2011,2011,UNSD
1233,Albania,[25-29],Woman,Single,Census,2011,2011,UNSD
1234,Albania,[30-34],Woman,Single,Census,2011,2011,UNSD
1235,Albania,[35-39],Woman,Single,Census,2011,2011,UNSD
1236,Albania,[40-44],Woman,Single,Census,2011,2011,UNSD
1237,Albania,[45-49],Woman,Single,Census,2011,2011,UNSD
1238,Albania,[50-54],Woman,Single,Census,2011,2011,UNSD
1239,Albania,[55-59],Woman,Single,Census,2011,2011,UNSD
1240,Albania,[60-64],Woman,Single,Census,2011,2011,UNSD
1241,Albania,[65-69],Woman,Single,Census,2011,2011,UNSD
1242,Albania,[70-74],Woman,Single,Census,2011,2011,UNSD
1243,Albania,[75+],Woman,Single,Census,2011,2011,UNSD
1244,Albania,[10-14],Woman,Widowed,Census,2011,2011,UNSD
1245,Albania,[15-19],Woman,Widowed,Census,2011,2011,UNSD
1246,Albania,[20-24],Woman,Widowed,Census,2011,2011,UNSD
1247,Albania,[25-29],Woman,Widowed,Census,2011,2011,UNSD
1248,Albania,[30-34],Woman,Widowed,Census,2011,2011,UNSD
1249,Albania,[35-39],Woman,Widowed,Census,2011,2011,UNSD
1250,Albania,[40-44],Woman,Widowed,Census,2011,2011,UNSD
1251,Albania,[45-49],Woman,Widowed,Census,2011,2011,UNSD
1252,Albania,[50-54],Woman,Widowed,Census,2011,2011,UNSD
1253,Albania,[55-59],Woman,Widowed,Census,2011,2011,UNSD
1254,Albania,[60-64],Woman,Widowed,Census,2011,2011,UNSD
1255,Albania,[65-69],Woman,Widowed,Census,2011,2011,UNSD
1256,Albania,[70-74],Woman,Widowed,Census,2011,2011,UNSD
1257,Albania,[75+],Woman,Widowed,Census,2011,2011,UNSD
1258,Albania,[15-19],Man,Divorced,Survey,2017,2018,DHS_HH
1259,Albania,[20-24],Man,Divorced,Survey,2017,2018,DHS_HH
1260,Albania,[25-29],Man,Divorced,Survey,2017,2018,DHS_HH
1261,Albania,[30-34],Man,Divorced,Survey,2017,2018,DHS_HH
1262,Albania,[35-39],Man,Divorced,Survey,2017,2018,DHS_HH
1263,Albania,[40-44],Man,Divorced,Survey,2017,2018,DHS_HH
1264,Albania,[45-49],Man,Divorced,Survey,2017,2018,DHS_HH
1265,Albania,[50-54],Man,Divorced,Survey,2017,2018,DHS_HH
1266,Albania,[55-59],Man,Divorced,Survey,2017,2018,DHS_HH
1267,Albania,[60-64],Man,Divorced,Survey,2017,2018,DHS_HH
1268,Albania,[65-69],Man,Divorced,Survey,2017,2018,DHS_HH
1269,Albania,[70-74],Man,Divorced,Survey,2017,2018,DHS_HH
1270,Albania,[75+],Man,Divorced,Survey,2017,2018,DHS_HH
1271,Albania,[15-19],Man,Married,Survey,2017,2018,DHS_HH
1272,Albania,[20-24],Man,Married,Survey,2017,2018,DHS_HH
1273,Albania,[25-29],Man,Married,Survey,2017,2018,DHS_HH
1274,Albania,[30-34],Man,Married,Survey,2017,2018,DHS_HH
1275,Albania,[35-39],Man,Married,Survey,2017,2018,DHS_HH
1276,Albania,[40-44],Man,Married,Survey,2017,2018,DHS_HH
1277,Albania,[45-49],Man,Married,Survey,2017,2018,DHS_HH
1278,Albania,[50-54],Man,Married,Survey,2017,2018,DHS_HH
1279,Albania,[55-59],Man,Married,Survey,2017,2018,DHS_HH
1280,Albania,[60-64],Man,Married,Survey,2017,2018,DHS_HH
1281,Albania,[65-69],Man,Married,Survey,2017,2018,DHS_HH
1282,Albania,[70-74],Man,Married,Survey,2017,2018,DHS_HH
1283,Albania,[75+],Man,Married,Survey,2017,2018,DHS_HH
1284,Albania,[15-19],Man,Never married,Survey,2017,2018,DHS_HH
1285,Albania,[20-24],Man,Never married,Survey,2017,2018,DHS_HH
1286,Albania,[25-29],Man,Never married,Survey,2017,2018,DHS_HH
1287,Albania,[30-34],Man,Never married,Survey,2017,2018,DHS_HH
1288,Albania,[35-39],Man,Never married,Survey,2017,2018,DHS_HH
1289,Albania,[40-44],Man,Never married,Survey,2017,2018,DHS_HH
1290,Albania,[45-49],Man,Never married,Survey,2017,2018,DHS_HH
1291,Albania,[50-54],Man,Never married,Survey,2017,2018,DHS_HH
1292,Albania,[55-59],Man,Never married,Survey,2017,2018,DHS_HH
1293,Albania,[60-64],Man,Never married,Survey,2017,2018,DHS_HH
1294,Albania,[65-69],Man,Never married,Survey,2017,2018,DHS_HH
1295,Albania,[70-74],Man,Never married,Survey,2017,2018,DHS_HH
1296,Albania,[75+],Man,Never married,Survey,2017,2018,DHS_HH
1297,Albania,[15-19],Man,Widowed,Survey,2017,2018,DHS_HH
1298,Albania,[20-24],Man,Widowed,Survey,2017,2018,DHS_HH
1299,Albania,[25-29],Man,Widowed,Survey,2017,2018,DHS_HH
1300,Albania,[30-34],Man,Widowed,Survey,2017,2018,DHS_HH
1301,Albania,[35-39],Man,Widowed,Survey,2017,2018,DHS_HH
1302,Albania,[40-44],Man,Widowed,Survey,2017,2018,DHS_HH
1303,Albania,[45-49],Man,Widowed,Survey,2017,2018,DHS_HH
1304,Albania,[50-54],Man,Widowed,Survey,2017,2018,DHS_HH
1305,Albania,[55-59],Man,Widowed,Survey,2017,2018,DHS_HH
1306,Albania,[60-64],Man,Widowed,Survey,2017,2018,DHS_HH
1307,Albania,[65-69],Man,Widowed,Survey,2017,2018,DHS_HH
1308,Albania,[70-74],Man,Widowed,Survey,2017,2018,DHS_HH
1309,Albania,[75+],Man,Widowed,Survey,2017,2018,DHS_HH
1310,Albania,[15-19],Woman,Divorced,Survey,2017,2018,DHS_HH
1311,Albania,[20-24],Woman,Divorced,Survey,2017,2018,DHS_HH
1312,Albania,[25-29],Woman,Divorced,Survey,2017,2018,DHS_HH
1313,Albania,[30-34],Woman,Divorced,Survey,2017,2018,DHS_HH
1314,Albania,[35-39],Woman,Divorced,Survey,2017,2018,DHS_HH
1315,Albania,[40-44],Woman,Divorced,Survey,2017,2018,DHS_HH
1316,Albania,[45-49],Woman,Divorced,Survey,2017,2018,DHS_HH
1317,Albania,[50-54],Woman,Divorced,Survey,2017,2018,DHS_HH
1318,Albania,[55-59],Woman,Divorced,Survey,2017,2018,DHS_HH
1319,Albania,[60-64],Woman,Divorced,Survey,2017,2018,DHS_HH
1320,Albania,[65-69],Woman,Divorced,Survey,2017,2018,DHS_HH
1321,Albania,[70-74],Woman,Divorced,Survey,2017,2018,DHS_HH
1322,Albania,[75+],Woman,Divorced,Survey,2017,2018,DHS_HH
1323,Albania,[15-19],Woman,Married,Survey,2017,2018,DHS_HH
1324,Albania,[20-24],Woman,Married,Survey,2017,2018,DHS_HH
1325,Albania,[25-29],Woman,Married,Survey,2017,2018,DHS_HH
1326,Albania,[30-34],Woman,Married,Survey,2017,2018,DHS_HH
1327,Albania,[35-39],Woman,Married,Survey,2017,2018,DHS_HH
1328,Albania,[40-44],Woman,Married,Survey,2017,2018,DHS_HH
1329,Albania,[45-49],Woman,Married,Survey,2017,2018,DHS_HH
1330,Albania,[50-54],Woman,Married,Survey,2017,2018,DHS_HH
1331,Albania,[55-59],Woman,Married,Survey,2017,2018,DHS_HH
1332,Albania,[60-64],Woman,Married,Survey,2017,2018,DHS_HH
1333,Albania,[65-69],Woman,Married,Survey,2017,2018,DHS_HH
1334,Albania,[70-74],Woman,Married,Survey,2017,2018,DHS_HH
1335,Albania,[75+],Woman,Married,Survey,2017,2018,DHS_HH
1336,Albania,[15-19],Woman,Never married,Survey,2017,2018,DHS_HH
1337,Albania,[20-24],Woman,Never married,Survey,2017,2018,DHS_HH
1338,Albania,[25-29],Woman,Never married,Survey,2017,2018,DHS_HH
1339,Albania,[30-34],Woman,Never married,Survey,2017,2018,DHS_HH
1340,Albania,[35-39],Woman,Never married,Survey,2017,2018,DHS_HH
1341,Albania,[40-44],Woman,Never married,Survey,2017,2018,DHS_HH
1342,Albania,[45-49],Woman,Never married,Survey,2017,2018,DHS_HH
1343,Albania,[50-54],Woman,Never married,Survey,2017,2018,DHS_HH
1344,Albania,[55-59],Woman,Never married,Survey,2017,2018,DHS_HH
1345,Albania,[60-64],Woman,Never married,Survey,2017,2018,DHS_HH
1346,Albania,[65-69],Woman,Never married,Survey,2017,2018,DHS_HH
1347,Albania,[70-74],Woman,Never married,Survey,2017,2018,DHS_HH
1348,Albania,[75+],Woman,Never married,Survey,2017,2018,DHS_HH
1349,Albania,[15-19],Woman,Widowed,Survey,2017,2018,DHS_HH
1350,Albania,[20-24],Woman,Widowed,Survey,2017,2018,DHS_HH
1351,Albania,[25-29],Woman,Widowed,Survey,2017,2018,DHS_HH
1352,Albania,[30-34],Woman,Widowed,Survey,2017,2018,DHS_HH
1353,Albania,[35-39],Woman,Widowed,Survey,2017,2018,DHS_HH
1354,Albania,[40-44],Woman,Widowed,Survey,2017,2018,DHS_HH
1355,Albania,[45-49],Woman,Widowed,Survey,2017,2018,DHS_HH
1356,Albania,[50-54],Woman,Widowed,Survey,2017,2018,DHS_HH
1357,Albania,[55-59],Woman,Widowed,Survey,2017,2018,DHS_HH
1358,Albania,[60-64],Woman,Widowed,Survey,2017,2018,DHS_HH
1359,Albania,[65-69],Woman,Widowed,Survey,2017,2018,DHS_HH
1360,Albania,[70-74],Woman,Widowed,Survey,2017,2018,DHS_HH
1361,Albania,[75+],Woman,Widowed,Survey,2017,2018,DHS_HH
1362,Albania,[15-19],Man,Divorced,Survey,2017,2018,DHS_STATcompiler
1363,Albania,[20-24],Man,Divorced,Survey,2017,2018,DHS_STATcompiler
1364,Albania,[25-29],Man,Divorced,Survey,2017,2018,DHS_STATcompiler
1365,Albania,[30-34],Man,Divorced,Survey,2017,2018,DHS_STATcompiler
1366,Albania,[35-39],Man,Divorced,Survey,2017,2018,DHS_STATcompiler
1367,Albania,[40-44],Man,Divorced,Survey,2017,2018,DHS_STATcompiler
1368,Albania,[45-49],Man,Divorced,Survey,2017,2018,DHS_STATcompiler
1369,Albania,[15-19],Man,Living together,Survey,2017,2018,DHS_STATcompiler
1370,Albania,[20-24],Man,Living together,Survey,2017,2018,DHS_STATcompiler
1371,Albania,[25-29],Man,Living together,Survey,2017,2018,DHS_STATcompiler
1372,Albania,[30-34],Man,Living together,Survey,2017,2018,DHS_STATcompiler
1373,Albania,[35-39],Man,Living together,Survey,2017,2018,DHS_STATcompiler
1374,Albania,[40-44],Man,Living together,Survey,2017,2018,DHS_STATcompiler
1375,Albania,[45-49],Man,Living together,Survey,2017,2018,DHS_STATcompiler
1376,Albania,[15-19],Man,Married,Survey,2017,2018,DHS_STATcompiler
1377,Albania,[20-24],Man,Married,Survey,2017,2018,DHS_STATcompiler
1378,Albania,[25-29],Man,Married,Survey,2017,2018,DHS_STATcompiler
1379,Albania,[30-34],Man,Married,Survey,2017,2018,DHS_STATcompiler
1380,Albania,[35-39],Man,Married,Survey,2017,2018,DHS_STATcompiler
1381,Albania,[40-44],Man,Married,Survey,2017,2018,DHS_STATcompiler
1382,Albania,[45-49],Man,Married,Survey,2017,2018,DHS_STATcompiler
1383,Albania,[15-19],Man,Never married,Survey,2017,2018,DHS_STATcompiler
1384,Albania,[20-24],Man,Never married,Survey,2017,2018,DHS_STATcompiler
1385,Albania,[25-29],Man,Never married,Survey,2017,2018,DHS_STATcompiler
1386,Albania,[30-34],Man,Never married,Survey,2017,2018,DHS_STATcompiler
1387,Albania,[35-39],Man,Never married,Survey,2017,2018,DHS_STATcompiler
1388,Albania,[40-44],Man,Never married,Survey,2017,2018,DHS_STATcompiler
1389,Albania,[45-49],Man,Never married,Survey,2017,2018,DHS_STATcompiler
1390,Albania,[15-19],Man,Not living together,Survey,2017,2018,DHS_STATcompiler
1391,Albania,[20-24],Man,Not living together,Survey,2017,2018,DHS_STATcompiler
1392,Albania,[25-29],Man,Not living together,Survey,2017,2018,DHS_STATcompiler
1393,Albania,[30-34],Man,Not living together,Survey,2017,2018,DHS_STATcompiler
1394,Albania,[35-39],Man,Not living together,Survey,2017,2018,DHS_STATcompiler
1395,Albania,[40-44],Man,Not living together,Survey,2017,2018,DHS_STATcompiler
1396,Albania,[45-49],Man,Not living together,Survey,2017,2018,DHS_STATcompiler
1397,Albania,[15-19],Man,Widowed,Survey,2017,2018,DHS_STATcompiler
1398,Albania,[20-24],Man,Widowed,Survey,2017,2018,DHS_STATcompiler
1399,Albania,[25-29],Man,Widowed,Survey,2017,2018,DHS_STATcompiler
1400,Albania,[30-34],Man,Widowed,Survey,2017,2018,DHS_STATcompiler
1401,Albania,[35-39],Man,Widowed,Survey,2017,2018,DHS_STATcompiler
1402,Albania,[40-44],Man,Widowed,Survey,2017,2018,DHS_STATcompiler
1403,Albania,[45-49],Man,Widowed,Survey,2017,2018,DHS_STATcompiler
1404,Albania,[15-19],Woman,Divorced,Survey,2017,2018,DHS_STATcompiler
1405,Albania,[20-24],Woman,Divorced,Survey,2017,2018,DHS_STATcompiler
1406,Albania,[25-29],Woman,Divorced,Survey,2017,2018,DHS_STATcompiler
1407,Albania,[30-34],Woman,Divorced,Survey,2017,2018,DHS_STATcompiler
1408,Albania,[35-39],Woman,Divorced,Survey,2017,2018,DHS_STATcompiler
1409,Albania,[40-44],Woman,Divorced,Survey,2017,2018,DHS_STATcompiler
1410,Albania,[45-49],Woman,Divorced,Survey,2017,2018,DHS_STATcompiler
1411,Albania,[15-19],Woman,Living together,Survey,2017,2018,DHS_STATcompiler
1412,Albania,[20-24],Woman,Living together,Survey,2017,2018,DHS_STATcompiler
1413,Albania,[25-29],Woman,Living together,Survey,2017,2018,DHS_STATcompiler
1414,Albania,[30-34],Woman,Living together,Survey,2017,2018,DHS_STATcompiler
1415,Albania,[35-39],Woman,Living together,Survey,2017,2018,DHS_STATcompiler
1416,Albania,[40-44],Woman,Living together,Survey,2017,2018,DHS_STATcompiler
1417,Albania,[45-49],Woman,Living together,Survey,2017,2018,DHS_STATcompiler
1418,Albania,[15-19],Woman,Married,Survey,2017,2018,DHS_STATcompiler
1419,Albania,[20-24],Woman,Married,Survey,2017,2018,DHS_STATcompiler
1420,Albania,[25-29],Woman,Married,Survey,2017,2018,DHS_STATcompiler
1421,Albania,[30-34],Woman,Married,Survey,2017,2018,DHS_STATcompiler
1422,Albania,[35-39],Woman,Married,Survey,2017,2018,DHS_STATcompiler
1423,Albania,[40-44],Woman,Married,Survey,2017,2018,DHS_STATcompiler
1424,Albania,[45-49],Woman,Married,Survey,2017,2018,DHS_STATcompiler
1425,Albania,[15-19],Woman,Never married,Survey,2017,2018,DHS_STATcompiler
1426,Albania,[20-24],Woman,Never married,Survey,2017,2018,DHS_STATcompiler
1427,Albania,[25-29],Woman,Never married,Survey,2017,2018,DHS_STATcompiler
1428,Albania,[30-34],Woman,Never married,Survey,2017,2018,DHS_STATcompiler
1429,Albania,[35-39],Woman,Never married,Survey,2017,2018,DHS_STATcompiler
1430,Albania,[40-44],Woman,Never married,Survey,2017,2018,DHS_STATcompiler
1431,Albania,[45-49],Woman,Never married,Survey,2017,2018,DHS_STATcompiler
1432,Albania,[15-19],Woman,Not living together,Survey,2017,2018,DHS_STATcompiler
1433,Albania,[20-24],Woman,Not living together,Survey,2017,2018,DHS_STATcompiler
1434,Albania,[25-29],Woman,Not living together,Survey,2017,2018,DHS_STATcompiler
1435,Albania,[30-34],Woman,Not living together,Survey,2017,2018,DHS_STATcompiler
1436,Albania,[35-39],Woman,Not living together,Survey,2017,2018,DHS_STATcompiler
1437,Albania,[40-44],Woman,Not living together,Survey,2017,2018,DHS_STATcompiler
1438,Albania,[45-49],Woman,Not living together,Survey,2017,2018,DHS_STATcompiler
1439,Albania,[15-19],Woman,Widowed,Survey,2017,2018,DHS_STATcompiler
1440,Albania,[20-24],Woman,Widowed,Survey,2017,2018,DHS_STATcompiler
1441,Albania,[25-29],Woman,Widowed,Survey,2017,2018,DHS_STATcompiler
1442,Albania,[30-34],Woman,Widowed,Survey,2017,2018,DHS_STATcompiler
1443,Albania,[35-39],Woman,Widowed,Survey,2017,2018,DHS_STATcompiler
1444,Albania,[40-44],Woman,Widowed,Survey,2017,2018,DHS_STATcompiler
1445,Albania,[45-49],Woman,Widowed,Survey,2017,2018,DHS_STATcompiler
1446,Algeria,[15-19],Man,Divorced or Separated,Census,1977,1977,US Census Bureau
1447,Algeria,[20-24],Man,Divorced or Separated,Census,1977,1977,US Census Bureau
1448,Algeria,[25-29],Man,Divorced or Separated,Census,1977,1977,US Census Bureau
1449,Algeria,[30-34],Man,Divorced or Separated,Census,1977,1977,US Census Bureau
1450,Algeria,[35-39],Man,Divorced or Separated,Census,1977,1977,US Census Bureau
1451,Algeria,[40-44],Man,Divorced or Separated,Census,1977,1977,US Census Bureau
1452,Algeria,[45-49],Man,Divorced or Separated,Census,1977,1977,US Census Bureau
1453,Algeria,[50-54],Man,Divorced or Separated,Census,1977,1977,US Census Bureau
1454,Algeria,[55-59],Man,Divorced or Separated,Census,1977,1977,US Census Bureau
1455,Algeria,[60-64],Man,Divorced or Separated,Census,1977,1977,US Census Bureau
1456,Algeria,[65-69],Man,Divorced or Separated,Census,1977,1977,US Census Bureau
1457,Algeria,[65+],Man,Divorced or Separated,Census,1977,1977,US Census Bureau
1458,Algeria,[15-19],Man,Married,Census,1977,1977,US Census Bureau
1459,Algeria,[20-24],Man,Married,Census,1977,1977,US Census Bureau
1460,Algeria,[25-29],Man,Married,Census,1977,1977,US Census Bureau
1461,Algeria,[30-34],Man,Married,Census,1977,1977,US Census Bureau
1462,Algeria,[35-39],Man,Married,Census,1977,1977,US Census Bureau
1463,Algeria,[40-44],Man,Married,Census,1977,1977,US Census Bureau
1464,Algeria,[45-49],Man,Married,Census,1977,1977,US Census Bureau
1465,Algeria,[50-54],Man,Married,Census,1977,1977,US Census Bureau
1466,Algeria,[55-59],Man,Married,Census,1977,1977,US Census Bureau
1467,Algeria,[60-64],Man,Married,Census,1977,1977,US Census Bureau
1468,Algeria,[65+],Man,Married,Census,1977,1977,US Census Bureau
1469,Algeria,[65-69],Man,Married,Census,1977,1977,US Census Bureau
1470,Algeria,[15-19],Man,Single,Census,1977,1977,US Census Bureau
1471,Algeria,[20-24],Man,Single,Census,1977,1977,US Census Bureau
1472,Algeria,[25-29],Man,Single,Census,1977,1977,US Census Bureau
1473,Algeria,[30-34],Man,Single,Census,1977,1977,US Census Bureau
1474,Algeria,[35-39],Man,Single,Census,1977,1977,US Census Bureau
1475,Algeria,[40-44],Man,Single,Census,1977,1977,US Census Bureau
1476,Algeria,[45-49],Man,Single,Census,1977,1977,US Census Bureau
1477,Algeria,[50-54],Man,Single,Census,1977,1977,US Census Bureau
1478,Algeria,[55-59],Man,Single,Census,1977,1977,US Census Bureau
1479,Algeria,[60-64],Man,Single,Census,1977,1977,US Census Bureau
1480,Algeria,[65-69],Man,Single,Census,1977,1977,US Census Bureau
1481,Algeria,[65+],Man,Single,Census,1977,1977,US Census Bureau
1482,Algeria,[15-19],Man,Widowed,Census,1977,1977,US Census Bureau
1483,Algeria,[20-24],Man,Widowed,Census,1977,1977,US Census Bureau
1484,Algeria,[25-29],Man,Widowed,Census,1977,1977,US Census Bureau
1485,Algeria,[30-34],Man,Widowed,Census,1977,1977,US Census Bureau
1486,Algeria,[35-39],Man,Widowed,Census,1977,1977,US Census Bureau
1487,Algeria,[40-44],Man,Widowed,Census,1977,1977,US Census Bureau
1488,Algeria,[45-49],Man,Widowed,Census,1977,1977,US Census Bureau
1489,Algeria,[50-54],Man,Widowed,Census,1977,1977,US Census Bureau
1490,Algeria,[55-59],Man,Widowed,Census,1977,1977,US Census Bureau
1491,Algeria,[60-64],Man,Widowed,Census,1977,1977,US Census Bureau
1492,Algeria,[65+],Man,Widowed,Census,1977,1977,US Census Bureau
1493,Algeria,[65-69],Man,Widowed,Census,1977,1977,US Census Bureau
1494,Algeria,[15-19],Woman,Divorced or Separated,Census,1977,1977,US Census Bureau
1495,Algeria,[20-24],Woman,Divorced or Separated,Census,1977,1977,US Census Bureau
1496,Algeria,[25-29],Woman,Divorced or Separated,Census,1977,1977,US Census Bureau
1497,Algeria,[30-34],Woman,Divorced or Separated,Census,1977,1977,US Census Bureau
1498,Algeria,[35-39],Woman,Divorced or Separated,Census,1977,1977,US Census Bureau
1499,Algeria,[40-44],Woman,Divorced or Separated,Census,1977,1977,US Census Bureau
1500,Algeria,[45-49],Woman,Divorced or Separated,Census,1977,1977,US Census Bureau
1501,Algeria,[50-54],Woman,Divorced or Separated,Census,1977,1977,US Census Bureau
1502,Algeria,[55-59],Woman,Divorced or Separated,Census,1977,1977,US Census Bureau
1503,Algeria,[60-64],Woman,Divorced or Separated,Census,1977,1977,US Census Bureau
1504,Algeria,[65-69],Woman,Divorced or Separated,Census,1977,1977,US Census Bureau
1505,Algeria,[65+],Woman,Divorced or Separated,Census,1977,1977,US Census Bureau
1506,Algeria,[15-19],Woman,Married,Census,1977,1977,US Census Bureau
1507,Algeria,[20-24],Woman,Married,Census,1977,1977,US Census Bureau
1508,Algeria,[25-29],Woman,Married,Census,1977,1977,US Census Bureau
1509,Algeria,[30-34],Woman,Married,Census,1977,1977,US Census Bureau
1510,Algeria,[35-39],Woman,Married,Census,1977,1977,US Census Bureau
1511,Algeria,[40-44],Woman,Married,Census,1977,1977,US Census Bureau
1512,Algeria,[45-49],Woman,Married,Census,1977,1977,US Census Bureau
1513,Algeria,[50-54],Woman,Married,Census,1977,1977,US Census Bureau
1514,Algeria,[55-59],Woman,Married,Census,1977,1977,US Census Bureau
1515,Algeria,[60-64],Woman,Married,Census,1977,1977,US Census Bureau
1516,Algeria,[65+],Woman,Married,Census,1977,1977,US Census Bureau
1517,Algeria,[65-69],Woman,Married,Census,1977,1977,US Census Bureau
1518,Algeria,[15-19],Woman,Single,Census,1977,1977,US Census Bureau
1519,Algeria,[20-24],Woman,Single,Census,1977,1977,US Census Bureau
1520,Algeria,[25-29],Woman,Single,Census,1977,1977,US Census Bureau
1521,Algeria,[30-34],Woman,Single,Census,1977,1977,US Census Bureau
1522,Algeria,[35-39],Woman,Single,Census,1977,1977,US Census Bureau
1523,Algeria,[40-44],Woman,Single,Census,1977,1977,US Census Bureau
1524,Algeria,[45-49],Woman,Single,Census,1977,1977,US Census Bureau
1525,Algeria,[50-54],Woman,Single,Census,1977,1977,US Census Bureau
1526,Algeria,[55-59],Woman,Single,Census,1977,1977,US Census Bureau
1527,Algeria,[60-64],Woman,Single,Census,1977,1977,US Census Bureau
1528,Algeria,[65-69],Woman,Single,Census,1977,1977,US Census Bureau
1529,Algeria,[65+],Woman,Single,Census,1977,1977,US Census Bureau
1530,Algeria,[15-19],Woman,Widowed,Census,1977,1977,US Census Bureau
1531,Algeria,[20-24],Woman,Widowed,Census,1977,1977,US Census Bureau
1532,Algeria,[25-29],Woman,Widowed,Census,1977,1977,US Census Bureau
1533,Algeria,[30-34],Woman,Widowed,Census,1977,1977,US Census Bureau
1534,Algeria,[35-39],Woman,Widowed,Census,1977,1977,US Census Bureau
1535,Algeria,[40-44],Woman,Widowed,Census,1977,1977,US Census Bureau
1536,Algeria,[45-49],Woman,Widowed,Census,1977,1977,US Census Bureau
1537,Algeria,[50-54],Woman,Widowed,Census,1977,1977,US Census Bureau
1538,Algeria,[55-59],Woman,Widowed,Census,1977,1977,US Census Bureau
1539,Algeria,[60-64],Woman,Widowed,Census,1977,1977,US Census Bureau
1540,Algeria,[65+],Woman,Widowed,Census,1977,1977,US Census Bureau
1541,Algeria,[65-69],Woman,Widowed,Census,1977,1977,US Census Bureau
1542,Algeria,[10-14],Man,Divorced,Census,1987,1987,UNSD
1543,Algeria,[15-19],Man,Divorced,Census,1987,1987,UNSD
1544,Algeria,[20-24],Man,Divorced,Census,1987,1987,UNSD
1545,Algeria,[25-29],Man,Divorced,Census,1987,1987,UNSD
1546,Algeria,[30-34],Man,Divorced,Census,1987,1987,UNSD
1547,Algeria,[35-39],Man,Divorced,Census,1987,1987,UNSD
1548,Algeria,[40-44],Man,Divorced,Census,1987,1987,UNSD
1549,Algeria,[45-49],Man,Divorced,Census,1987,1987,UNSD
1550,Algeria,[50-54],Man,Divorced,Census,1987,1987,UNSD
1551,Algeria,[55-59],Man,Divorced,Census,1987,1987,UNSD
1552,Algeria,[60-64],Man,Divorced,Census,1987,1987,UNSD
1553,Algeria,[65+],Man,Divorced,Census,1987,1987,UNSD
1554,Algeria,[10-14],Man,Married,Census,1987,1987,UNSD
1555,Algeria,[15-19],Man,Married,Census,1987,1987,UNSD
1556,Algeria,[20-24],Man,Married,Census,1987,1987,UNSD
1557,Algeria,[25-29],Man,Married,Census,1987,1987,UNSD
1558,Algeria,[30-34],Man,Married,Census,1987,1987,UNSD
1559,Algeria,[35-39],Man,Married,Census,1987,1987,UNSD
1560,Algeria,[40-44],Man,Married,Census,1987,1987,UNSD
1561,Algeria,[45-49],Man,Married,Census,1987,1987,UNSD
1562,Algeria,[50-54],Man,Married,Census,1987,1987,UNSD
1563,Algeria,[55-59],Man,Married,Census,1987,1987,UNSD
1564,Algeria,[60-64],Man,Married,Census,1987,1987,UNSD
1565,Algeria,[65+],Man,Married,Census,1987,1987,UNSD
1566,Algeria,[10-14],Man,Separated,Census,1987,1987,UNSD
1567,Algeria,[15-19],Man,Separated,Census,1987,1987,UNSD
1568,Algeria,[20-24],Man,Separated,Census,1987,1987,UNSD
1569,Algeria,[25-29],Man,Separated,Census,1987,1987,UNSD
1570,Algeria,[30-34],Man,Separated,Census,1987,1987,UNSD
1571,Algeria,[35-39],Man,Separated,Census,1987,1987,UNSD
1572,Algeria,[40-44],Man,Separated,Census,1987,1987,UNSD
1573,Algeria,[45-49],Man,Separated,Census,1987,1987,UNSD
1574,Algeria,[50-54],Man,Separated,Census,1987,1987,UNSD
1575,Algeria,[55-59],Man,Separated,Census,1987,1987,UNSD
1576,Algeria,[60-64],Man,Separated,Census,1987,1987,UNSD
1577,Algeria,[65+],Man,Separated,Census,1987,1987,UNSD
1578,Algeria,[10-14],Man,Single,Census,1987,1987,UNSD
1579,Algeria,[15-19],Man,Single,Census,1987,1987,UNSD
1580,Algeria,[20-24],Man,Single,Census,1987,1987,UNSD
1581,Algeria,[25-29],Man,Single,Census,1987,1987,UNSD
1582,Algeria,[30-34],Man,Single,Census,1987,1987,UNSD
1583,Algeria,[35-39],Man,Single,Census,1987,1987,UNSD
1584,Algeria,[40-44],Man,Single,Census,1987,1987,UNSD
1585,Algeria,[45-49],Man,Single,Census,1987,1987,UNSD
1586,Algeria,[50-54],Man,Single,Census,1987,1987,UNSD
1587,Algeria,[55-59],Man,Single,Census,1987,1987,UNSD
1588,Algeria,[60-64],Man,Single,Census,1987,1987,UNSD
1589,Algeria,[65+],Man,Single,Census,1987,1987,UNSD
1590,Algeria,[10-14],Man,Widowed,Census,1987,1987,UNSD
1591,Algeria,[15-19],Man,Widowed,Census,1987,1987,UNSD
1592,Algeria,[20-24],Man,Widowed,Census,1987,1987,UNSD
1593,Algeria,[25-29],Man,Widowed,Census,1987,1987,UNSD
1594,Algeria,[30-34],Man,Widowed,Census,1987,1987,UNSD
1595,Algeria,[35-39],Man,Widowed,Census,1987,1987,UNSD
1596,Algeria,[40-44],Man,Widowed,Census,1987,1987,UNSD
1597,Algeria,[45-49],Man,Widowed,Census,1987,1987,UNSD
1598,Algeria,[50-54],Man,Widowed,Census,1987,1987,UNSD
1599,Algeria,[55-59],Man,Widowed,Census,1987,1987,UNSD
1600,Algeria,[60-64],Man,Widowed,Census,1987,1987,UNSD
1601,Algeria,[65+],Man,Widowed,Census,1987,1987,UNSD
1602,Algeria,[10-14],Woman,Divorced,Census,1987,1987,UNSD
1603,Algeria,[15-19],Woman,Divorced,Census,1987,1987,UNSD
1604,Algeria,[20-24],Woman,Divorced,Census,1987,1987,UNSD
1605,Algeria,[25-29],Woman,Divorced,Census,1987,1987,UNSD
1606,Algeria,[30-34],Woman,Divorced,Census,1987,1987,UNSD
1607,Algeria,[35-39],Woman,Divorced,Census,1987,1987,UNSD
1608,Algeria,[40-44],Woman,Divorced,Census,1987,1987,UNSD
1609,Algeria,[45-49],Woman,Divorced,Census,1987,1987,UNSD
1610,Algeria,[50-54],Woman,Divorced,Census,1987,1987,UNSD
1611,Algeria,[55-59],Woman,Divorced,Census,1987,1987,UNSD
1612,Algeria,[60-64],Woman,Divorced,Census,1987,1987,UNSD
1613,Algeria,[65+],Woman,Divorced,Census,1987,1987,UNSD
1614,Algeria,[10-14],Woman,Married,Census,1987,1987,UNSD
1615,Algeria,[15-19],Woman,Married,Census,1987,1987,UNSD
1616,Algeria,[20-24],Woman,Married,Census,1987,1987,UNSD
1617,Algeria,[25-29],Woman,Married,Census,1987,1987,UNSD
1618,Algeria,[30-34],Woman,Married,Census,1987,1987,UNSD
1619,Algeria,[35-39],Woman,Married,Census,1987,1987,UNSD
1620,Algeria,[40-44],Woman,Married,Census,1987,1987,UNSD
1621,Algeria,[45-49],Woman,Married,Census,1987,1987,UNSD
1622,Algeria,[50-54],Woman,Married,Census,1987,1987,UNSD
1623,Algeria,[55-59],Woman,Married,Census,1987,1987,UNSD
1624,Algeria,[60-64],Woman,Married,Census,1987,1987,UNSD
1625,Algeria,[65+],Woman,Married,Census,1987,1987,UNSD
1626,Algeria,[10-14],Woman,Separated,Census,1987,1987,UNSD
1627,Algeria,[15-19],Woman,Separated,Census,1987,1987,UNSD
1628,Algeria,[20-24],Woman,Separated,Census,1987,1987,UNSD
1629,Algeria,[25-29],Woman,Separated,Census,1987,1987,UNSD
1630,Algeria,[30-34],Woman,Separated,Census,1987,1987,UNSD
1631,Algeria,[35-39],Woman,Separated,Census,1987,1987,UNSD
1632,Algeria,[40-44],Woman,Separated,Census,1987,1987,UNSD
1633,Algeria,[45-49],Woman,Separated,Census,1987,1987,UNSD
1634,Algeria,[50-54],Woman,Separated,Census,1987,1987,UNSD
1635,Algeria,[55-59],Woman,Separated,Census,1987,1987,UNSD
1636,Algeria,[60-64],Woman,Separated,Census,1987,1987,UNSD
1637,Algeria,[65+],Woman,Separated,Census,1987,1987,UNSD
1638,Algeria,[10-14],Woman,Single,Census,1987,1987,UNSD
1639,Algeria,[15-19],Woman,Single,Census,1987,1987,UNSD
1640,Algeria,[20-24],Woman,Single,Census,1987,1987,UNSD
1641,Algeria,[25-29],Woman,Single,Census,1987,1987,UNSD
1642,Algeria,[30-34],Woman,Single,Census,1987,1987,UNSD
1643,Algeria,[35-39],Woman,Single,Census,1987,1987,UNSD
1644,Algeria,[40-44],Woman,Single,Census,1987,1987,UNSD
1645,Algeria,[45-49],Woman,Single,Census,1987,1987,UNSD
1646,Algeria,[50-54],Woman,Single,Census,1987,1987,UNSD
1647,Algeria,[55-59],Woman,Single,Census,1987,1987,UNSD
1648,Algeria,[60-64],Woman,Single,Census,1987,1987,UNSD
1649,Algeria,[65+],Woman,Single,Census,1987,1987,UNSD
1650,Algeria,[10-14],Woman,Widowed,Census,1987,1987,UNSD
1651,Algeria,[15-19],Woman,Widowed,Census,1987,1987,UNSD
1652,Algeria,[20-24],Woman,Widowed,Census,1987,1987,UNSD
1653,Algeria,[25-29],Woman,Widowed,Census,1987,1987,UNSD
1654,Algeria,[30-34],Woman,Widowed,Census,1987,1987,UNSD
1655,Algeria,[35-39],Woman,Widowed,Census,1987,1987,UNSD
1656,Algeria,[40-44],Woman,Widowed,Census,1987,1987,UNSD
1657,Algeria,[45-49],Woman,Widowed,Census,1987,1987,UNSD
1658,Algeria,[50-54],Woman,Widowed,Census,1987,1987,UNSD
1659,Algeria,[55-59],Woman,Widowed,Census,1987,1987,UNSD
1660,Algeria,[60-64],Woman,Widowed,Census,1987,1987,UNSD
1661,Algeria,[65+],Woman,Widowed,Census,1987,1987,UNSD
1662,Algeria,[15-19],Woman,Divorced or Separated,Survey,1992,1992,PAPCHILD
1663,Algeria,[20-24],Woman,Divorced or Separated,Survey,1992,1992,PAPCHILD
1664,Algeria,[25-29],Woman,Divorced or Separated,Survey,1992,1992,PAPCHILD
1665,Algeria,[30-34],Woman,Divorced or Separated,Survey,1992,1992,PAPCHILD
1666,Algeria,[35-39],Woman,Divorced or Separated,Survey,1992,1992,PAPCHILD
1667,Algeria,[40-44],Woman,Divorced or Separated,Survey,1992,1992,PAPCHILD
1668,Algeria,[45-49],Woman,Divorced or Separated,Survey,1992,1992,PAPCHILD
1669,Algeria,[15-19],Woman,Married,Survey,1992,1992,PAPCHILD
1670,Algeria,[20-24],Woman,Married,Survey,1992,1992,PAPCHILD
1671,Algeria,[25-29],Woman,Married,Survey,1992,1992,PAPCHILD
1672,Algeria,[30-34],Woman,Married,Survey,1992,1992,PAPCHILD
1673,Algeria,[35-39],Woman,Married,Survey,1992,1992,PAPCHILD
1674,Algeria,[40-44],Woman,Married,Survey,1992,1992,PAPCHILD
1675,Algeria,[45-49],Woman,Married,Survey,1992,1992,PAPCHILD
1676,Algeria,[15-19],Woman,Single,Survey,1992,1992,PAPCHILD
1677,Algeria,[20-24],Woman,Single,Survey,1992,1992,PAPCHILD
1678,Algeria,[25-29],Woman,Single,Survey,1992,1992,PAPCHILD
1679,Algeria,[30-34],Woman,Single,Survey,1992,1992,PAPCHILD
1680,Algeria,[35-39],Woman,Single,Survey,1992,1992,PAPCHILD
1681,Algeria,[40-44],Woman,Single,Survey,1992,1992,PAPCHILD
1682,Algeria,[45-49],Woman,Single,Survey,1992,1992,PAPCHILD
1683,Algeria,[15-19],Woman,Widowed,Survey,1992,1992,PAPCHILD
1684,Algeria,[20-24],Woman,Widowed,Survey,1992,1992,PAPCHILD
1685,Algeria,[25-29],Woman,Widowed,Survey,1992,1992,PAPCHILD
1686,Algeria,[30-34],Woman,Widowed,Survey,1992,1992,PAPCHILD
1687,Algeria,[35-39],Woman,Widowed,Survey,1992,1992,PAPCHILD
1688,Algeria,[40-44],Woman,Widowed,Survey,1992,1992,PAPCHILD
1689,Algeria,[45-49],Woman,Widowed,Survey,1992,1992,PAPCHILD
1690,Algeria,[15-19],Man,Divorced,Survey,2002,2002,PAPFAM
1691,Algeria,[20-24],Man,Divorced,Survey,2002,2002,PAPFAM
1692,Algeria,[25-29],Man,Divorced,Survey,2002,2002,PAPFAM
1693,Algeria,[30-34],Man,Divorced,Survey,2002,2002,PAPFAM
1694,Algeria,[35-39],Man,Divorced,Survey,2002,2002,PAPFAM
1695,Algeria,[40-44],Man,Divorced,Survey,2002,2002,PAPFAM
1696,Algeria,[45-49],Man,Divorced,Survey,2002,2002,PAPFAM
1697,Algeria,[50-54],Man,Divorced,Survey,2002,2002,PAPFAM
1698,Algeria,[55-59],Man,Divorced,Survey,2002,2002,PAPFAM
1699,Algeria,[60-64],Man,Divorced,Survey,2002,2002,PAPFAM
1700,Algeria,[65-69],Man,Divorced,Survey,2002,2002,PAPFAM
1701,Algeria,[15-19],Man,Married,Survey,2002,2002,PAPFAM
1702,Algeria,[20-24],Man,Married,Survey,2002,2002,PAPFAM
1703,Algeria,[25-29],Man,Married,Survey,2002,2002,PAPFAM
1704,Algeria,[30-34],Man,Married,Survey,2002,2002,PAPFAM
1705,Algeria,[35-39],Man,Married,Survey,2002,2002,PAPFAM
1706,Algeria,[40-44],Man,Married,Survey,2002,2002,PAPFAM
1707,Algeria,[45-49],Man,Married,Survey,2002,2002,PAPFAM
1708,Algeria,[50-54],Man,Married,Survey,2002,2002,PAPFAM
1709,Algeria,[55-59],Man,Married,Survey,2002,2002,PAPFAM
1710,Algeria,[60-64],Man,Married,Survey,2002,2002,PAPFAM
1711,Algeria,[65-69],Man,Married,Survey,2002,2002,PAPFAM
1712,Algeria,[15-19],Man,Single,Survey,2002,2002,PAPFAM
1713,Algeria,[20-24],Man,Single,Survey,2002,2002,PAPFAM
1714,Algeria,[25-29],Man,Single,Survey,2002,2002,PAPFAM
1715,Algeria,[30-34],Man,Single,Survey,2002,2002,PAPFAM
1716,Algeria,[35-39],Man,Single,Survey,2002,2002,PAPFAM
1717,Algeria,[40-44],Man,Single,Survey,2002,2002,PAPFAM
1718,Algeria,[45-49],Man,Single,Survey,2002,2002,PAPFAM
1719,Algeria,[50-54],Man,Single,Survey,2002,2002,PAPFAM
1720,Algeria,[55-59],Man,Single,Survey,2002,2002,PAPFAM
1721,Algeria,[60-64],Man,Single,Survey,2002,2002,PAPFAM
1722,Algeria,[65-69],Man,Single,Survey,2002,2002,PAPFAM
1723,Algeria,[15-19],Man,Widowed,Survey,2002,2002,PAPFAM
1724,Algeria,[20-24],Man,Widowed,Survey,2002,2002,PAPFAM
1725,Algeria,[25-29],Man,Widowed,Survey,2002,2002,PAPFAM
1726,Algeria,[30-34],Man,Widowed,Survey,2002,2002,PAPFAM
1727,Algeria,[35-39],Man,Widowed,Survey,2002,2002,PAPFAM
1728,Algeria,[40-44],Man,Widowed,Survey,2002,2002,PAPFAM
1729,Algeria,[45-49],Man,Widowed,Survey,2002,2002,PAPFAM
1730,Algeria,[50-54],Man,Widowed,Survey,2002,2002,PAPFAM
1731,Algeria,[55-59],Man,Widowed,Survey,2002,2002,PAPFAM
1732,Algeria,[60-64],Man,Widowed,Survey,2002,2002,PAPFAM
1733,Algeria,[65-69],Man,Widowed,Survey,2002,2002,PAPFAM
1734,Algeria,[15-19],Woman,Divorced,Survey,2002,2002,PAPFAM
1735,Algeria,[20-24],Woman,Divorced,Survey,2002,2002,PAPFAM
1736,Algeria,[25-29],Woman,Divorced,Survey,2002,2002,PAPFAM
1737,Algeria,[30-34],Woman,Divorced,Survey,2002,2002,PAPFAM
1738,Algeria,[35-39],Woman,Divorced,Survey,2002,2002,PAPFAM
1739,Algeria,[40-44],Woman,Divorced,Survey,2002,2002,PAPFAM
1740,Algeria,[45-49],Woman,Divorced,Survey,2002,2002,PAPFAM
1741,Algeria,[50-54],Woman,Divorced,Survey,2002,2002,PAPFAM
1742,Algeria,[55-59],Woman,Divorced,Survey,2002,2002,PAPFAM
1743,Algeria,[60-64],Woman,Divorced,Survey,2002,2002,PAPFAM
1744,Algeria,[65-69],Woman,Divorced,Survey,2002,2002,PAPFAM
1745,Algeria,[15-19],Woman,Married,Survey,2002,2002,PAPFAM
1746,Algeria,[20-24],Woman,Married,Survey,2002,2002,PAPFAM
1747,Algeria,[25-29],Woman,Married,Survey,2002,2002,PAPFAM
1748,Algeria,[30-34],Woman,Married,Survey,2002,2002,PAPFAM
1749,Algeria,[35-39],Woman,Married,Survey,2002,2002,PAPFAM
1750,Algeria,[40-44],Woman,Married,Survey,2002,2002,PAPFAM
1751,Algeria,[45-49],Woman,Married,Survey,2002,2002,PAPFAM
1752,Algeria,[50-54],Woman,Married,Survey,2002,2002,PAPFAM
1753,Algeria,[55-59],Woman,Married,Survey,2002,2002,PAPFAM
1754,Algeria,[60-64],Woman,Married,Survey,2002,2002,PAPFAM
1755,Algeria,[65-69],Woman,Married,Survey,2002,2002,PAPFAM
1756,Algeria,[15-19],Woman,Single,Survey,2002,2002,PAPFAM
1757,Algeria,[20-24],Woman,Single,Survey,2002,2002,PAPFAM
1758,Algeria,[25-29],Woman,Single,Survey,2002,2002,PAPFAM
1759,Algeria,[30-34],Woman,Single,Survey,2002,2002,PAPFAM
1760,Algeria,[35-39],Woman,Single,Survey,2002,2002,PAPFAM
1761,Algeria,[40-44],Woman,Single,Survey,2002,2002,PAPFAM
1762,Algeria,[45-49],Woman,Single,Survey,2002,2002,PAPFAM
1763,Algeria,[50-54],Woman,Single,Survey,2002,2002,PAPFAM
1764,Algeria,[55-59],Woman,Single,Survey,2002,2002,PAPFAM
1765,Algeria,[60-64],Woman,Single,Survey,2002,2002,PAPFAM
1766,Algeria,[65-69],Woman,Single,Survey,2002,2002,PAPFAM
1767,Algeria,[15-19],Woman,Widowed,Survey,2002,2002,PAPFAM
1768,Algeria,[20-24],Woman,Widowed,Survey,2002,2002,PAPFAM
1769,Algeria,[25-29],Woman,Widowed,Survey,2002,2002,PAPFAM
1770,Algeria,[30-34],Woman,Widowed,Survey,2002,2002,PAPFAM
1771,Algeria,[35-39],Woman,Widowed,Survey,2002,2002,PAPFAM
1772,Algeria,[40-44],Woman,Widowed,Survey,2002,2002,PAPFAM
1773,Algeria,[45-49],Woman,Widowed,Survey,2002,2002,PAPFAM
1774,Algeria,[50-54],Woman,Widowed,Survey,2002,2002,PAPFAM
1775,Algeria,[55-59],Woman,Widowed,Survey,2002,2002,PAPFAM
1776,Algeria,[60-64],Woman,Widowed,Survey,2002,2002,PAPFAM
1777,Algeria,[65-69],Woman,Widowed,Survey,2002,2002,PAPFAM
1778,Algeria,[25-29],Man,Divorced,Survey,2006,2006,INED
1779,Algeria,[30-34],Man,Divorced,Survey,2006,2006,INED
1780,Algeria,[35-39],Man,Divorced,Survey,2006,2006,INED
1781,Algeria,[40-44],Man,Divorced,Survey,2006,2006,INED
1782,Algeria,[45-49],Man,Divorced,Survey,2006,2006,INED
1783,Algeria,[50-54],Man,Divorced,Survey,2006,2006,INED
1784,Algeria,[55-59],Man,Divorced,Survey,2006,2006,INED
1785,Algeria,[60-64],Man,Divorced,Survey,2006,2006,INED
1786,Algeria,[65-69],Man,Divorced,Survey,2006,2006,INED
1787,Algeria,[70+],Man,Divorced,Survey,2006,2006,INED
1788,Algeria,[15-19],Man,Married,Survey,2006,2006,INED
1789,Algeria,[20-24],Man,Married,Survey,2006,2006,INED
1790,Algeria,[25-29],Man,Married,Survey,2006,2006,INED
1791,Algeria,[30-34],Man,Married,Survey,2006,2006,INED
1792,Algeria,[35-39],Man,Married,Survey,2006,2006,INED
1793,Algeria,[40-44],Man,Married,Survey,2006,2006,INED
1794,Algeria,[45-49],Man,Married,Survey,2006,2006,INED
1795,Algeria,[50-54],Man,Married,Survey,2006,2006,INED
1796,Algeria,[55-59],Man,Married,Survey,2006,2006,INED
1797,Algeria,[60-64],Man,Married,Survey,2006,2006,INED
1798,Algeria,[65-69],Man,Married,Survey,2006,2006,INED
1799,Algeria,[70+],Man,Married,Survey,2006,2006,INED
1800,Algeria,[15-19],Man,Single,Survey,2006,2006,INED
1801,Algeria,[20-24],Man,Single,Survey,2006,2006,INED
1802,Algeria,[25-29],Man,Single,Survey,2006,2006,INED
1803,Algeria,[30-34],Man,Single,Survey,2006,2006,INED
1804,Algeria,[35-39],Man,Single,Survey,2006,2006,INED
1805,Algeria,[40-44],Man,Single,Survey,2006,2006,INED
1806,Algeria,[45-49],Man,Single,Survey,2006,2006,INED
1807,Algeria,[50-54],Man,Single,Survey,2006,2006,INED
1808,Algeria,[55-59],Man,Single,Survey,2006,2006,INED
1809,Algeria,[60-64],Man,Single,Survey,2006,2006,INED
1810,Algeria,[65-69],Man,Single,Survey,2006,2006,INED
1811,Algeria,[70+],Man,Single,Survey,2006,2006,INED
1812,Algeria,[15-19],Man,Widowed,Survey,2006,2006,INED
1813,Algeria,[25-29],Man,Widowed,Survey,2006,2006,INED
1814,Algeria,[30-34],Man,Widowed,Survey,2006,2006,INED
1815,Algeria,[35-39],Man,Widowed,Survey,2006,2006,INED
1816,Algeria,[40-44],Man,Widowed,Survey,2006,2006,INED
1817,Algeria,[45-49],Man,Widowed,Survey,2006,2006,INED
1818,Algeria,[50-54],Man,Widowed,Survey,2006,2006,INED
1819,Algeria,[55-59],Man,Widowed,Survey,2006,2006,INED
1820,Algeria,[60-64],Man,Widowed,Survey,2006,2006,INED
1821,Algeria,[65-69],Man,Widowed,Survey,2006,2006,INED
1822,Algeria,[70+],Man,Widowed,Survey,2006,2006,INED
1823,Algeria,[15-19],Woman,Divorced,Survey,2006,2006,INED
1824,Algeria,[20-24],Woman,Divorced,Survey,2006,2006,INED
1825,Algeria,[25-29],Woman,Divorced,Survey,2006,2006,INED
1826,Algeria,[30-34],Woman,Divorced,Survey,2006,2006,INED
1827,Algeria,[35-39],Woman,Divorced,Survey,2006,2006,INED
1828,Algeria,[40-44],Woman,Divorced,Survey,2006,2006,INED
1829,Algeria,[45-49],Woman,Divorced,Survey,2006,2006,INED
1830,Algeria,[50-54],Woman,Divorced,Survey,2006,2006,INED
1831,Algeria,[55-59],Woman,Divorced,Survey,2006,2006,INED
1832,Algeria,[60-64],Woman,Divorced,Survey,2006,2006,INED
1833,Algeria,[65-69],Woman,Divorced,Survey,2006,2006,INED
1834,Algeria,[70+],Woman,Divorced,Survey,2006,2006,INED
1835,Algeria,[15-19],Woman,Married,Survey,2006,2006,INED
1836,Algeria,[20-24],Woman,Married,Survey,2006,2006,INED
1837,Algeria,[25-29],Woman,Married,Survey,2006,2006,INED
1838,Algeria,[30-34],Woman,Married,Survey,2006,2006,INED
1839,Algeria,[35-39],Woman,Married,Survey,2006,2006,INED
1840,Algeria,[40-44],Woman,Married,Survey,2006,2006,INED
1841,Algeria,[45-49],Woman,Married,Survey,2006,2006,INED
1842,Algeria,[50-54],Woman,Married,Survey,2006,2006,INED
1843,Algeria,[55-59],Woman,Married,Survey,2006,2006,INED
1844,Algeria,[60-64],Woman,Married,Survey,2006,2006,INED
1845,Algeria,[65-69],Woman,Married,Survey,2006,2006,INED
1846,Algeria,[70+],Woman,Married,Survey,2006,2006,INED
1847,Algeria,[15-19],Woman,Single,Survey,2006,2006,INED
1848,Algeria,[20-24],Woman,Single,Survey,2006,2006,INED
1849,Algeria,[25-29],Woman,Single,Survey,2006,2006,INED
1850,Algeria,[30-34],Woman,Single,Survey,2006,2006,INED
1851,Algeria,[35-39],Woman,Single,Survey,2006,2006,INED
1852,Algeria,[40-44],Woman,Single,Survey,2006,2006,INED
1853,Algeria,[45-49],Woman,Single,Survey,2006,2006,INED
1854,Algeria,[50-54],Woman,Single,Survey,2006,2006,INED
1855,Algeria,[55-59],Woman,Single,Survey,2006,2006,INED
1856,Algeria,[60-64],Woman,Single,Survey,2006,2006,INED
1857,Algeria,[65-69],Woman,Single,Survey,2006,2006,INED
1858,Algeria,[70+],Woman,Single,Survey,2006,2006,INED
1859,Algeria,[20-24],Woman,Widowed,Survey,2006,2006,INED
1860,Algeria,[25-29],Woman,Widowed,Survey,2006,2006,INED
1861,Algeria,[30-34],Woman,Widowed,Survey,2006,2006,INED
1862,Algeria,[35-39],Woman,Widowed,Survey,2006,2006,INED
1863,Algeria,[40-44],Woman,Widowed,Survey,2006,2006,INED
1864,Algeria,[45-49],Woman,Widowed,Survey,2006,2006,INED
1865,Algeria,[50-54],Woman,Widowed,Survey,2006,2006,INED
1866,Algeria,[55-59],Woman,Widowed,Survey,2006,2006,INED
1867,Algeria,[60-64],Woman,Widowed,Survey,2006,2006,INED
1868,Algeria,[65-69],Woman,Widowed,Survey,2006,2006,INED
1869,Algeria,[70+],Woman,Widowed,Survey,2006,2006,INED
1870,Algeria,[10-14],Man,Divorced,Census,2008,2008,UNSD
1871,Algeria,[15-19],Man,Divorced,Census,2008,2008,UNSD
1872,Algeria,[20-24],Man,Divorced,Census,2008,2008,UNSD
1873,Algeria,[25-29],Man,Divorced,Census,2008,2008,UNSD
1874,Algeria,[30-34],Man,Divorced,Census,2008,2008,UNSD
1875,Algeria,[35-39],Man,Divorced,Census,2008,2008,UNSD
1876,Algeria,[40-44],Man,Divorced,Census,2008,2008,UNSD
1877,Algeria,[45-49],Man,Divorced,Census,2008,2008,UNSD
1878,Algeria,[50-54],Man,Divorced,Census,2008,2008,UNSD
1879,Algeria,[55-59],Man,Divorced,Census,2008,2008,UNSD
1880,Algeria,[60-64],Man,Divorced,Census,2008,2008,UNSD
1881,Algeria,[65-69],Man,Divorced,Census,2008,2008,UNSD
1882,Algeria,[70-74],Man,Divorced,Census,2008,2008,UNSD
1883,Algeria,[75+],Man,Divorced,Census,2008,2008,UNSD
1884,Algeria,[10-14],Man,Married,Census,2008,2008,UNSD
1885,Algeria,[15-19],Man,Married,Census,2008,2008,UNSD
1886,Algeria,[20-24],Man,Married,Census,2008,2008,UNSD
1887,Algeria,[25-29],Man,Married,Census,2008,2008,UNSD
1888,Algeria,[30-34],Man,Married,Census,2008,2008,UNSD
1889,Algeria,[35-39],Man,Married,Census,2008,2008,UNSD
1890,Algeria,[40-44],Man,Married,Census,2008,2008,UNSD
1891,Algeria,[45-49],Man,Married,Census,2008,2008,UNSD
1892,Algeria,[50-54],Man,Married,Census,2008,2008,UNSD
1893,Algeria,[55-59],Man,Married,Census,2008,2008,UNSD
1894,Algeria,[60-64],Man,Married,Census,2008,2008,UNSD
1895,Algeria,[65-69],Man,Married,Census,2008,2008,UNSD
1896,Algeria,[70-74],Man,Married,Census,2008,2008,UNSD
1897,Algeria,[75+],Man,Married,Census,2008,2008,UNSD
1898,Algeria,[10-14],Man,Single,Census,2008,2008,UNSD
1899,Algeria,[15-19],Man,Single,Census,2008,2008,UNSD
1900,Algeria,[20-24],Man,Single,Census,2008,2008,UNSD
1901,Algeria,[25-29],Man,Single,Census,2008,2008,UNSD
1902,Algeria,[30-34],Man,Single,Census,2008,2008,UNSD
1903,Algeria,[35-39],Man,Single,Census,2008,2008,UNSD
1904,Algeria,[40-44],Man,Single,Census,2008,2008,UNSD
1905,Algeria,[45-49],Man,Single,Census,2008,2008,UNSD
1906,Algeria,[50-54],Man,Single,Census,2008,2008,UNSD
1907,Algeria,[55-59],Man,Single,Census,2008,2008,UNSD
1908,Algeria,[60-64],Man,Single,Census,2008,2008,UNSD
1909,Algeria,[65-69],Man,Single,Census,2008,2008,UNSD
1910,Algeria,[70-74],Man,Single,Census,2008,2008,UNSD
1911,Algeria,[75+],Man,Single,Census,2008,2008,UNSD
1912,Algeria,[10-14],Man,Widowed,Census,2008,2008,UNSD
1913,Algeria,[15-19],Man,Widowed,Census,2008,2008,UNSD
1914,Algeria,[20-24],Man,Widowed,Census,2008,2008,UNSD
1915,Algeria,[25-29],Man,Widowed,Census,2008,2008,UNSD
1916,Algeria,[30-34],Man,Widowed,Census,2008,2008,UNSD
1917,Algeria,[35-39],Man,Widowed,Census,2008,2008,UNSD
1918,Algeria,[40-44],Man,Widowed,Census,2008,2008,UNSD
1919,Algeria,[45-49],Man,Widowed,Census,2008,2008,UNSD
1920,Algeria,[50-54],Man,Widowed,Census,2008,2008,UNSD
1921,Algeria,[55-59],Man,Widowed,Census,2008,2008,UNSD
1922,Algeria,[60-64],Man,Widowed,Census,2008,2008,UNSD
1923,Algeria,[65-69],Man,Widowed,Census,2008,2008,UNSD
1924,Algeria,[70-74],Man,Widowed,Census,2008,2008,UNSD
1925,Algeria,[75+],Man,Widowed,Census,2008,2008,UNSD
1926,Algeria,[10-14],Woman,Divorced,Census,2008,2008,UNSD
1927,Algeria,[15-19],Woman,Divorced,Census,2008,2008,UNSD
1928,Algeria,[20-24],Woman,Divorced,Census,2008,2008,UNSD
1929,Algeria,[25-29],Woman,Divorced,Census,2008,2008,UNSD
1930,Algeria,[30-34],Woman,Divorced,Census,2008,2008,UNSD
1931,Algeria,[35-39],Woman,Divorced,Census,2008,2008,UNSD
1932,Algeria,[40-44],Woman,Divorced,Census,2008,2008,UNSD
1933,Algeria,[45-49],Woman,Divorced,Census,2008,2008,UNSD
1934,Algeria,[50-54],Woman,Divorced,Census,2008,2008,UNSD
1935,Algeria,[55-59],Woman,Divorced,Census,2008,2008,UNSD
1936,Algeria,[60-64],Woman,Divorced,Census,2008,2008,UNSD
1937,Algeria,[65-69],Woman,Divorced,Census,2008,2008,UNSD
1938,Algeria,[70-74],Woman,Divorced,Census,2008,2008,UNSD
1939,Algeria,[75+],Woman,Divorced,Census,2008,2008,UNSD
1940,Algeria,[10-14],Woman,Married,Census,2008,2008,UNSD
1941,Algeria,[15-19],Woman,Married,Census,2008,2008,UNSD
1942,Algeria,[20-24],Woman,Married,Census,2008,2008,UNSD
1943,Algeria,[25-29],Woman,Married,Census,2008,2008,UNSD
1944,Algeria,[30-34],Woman,Married,Census,2008,2008,UNSD
1945,Algeria,[35-39],Woman,Married,Census,2008,2008,UNSD
1946,Algeria,[40-44],Woman,Married,Census,2008,2008,UNSD
1947,Algeria,[45-49],Woman,Married,Census,2008,2008,UNSD
1948,Algeria,[50-54],Woman,Married,Census,2008,2008,UNSD
1949,Algeria,[55-59],Woman,Married,Census,2008,2008,UNSD
1950,Algeria,[60-64],Woman,Married,Census,2008,2008,UNSD
1951,Algeria,[65-69],Woman,Married,Census,2008,2008,UNSD
1952,Algeria,[70-74],Woman,Married,Census,2008,2008,UNSD
1953,Algeria,[75+],Woman,Married,Census,2008,2008,UNSD
1954,Algeria,[10-14],Woman,Single,Census,2008,2008,UNSD
1955,Algeria,[15-19],Woman,Single,Census,2008,2008,UNSD
1956,Algeria,[20-24],Woman,Single,Census,2008,2008,UNSD
1957,Algeria,[25-29],Woman,Single,Census,2008,2008,UNSD
1958,Algeria,[30-34],Woman,Single,Census,2008,2008,UNSD
1959,Algeria,[35-39],Woman,Single,Census,2008,2008,UNSD
1960,Algeria,[40-44],Woman,Single,Census,2008,2008,UNSD
1961,Algeria,[45-49],Woman,Single,Census,2008,2008,UNSD
1962,Algeria,[50-54],Woman,Single,Census,2008,2008,UNSD
1963,Algeria,[55-59],Woman,Single,Census,2008,2008,UNSD
1964,Algeria,[60-64],Woman,Single,Census,2008,2008,UNSD
1965,Algeria,[65-69],Woman,Single,Census,2008,2008,UNSD
1966,Algeria,[70-74],Woman,Single,Census,2008,2008,UNSD
1967,Algeria,[75+],Woman,Single,Census,2008,2008,UNSD
1968,Algeria,[10-14],Woman,Widowed,Census,2008,2008,UNSD
1969,Algeria,[15-19],Woman,Widowed,Census,2008,2008,UNSD
1970,Algeria,[20-24],Woman,Widowed,Census,2008,2008,UNSD
1971,Algeria,[25-29],Woman,Widowed,Census,2008,2008,UNSD
1972,Algeria,[30-34],Woman,Widowed,Census,2008,2008,UNSD
1973,Algeria,[35-39],Woman,Widowed,Census,2008,2008,UNSD
1974,Algeria,[40-44],Woman,Widowed,Census,2008,2008,UNSD
1975,Algeria,[45-49],Woman,Widowed,Census,2008,2008,UNSD
1976,Algeria,[50-54],Woman,Widowed,Census,2008,2008,UNSD
1977,Algeria,[55-59],Woman,Widowed,Census,2008,2008,UNSD
1978,Algeria,[60-64],Woman,Widowed,Census,2008,2008,UNSD
1979,Algeria,[65-69],Woman,Widowed,Census,2008,2008,UNSD
1980,Algeria,[70-74],Woman,Widowed,Census,2008,2008,UNSD
1981,Algeria,[75+],Woman,Widowed,Census,2008,2008,UNSD
1982,Algeria,[15-19],Woman,Divorced,Survey,2012,2013,MICS
1983,Algeria,[20-24],Woman,Divorced,Survey,2012,2013,MICS
1984,Algeria,[25-29],Woman,Divorced,Survey,2012,2013,MICS
1985,Algeria,[30-34],Woman,Divorced,Survey,2012,2013,MICS
1986,Algeria,[35-39],Woman,Divorced,Survey,2012,2013,MICS
1987,Algeria,[40-44],Woman,Divorced,Survey,2012,2013,MICS
1988,Algeria,[45-49],Woman,Divorced,Survey,2012,2013,MICS
1989,Algeria,[15-19],Woman,Married,Survey,2012,2013,MICS
1990,Algeria,[20-24],Woman,Married,Survey,2012,2013,MICS
1991,Algeria,[25-29],Woman,Married,Survey,2012,2013,MICS
1992,Algeria,[30-34],Woman,Married,Survey,2012,2013,MICS
1993,Algeria,[35-39],Woman,Married,Survey,2012,2013,MICS
1994,Algeria,[40-44],Woman,Married,Survey,2012,2013,MICS
1995,Algeria,[45-49],Woman,Married,Survey,2012,2013,MICS
1996,Algeria,[15-19],Woman,Never married,Survey,2012,2013,MICS
1997,Algeria,[20-24],Woman,Never married,Survey,2012,2013,MICS
1998,Algeria,[25-29],Woman,Never married,Survey,2012,2013,MICS
1999,Algeria,[30-34],Woman,Never married,Survey,2012,2013,MICS
2000,Algeria,[35-39],Woman,Never married,Survey,2012,2013,MICS
2001,Algeria,[40-44],Woman,Never married,Survey,2012,2013,MICS
2002,Algeria,[45-49],Woman,Never married,Survey,2012,2013,MICS
2003,Algeria,[15-19],Woman,Separated,Survey,2012,2013,MICS
2004,Algeria,[20-24],Woman,Separated,Survey,2012,2013,MICS
2005,Algeria,[25-29],Woman,Separated,Survey,2012,2013,MICS
2006,Algeria,[30-34],Woman,Separated,Survey,2012,2013,MICS
2007,Algeria,[35-39],Woman,Separated,Survey,2012,2013,MICS
2008,Algeria,[40-44],Woman,Separated,Survey,2012,2013,MICS
2009,Algeria,[45-49],Woman,Separated,Survey,2012,2013,MICS
2010,Algeria,[15-19],Woman,Widowed,Survey,2012,2013,MICS
2011,Algeria,[20-24],Woman,Widowed,Survey,2012,2013,MICS
2012,Algeria,[25-29],Woman,Widowed,Survey,2012,2013,MICS
2013,Algeria,[30-34],Woman,Widowed,Survey,2012,2013,MICS
2014,Algeria,[35-39],Woman,Widowed,Survey,2012,2013,MICS
2015,Algeria,[40-44],Woman,Widowed,Survey,2012,2013,MICS
2016,Algeria,[45-49],Woman,Widowed,Survey,2012,2013,MICS
2017,Algeria,[15-19],Man,Divorced,Survey,2012,2013,MICS_HH
2018,Algeria,[20-24],Man,Divorced,Survey,2012,2013,MICS_HH
2019,Algeria,[25-29],Man,Divorced,Survey,2012,2013,MICS_HH
2020,Algeria,[30-34],Man,Divorced,Survey,2012,2013,MICS_HH
2021,Algeria,[35-39],Man,Divorced,Survey,2012,2013,MICS_HH
2022,Algeria,[40-44],Man,Divorced,Survey,2012,2013,MICS_HH
2023,Algeria,[45-49],Man,Divorced,Survey,2012,2013,MICS_HH
2024,Algeria,[50-54],Man,Divorced,Survey,2012,2013,MICS_HH
2025,Algeria,[55-59],Man,Divorced,Survey,2012,2013,MICS_HH
2026,Algeria,[60-64],Man,Divorced,Survey,2012,2013,MICS_HH
2027,Algeria,[65-69],Man,Divorced,Survey,2012,2013,MICS_HH
2028,Algeria,[70-74],Man,Divorced,Survey,2012,2013,MICS_HH
2029,Algeria,[75+],Man,Divorced,Survey,2012,2013,MICS_HH
2030,Algeria,[15-19],Man,Married,Survey,2012,2013,MICS_HH
2031,Algeria,[20-24],Man,Married,Survey,2012,2013,MICS_HH
2032,Algeria,[25-29],Man,Married,Survey,2012,2013,MICS_HH
2033,Algeria,[30-34],Man,Married,Survey,2012,2013,MICS_HH
2034,Algeria,[35-39],Man,Married,Survey,2012,2013,MICS_HH
2035,Algeria,[40-44],Man,Married,Survey,2012,2013,MICS_HH
2036,Algeria,[45-49],Man,Married,Survey,2012,2013,MICS_HH
2037,Algeria,[50-54],Man,Married,Survey,2012,2013,MICS_HH
2038,Algeria,[55-59],Man,Married,Survey,2012,2013,MICS_HH
2039,Algeria,[60-64],Man,Married,Survey,2012,2013,MICS_HH
2040,Algeria,[65-69],Man,Married,Survey,2012,2013,MICS_HH
2041,Algeria,[70-74],Man,Married,Survey,2012,2013,MICS_HH
2042,Algeria,[75+],Man,Married,Survey,2012,2013,MICS_HH
2043,Algeria,[15-19],Man,Never married,Survey,2012,2013,MICS_HH
2044,Algeria,[20-24],Man,Never married,Survey,2012,2013,MICS_HH
2045,Algeria,[25-29],Man,Never married,Survey,2012,2013,MICS_HH
2046,Algeria,[30-34],Man,Never married,Survey,2012,2013,MICS_HH
2047,Algeria,[35-39],Man,Never married,Survey,2012,2013,MICS_HH
2048,Algeria,[40-44],Man,Never married,Survey,2012,2013,MICS_HH
2049,Algeria,[45-49],Man,Never married,Survey,2012,2013,MICS_HH
2050,Algeria,[50-54],Man,Never married,Survey,2012,2013,MICS_HH
2051,Algeria,[55-59],Man,Never married,Survey,2012,2013,MICS_HH
2052,Algeria,[60-64],Man,Never married,Survey,2012,2013,MICS_HH
2053,Algeria,[65-69],Man,Never married,Survey,2012,2013,MICS_HH
2054,Algeria,[70-74],Man,Never married,Survey,2012,2013,MICS_HH
2055,Algeria,[75+],Man,Never married,Survey,2012,2013,MICS_HH
2056,Algeria,[15-19],Man,Separated,Survey,2012,2013,MICS_HH
2057,Algeria,[20-24],Man,Separated,Survey,2012,2013,MICS_HH
2058,Algeria,[25-29],Man,Separated,Survey,2012,2013,MICS_HH
2059,Algeria,[30-34],Man,Separated,Survey,2012,2013,MICS_HH
2060,Algeria,[35-39],Man,Separated,Survey,2012,2013,MICS_HH
2061,Algeria,[40-44],Man,Separated,Survey,2012,2013,MICS_HH
2062,Algeria,[45-49],Man,Separated,Survey,2012,2013,MICS_HH
2063,Algeria,[50-54],Man,Separated,Survey,2012,2013,MICS_HH
2064,Algeria,[55-59],Man,Separated,Survey,2012,2013,MICS_HH
2065,Algeria,[60-64],Man,Separated,Survey,2012,2013,MICS_HH
2066,Algeria,[65-69],Man,Separated,Survey,2012,2013,MICS_HH
2067,Algeria,[70-74],Man,Separated,Survey,2012,2013,MICS_HH
2068,Algeria,[75+],Man,Separated,Survey,2012,2013,MICS_HH
2069,Algeria,[15-19],Man,Widowed,Survey,2012,2013,MICS_HH
2070,Algeria,[20-24],Man,Widowed,Survey,2012,2013,MICS_HH
2071,Algeria,[25-29],Man,Widowed,Survey,2012,2013,MICS_HH
2072,Algeria,[30-34],Man,Widowed,Survey,2012,2013,MICS_HH
2073,Algeria,[35-39],Man,Widowed,Survey,2012,2013,MICS_HH
2074,Algeria,[40-44],Man,Widowed,Survey,2012,2013,MICS_HH
2075,Algeria,[45-49],Man,Widowed,Survey,2012,2013,MICS_HH
2076,Algeria,[50-54],Man,Widowed,Survey,2012,2013,MICS_HH
2077,Algeria,[55-59],Man,Widowed,Survey,2012,2013,MICS_HH
2078,Algeria,[60-64],Man,Widowed,Survey,2012,2013,MICS_HH
2079,Algeria,[65-69],Man,Widowed,Survey,2012,2013,MICS_HH
2080,Algeria,[70-74],Man,Widowed,Survey,2012,2013,MICS_HH
2081,Algeria,[75+],Man,Widowed,Survey,2012,2013,MICS_HH
2082,Algeria,[15-19],Woman,Divorced,Survey,2012,2013,MICS_HH
2083,Algeria,[20-24],Woman,Divorced,Survey,2012,2013,MICS_HH
2084,Algeria,[25-29],Woman,Divorced,Survey,2012,2013,MICS_HH
2085,Algeria,[30-34],Woman,Divorced,Survey,2012,2013,MICS_HH
2086,Algeria,[35-39],Woman,Divorced,Survey,2012,2013,MICS_HH
2087,Algeria,[40-44],Woman,Divorced,Survey,2012,2013,MICS_HH
2088,Algeria,[45-49],Woman,Divorced,Survey,2012,2013,MICS_HH
2089,Algeria,[50-54],Woman,Divorced,Survey,2012,2013,MICS_HH
2090,Algeria,[55-59],Woman,Divorced,Survey,2012,2013,MICS_HH
2091,Algeria,[60-64],Woman,Divorced,Survey,2012,2013,MICS_HH
2092,Algeria,[65-69],Woman,Divorced,Survey,2012,2013,MICS_HH
2093,Algeria,[70-74],Woman,Divorced,Survey,2012,2013,MICS_HH
2094,Algeria,[75+],Woman,Divorced,Survey,2012,2013,MICS_HH
2095,Algeria,[15-19],Woman,Married,Survey,2012,2013,MICS_HH
2096,Algeria,[20-24],Woman,Married,Survey,2012,2013,MICS_HH
2097,Algeria,[25-29],Woman,Married,Survey,2012,2013,MICS_HH
2098,Algeria,[30-34],Woman,Married,Survey,2012,2013,MICS_HH
2099,Algeria,[35-39],Woman,Married,Survey,2012,2013,MICS_HH
2100,Algeria,[40-44],Woman,Married,Survey,2012,2013,MICS_HH
2101,Algeria,[45-49],Woman,Married,Survey,2012,2013,MICS_HH
2102,Algeria,[50-54],Woman,Married,Survey,2012,2013,MICS_HH
2103,Algeria,[55-59],Woman,Married,Survey,2012,2013,MICS_HH
2104,Algeria,[60-64],Woman,Married,Survey,2012,2013,MICS_HH
2105,Algeria,[65-69],Woman,Married,Survey,2012,2013,MICS_HH
2106,Algeria,[70-74],Woman,Married,Survey,2012,2013,MICS_HH
2107,Algeria,[75+],Woman,Married,Survey,2012,2013,MICS_HH
2108,Algeria,[15-19],Woman,Never married,Survey,2012,2013,MICS_HH
2109,Algeria,[20-24],Woman,Never married,Survey,2012,2013,MICS_HH
2110,Algeria,[25-29],Woman,Never married,Survey,2012,2013,MICS_HH
2111,Algeria,[30-34],Woman,Never married,Survey,2012,2013,MICS_HH
2112,Algeria,[35-39],Woman,Never married,Survey,2012,2013,MICS_HH
2113,Algeria,[40-44],Woman,Never married,Survey,2012,2013,MICS_HH
2114,Algeria,[45-49],Woman,Never married,Survey,2012,2013,MICS_HH
2115,Algeria,[50-54],Woman,Never married,Survey,2012,2013,MICS_HH
2116,Algeria,[55-59],Woman,Never married,Survey,2012,2013,MICS_HH
2117,Algeria,[60-64],Woman,Never married,Survey,2012,2013,MICS_HH
2118,Algeria,[65-69],Woman,Never married,Survey,2012,2013,MICS_HH
2119,Algeria,[70-74],Woman,Never married,Survey,2012,2013,MICS_HH
2120,Algeria,[75+],Woman,Never married,Survey,2012,2013,MICS_HH
2121,Algeria,[15-19],Woman,Separated,Survey,2012,2013,MICS_HH
2122,Algeria,[20-24],Woman,Separated,Survey,2012,2013,MICS_HH
2123,Algeria,[25-29],Woman,Separated,Survey,2012,2013,MICS_HH
2124,Algeria,[30-34],Woman,Separated,Survey,2012,2013,MICS_HH
2125,Algeria,[35-39],Woman,Separated,Survey,2012,2013,MICS_HH
2126,Algeria,[40-44],Woman,Separated,Survey,2012,2013,MICS_HH
2127,Algeria,[45-49],Woman,Separated,Survey,2012,2013,MICS_HH
2128,Algeria,[50-54],Woman,Separated,Survey,2012,2013,MICS_HH
2129,Algeria,[55-59],Woman,Separated,Survey,2012,2013,MICS_HH
2130,Algeria,[60-64],Woman,Separated,Survey,2012,2013,MICS_HH
2131,Algeria,[65-69],Woman,Separated,Survey,2012,2013,MICS_HH
2132,Algeria,[70-74],Woman,Separated,Survey,2012,2013,MICS_HH
2133,Algeria,[75+],Woman,Separated,Survey,2012,2013,MICS_HH
2134,Algeria,[15-19],Woman,Widowed,Survey,2012,2013,MICS_HH
2135,Algeria,[20-24],Woman,Widowed,Survey,2012,2013,MICS_HH
2136,Algeria,[25-29],Woman,Widowed,Survey,2012,2013,MICS_HH
2137,Algeria,[30-34],Woman,Widowed,Survey,2012,2013,MICS_HH
2138,Algeria,[35-39],Woman,Widowed,Survey,2012,2013,MICS_HH
2139,Algeria,[40-44],Woman,Widowed,Survey,2012,2013,MICS_HH
2140,Algeria,[45-49],Woman,Widowed,Survey,2012,2013,MICS_HH
2141,Algeria,[50-54],Woman,Widowed,Survey,2012,2013,MICS_HH
2142,Algeria,[55-59],Woman,Widowed,Survey,2012,2013,MICS_HH
2143,Algeria,[60-64],Woman,Widowed,Survey,2012,2013,MICS_HH
2144,Algeria,[65-69],Woman,Widowed,Survey,2012,2013,MICS_HH
2145,Algeria,[70-74],Woman,Widowed,Survey,2012,2013,MICS_HH
2146,Algeria,[75+],Woman,Widowed,Survey,2012,2013,MICS_HH
2147,American Samoa,[10-14],Man,Divorced,Census,1974,1974,UNSD
2148,American Samoa,[15-19],Man,Divorced,Census,1974,1974,UNSD
2149,American Samoa,[20-24],Man,Divorced,Census,1974,1974,UNSD
2150,American Samoa,[25-29],Man,Divorced,Census,1974,1974,UNSD
2151,American Samoa,[30-34],Man,Divorced,Census,1974,1974,UNSD
2152,American Samoa,[35-39],Man,Divorced,Census,1974,1974,UNSD
2153,American Samoa,[40-44],Man,Divorced,Census,1974,1974,UNSD
2154,American Samoa,[45-49],Man,Divorced,Census,1974,1974,UNSD
2155,American Samoa,[50-54],Man,Divorced,Census,1974,1974,UNSD
2156,American Samoa,[55-59],Man,Divorced,Census,1974,1974,UNSD
2157,American Samoa,[60-64],Man,Divorced,Census,1974,1974,UNSD
2158,American Samoa,[65-69],Man,Divorced,Census,1974,1974,UNSD
2159,American Samoa,[70-74],Man,Divorced,Census,1974,1974,UNSD
2160,American Samoa,[75+],Man,Divorced,Census,1974,1974,UNSD
2161,American Samoa,[10-14],Man,Married,Census,1974,1974,UNSD
2162,American Samoa,[15-19],Man,Married,Census,1974,1974,UNSD
2163,American Samoa,[20-24],Man,Married,Census,1974,1974,UNSD
2164,American Samoa,[25-29],Man,Married,Census,1974,1974,UNSD
2165,American Samoa,[30-34],Man,Married,Census,1974,1974,UNSD
2166,American Samoa,[35-39],Man,Married,Census,1974,1974,UNSD
2167,American Samoa,[40-44],Man,Married,Census,1974,1974,UNSD
2168,American Samoa,[45-49],Man,Married,Census,1974,1974,UNSD
2169,American Samoa,[50-54],Man,Married,Census,1974,1974,UNSD
2170,American Samoa,[55-59],Man,Married,Census,1974,1974,UNSD
2171,American Samoa,[60-64],Man,Married,Census,1974,1974,UNSD
2172,American Samoa,[65-69],Man,Married,Census,1974,1974,UNSD
2173,American Samoa,[70-74],Man,Married,Census,1974,1974,UNSD
2174,American Samoa,[75+],Man,Married,Census,1974,1974,UNSD
2175,American Samoa,[10-14],Man,Single,Census,1974,1974,UNSD
2176,American Samoa,[15-19],Man,Single,Census,1974,1974,UNSD
2177,American Samoa,[20-24],Man,Single,Census,1974,1974,UNSD
2178,American Samoa,[25-29],Man,Single,Census,1974,1974,UNSD
2179,American Samoa,[30-34],Man,Single,Census,1974,1974,UNSD
2180,American Samoa,[35-39],Man,Single,Census,1974,1974,UNSD
2181,American Samoa,[40-44],Man,Single,Census,1974,1974,UNSD
2182,American Samoa,[45-49],Man,Single,Census,1974,1974,UNSD
2183,American Samoa,[50-54],Man,Single,Census,1974,1974,UNSD
2184,American Samoa,[55-59],Man,Single,Census,1974,1974,UNSD
2185,American Samoa,[60-64],Man,Single,Census,1974,1974,UNSD
2186,American Samoa,[65-69],Man,Single,Census,1974,1974,UNSD
2187,American Samoa,[70-74],Man,Single,Census,1974,1974,UNSD
2188,American Samoa,[75+],Man,Single,Census,1974,1974,UNSD
2189,American Samoa,[10-14],Man,Widowed,Census,1974,1974,UNSD
2190,American Samoa,[15-19],Man,Widowed,Census,1974,1974,UNSD
2191,American Samoa,[20-24],Man,Widowed,Census,1974,1974,UNSD
2192,American Samoa,[25-29],Man,Widowed,Census,1974,1974,UNSD
2193,American Samoa,[30-34],Man,Widowed,Census,1974,1974,UNSD
2194,American Samoa,[35-39],Man,Widowed,Census,1974,1974,UNSD
2195,American Samoa,[40-44],Man,Widowed,Census,1974,1974,UNSD
2196,American Samoa,[45-49],Man,Widowed,Census,1974,1974,UNSD
2197,American Samoa,[50-54],Man,Widowed,Census,1974,1974,UNSD
2198,American Samoa,[55-59],Man,Widowed,Census,1974,1974,UNSD
2199,American Samoa,[60-64],Man,Widowed,Census,1974,1974,UNSD
2200,American Samoa,[65-69],Man,Widowed,Census,1974,1974,UNSD
2201,American Samoa,[70-74],Man,Widowed,Census,1974,1974,UNSD
2202,American Samoa,[75+],Man,Widowed,Census,1974,1974,UNSD
2203,American Samoa,[10-14],Woman,Divorced,Census,1974,1974,UNSD
2204,American Samoa,[15-19],Woman,Divorced,Census,1974,1974,UNSD
2205,American Samoa,[20-24],Woman,Divorced,Census,1974,1974,UNSD
2206,American Samoa,[25-29],Woman,Divorced,Census,1974,1974,UNSD
2207,American Samoa,[30-34],Woman,Divorced,Census,1974,1974,UNSD
2208,American Samoa,[35-39],Woman,Divorced,Census,1974,1974,UNSD
2209,American Samoa,[40-44],Woman,Divorced,Census,1974,1974,UNSD
2210,American Samoa,[45-49],Woman,Divorced,Census,1974,1974,UNSD
2211,American Samoa,[50-54],Woman,Divorced,Census,1974,1974,UNSD
2212,American Samoa,[55-59],Woman,Divorced,Census,1974,1974,UNSD
2213,American Samoa,[60-64],Woman,Divorced,Census,1974,1974,UNSD
2214,American Samoa,[65-69],Woman,Divorced,Census,1974,1974,UNSD
2215,American Samoa,[70-74],Woman,Divorced,Census,1974,1974,UNSD
2216,American Samoa,[75+],Woman,Divorced,Census,1974,1974,UNSD
2217,American Samoa,[10-14],Woman,Married,Census,1974,1974,UNSD
2218,American Samoa,[15-19],Woman,Married,Census,1974,1974,UNSD
2219,American Samoa,[20-24],Woman,Married,Census,1974,1974,UNSD
2220,American Samoa,[25-29],Woman,Married,Census,1974,1974,UNSD
2221,American Samoa,[30-34],Woman,Married,Census,1974,1974,UNSD
2222,American Samoa,[35-39],Woman,Married,Census,1974,1974,UNSD
2223,American Samoa,[40-44],Woman,Married,Census,1974,1974,UNSD
2224,American Samoa,[45-49],Woman,Married,Census,1974,1974,UNSD
2225,American Samoa,[50-54],Woman,Married,Census,1974,1974,UNSD
2226,American Samoa,[55-59],Woman,Married,Census,1974,1974,UNSD
2227,American Samoa,[60-64],Woman,Married,Census,1974,1974,UNSD
2228,American Samoa,[65-69],Woman,Married,Census,1974,1974,UNSD
2229,American Samoa,[70-74],Woman,Married,Census,1974,1974,UNSD
2230,American Samoa,[75+],Woman,Married,Census,1974,1974,UNSD
2231,American Samoa,[10-14],Woman,Single,Census,1974,1974,UNSD
2232,American Samoa,[15-19],Woman,Single,Census,1974,1974,UNSD
2233,American Samoa,[20-24],Woman,Single,Census,1974,1974,UNSD
2234,American Samoa,[25-29],Woman,Single,Census,1974,1974,UNSD
2235,American Samoa,[30-34],Woman,Single,Census,1974,1974,UNSD
2236,American Samoa,[35-39],Woman,Single,Census,1974,1974,UNSD
2237,American Samoa,[40-44],Woman,Single,Census,1974,1974,UNSD
2238,American Samoa,[45-49],Woman,Single,Census,1974,1974,UNSD
2239,American Samoa,[50-54],Woman,Single,Census,1974,1974,UNSD
2240,American Samoa,[55-59],Woman,Single,Census,1974,1974,UNSD
2241,American Samoa,[60-64],Woman,Single,Census,1974,1974,UNSD
2242,American Samoa,[65-69],Woman,Single,Census,1974,1974,UNSD
2243,American Samoa,[70-74],Woman,Single,Census,1974,1974,UNSD
2244,American Samoa,[75+],Woman,Single,Census,1974,1974,UNSD
2245,American Samoa,[10-14],Woman,Widowed,Census,1974,1974,UNSD
2246,American Samoa,[15-19],Woman,Widowed,Census,1974,1974,UNSD
2247,American Samoa,[20-24],Woman,Widowed,Census,1974,1974,UNSD
2248,American Samoa,[25-29],Woman,Widowed,Census,1974,1974,UNSD
2249,American Samoa,[30-34],Woman,Widowed,Census,1974,1974,UNSD
2250,American Samoa,[35-39],Woman,Widowed,Census,1974,1974,UNSD
2251,American Samoa,[40-44],Woman,Widowed,Census,1974,1974,UNSD
2252,American Samoa,[45-49],Woman,Widowed,Census,1974,1974,UNSD
2253,American Samoa,[50-54],Woman,Widowed,Census,1974,1974,UNSD
2254,American Samoa,[55-59],Woman,Widowed,Census,1974,1974,UNSD
2255,American Samoa,[60-64],Woman,Widowed,Census,1974,1974,UNSD
2256,American Samoa,[65-69],Woman,Widowed,Census,1974,1974,UNSD
2257,American Samoa,[70-74],Woman,Widowed,Census,1974,1974,UNSD
2258,American Samoa,[75+],Woman,Widowed,Census,1974,1974,UNSD
2259,American Samoa,[15-19],Man,Divorced,Census,1980,1980,UNSD
2260,American Samoa,[20-24],Man,Divorced,Census,1980,1980,UNSD
2261,American Samoa,[25-29],Man,Divorced,Census,1980,1980,UNSD
2262,American Samoa,[30-34],Man,Divorced,Census,1980,1980,UNSD
2263,American Samoa,[35-39],Man,Divorced,Census,1980,1980,UNSD
2264,American Samoa,[40-49],Man,Divorced,Census,1980,1980,UNSD
2265,American Samoa,[50-59],Man,Divorced,Census,1980,1980,UNSD
2266,American Samoa,[60-64],Man,Divorced,Census,1980,1980,UNSD
2267,American Samoa,[65+],Man,Divorced,Census,1980,1980,UNSD
2268,American Samoa,[15-19],Man,Consensual union,Census,1980,1980,UNSD
2269,American Samoa,[20-24],Man,Consensual union,Census,1980,1980,UNSD
2270,American Samoa,[25-29],Man,Consensual union,Census,1980,1980,UNSD
2271,American Samoa,[30-34],Man,Consensual union,Census,1980,1980,UNSD
2272,American Samoa,[35-39],Man,Consensual union,Census,1980,1980,UNSD
2273,American Samoa,[40-49],Man,Consensual union,Census,1980,1980,UNSD
2274,American Samoa,[50-59],Man,Consensual union,Census,1980,1980,UNSD
2275,American Samoa,[60-64],Man,Consensual union,Census,1980,1980,UNSD
2276,American Samoa,[65+],Man,Consensual union,Census,1980,1980,UNSD
2277,American Samoa,[15-19],Man,Married,Census,1980,1980,UNSD
2278,American Samoa,[20-24],Man,Married,Census,1980,1980,UNSD
2279,American Samoa,[25-29],Man,Married,Census,1980,1980,UNSD
2280,American Samoa,[30-34],Man,Married,Census,1980,1980,UNSD
2281,American Samoa,[35-39],Man,Married,Census,1980,1980,UNSD
2282,American Samoa,[40-49],Man,Married,Census,1980,1980,UNSD
2283,American Samoa,[50-59],Man,Married,Census,1980,1980,UNSD
2284,American Samoa,[60-64],Man,Married,Census,1980,1980,UNSD
2285,American Samoa,[65+],Man,Married,Census,1980,1980,UNSD
2286,American Samoa,[15-19],Man,Separated,Census,1980,1980,UNSD
2287,American Samoa,[20-24],Man,Separated,Census,1980,1980,UNSD
2288,American Samoa,[25-29],Man,Separated,Census,1980,1980,UNSD
2289,American Samoa,[30-34],Man,Separated,Census,1980,1980,UNSD
2290,American Samoa,[35-39],Man,Separated,Census,1980,1980,UNSD
2291,American Samoa,[40-49],Man,Separated,Census,1980,1980,UNSD
2292,American Samoa,[50-59],Man,Separated,Census,1980,1980,UNSD
2293,American Samoa,[60-64],Man,Separated,Census,1980,1980,UNSD
2294,American Samoa,[65+],Man,Separated,Census,1980,1980,UNSD
2295,American Samoa,[15-19],Man,Single,Census,1980,1980,UNSD
2296,American Samoa,[20-24],Man,Single,Census,1980,1980,UNSD
2297,American Samoa,[25-29],Man,Single,Census,1980,1980,UNSD
2298,American Samoa,[30-34],Man,Single,Census,1980,1980,UNSD
2299,American Samoa,[35-39],Man,Single,Census,1980,1980,UNSD
2300,American Samoa,[40-49],Man,Single,Census,1980,1980,UNSD
2301,American Samoa,[50-59],Man,Single,Census,1980,1980,UNSD
2302,American Samoa,[60-64],Man,Single,Census,1980,1980,UNSD
2303,American Samoa,[65+],Man,Single,Census,1980,1980,UNSD
2304,American Samoa,[15-19],Man,Widowed,Census,1980,1980,UNSD
2305,American Samoa,[20-24],Man,Widowed,Census,1980,1980,UNSD
2306,American Samoa,[25-29],Man,Widowed,Census,1980,1980,UNSD
2307,American Samoa,[30-34],Man,Widowed,Census,1980,1980,UNSD
2308,American Samoa,[35-39],Man,Widowed,Census,1980,1980,UNSD
2309,American Samoa,[40-49],Man,Widowed,Census,1980,1980,UNSD
2310,American Samoa,[50-59],Man,Widowed,Census,1980,1980,UNSD
2311,American Samoa,[60-64],Man,Widowed,Census,1980,1980,UNSD
2312,American Samoa,[65+],Man,Widowed,Census,1980,1980,UNSD
2313,American Samoa,[15-19],Woman,Divorced,Census,1980,1980,UNSD
2314,American Samoa,[20-24],Woman,Divorced,Census,1980,1980,UNSD
2315,American Samoa,[25-29],Woman,Divorced,Census,1980,1980,UNSD
2316,American Samoa,[30-34],Woman,Divorced,Census,1980,1980,UNSD
2317,American Samoa,[35-39],Woman,Divorced,Census,1980,1980,UNSD
2318,American Samoa,[40-49],Woman,Divorced,Census,1980,1980,UNSD
2319,American Samoa,[50-59],Woman,Divorced,Census,1980,1980,UNSD
2320,American Samoa,[60-64],Woman,Divorced,Census,1980,1980,UNSD
2321,American Samoa,[65+],Woman,Divorced,Census,1980,1980,UNSD
2322,American Samoa,[15-19],Woman,Consensual union,Census,1980,1980,UNSD
2323,American Samoa,[20-24],Woman,Consensual union,Census,1980,1980,UNSD
2324,American Samoa,[25-29],Woman,Consensual union,Census,1980,1980,UNSD
2325,American Samoa,[30-34],Woman,Consensual union,Census,1980,1980,UNSD
2326,American Samoa,[35-39],Woman,Consensual union,Census,1980,1980,UNSD
2327,American Samoa,[40-49],Woman,Consensual union,Census,1980,1980,UNSD
2328,American Samoa,[50-59],Woman,Consensual union,Census,1980,1980,UNSD
2329,American Samoa,[60-64],Woman,Consensual union,Census,1980,1980,UNSD
2330,American Samoa,[65+],Woman,Consensual union,Census,1980,1980,UNSD
2331,American Samoa,[15-19],Woman,Married,Census,1980,1980,UNSD
2332,American Samoa,[20-24],Woman,Married,Census,1980,1980,UNSD
2333,American Samoa,[25-29],Woman,Married,Census,1980,1980,UNSD
2334,American Samoa,[30-34],Woman,Married,Census,1980,1980,UNSD
2335,American Samoa,[35-39],Woman,Married,Census,1980,1980,UNSD
2336,American Samoa,[40-49],Woman,Married,Census,1980,1980,UNSD
2337,American Samoa,[50-59],Woman,Married,Census,1980,1980,UNSD
2338,American Samoa,[60-64],Woman,Married,Census,1980,1980,UNSD
2339,American Samoa,[65+],Woman,Married,Census,1980,1980,UNSD
2340,American Samoa,[15-19],Woman,Separated,Census,1980,1980,UNSD
2341,American Samoa,[20-24],Woman,Separated,Census,1980,1980,UNSD
2342,American Samoa,[25-29],Woman,Separated,Census,1980,1980,UNSD
2343,American Samoa,[30-34],Woman,Separated,Census,1980,1980,UNSD
2344,American Samoa,[35-39],Woman,Separated,Census,1980,1980,UNSD
2345,American Samoa,[40-49],Woman,Separated,Census,1980,1980,UNSD
2346,American Samoa,[50-59],Woman,Separated,Census,1980,1980,UNSD
2347,American Samoa,[60-64],Woman,Separated,Census,1980,1980,UNSD
2348,American Samoa,[65+],Woman,Separated,Census,1980,1980,UNSD
2349,American Samoa,[15-19],Woman,Single,Census,1980,1980,UNSD
2350,American Samoa,[20-24],Woman,Single,Census,1980,1980,UNSD
2351,American Samoa,[25-29],Woman,Single,Census,1980,1980,UNSD
2352,American Samoa,[30-34],Woman,Single,Census,1980,1980,UNSD
2353,American Samoa,[35-39],Woman,Single,Census,1980,1980,UNSD
2354,American Samoa,[40-49],Woman,Single,Census,1980,1980,UNSD
2355,American Samoa,[50-59],Woman,Single,Census,1980,1980,UNSD
2356,American Samoa,[60-64],Woman,Single,Census,1980,1980,UNSD
2357,American Samoa,[65+],Woman,Single,Census,1980,1980,UNSD
2358,American Samoa,[15-19],Woman,Widowed,Census,1980,1980,UNSD
2359,American Samoa,[20-24],Woman,Widowed,Census,1980,1980,UNSD
2360,American Samoa,[25-29],Woman,Widowed,Census,1980,1980,UNSD
2361,American Samoa,[30-34],Woman,Widowed,Census,1980,1980,UNSD
2362,American Samoa,[35-39],Woman,Widowed,Census,1980,1980,UNSD
2363,American Samoa,[40-49],Woman,Widowed,Census,1980,1980,UNSD
2364,American Samoa,[50-59],Woman,Widowed,Census,1980,1980,UNSD
2365,American Samoa,[60-64],Woman,Widowed,Census,1980,1980,UNSD
2366,American Samoa,[65+],Woman,Widowed,Census,1980,1980,UNSD
2367,American Samoa,[15-19],Man,Divorced,Census,1990,1990,UNSD
2368,American Samoa,[20-24],Man,Divorced,Census,1990,1990,UNSD
2369,American Samoa,[25-29],Man,Divorced,Census,1990,1990,UNSD
2370,American Samoa,[30-34],Man,Divorced,Census,1990,1990,UNSD
2371,American Samoa,[35-39],Man,Divorced,Census,1990,1990,UNSD
2372,American Samoa,[40-44],Man,Divorced,Census,1990,1990,UNSD
2373,American Samoa,[45-49],Man,Divorced,Census,1990,1990,UNSD
2374,American Samoa,[50-54],Man,Divorced,Census,1990,1990,UNSD
2375,American Samoa,[55-59],Man,Divorced,Census,1990,1990,UNSD
2376,American Samoa,[60-64],Man,Divorced,Census,1990,1990,UNSD
2377,American Samoa,[65-69],Man,Divorced,Census,1990,1990,UNSD
2378,American Samoa,[70-74],Man,Divorced,Census,1990,1990,UNSD
2379,American Samoa,[75+],Man,Divorced,Census,1990,1990,UNSD
2380,American Samoa,[15-19],Man,Married,Census,1990,1990,UNSD
2381,American Samoa,[20-24],Man,Married,Census,1990,1990,UNSD
2382,American Samoa,[25-29],Man,Married,Census,1990,1990,UNSD
2383,American Samoa,[30-34],Man,Married,Census,1990,1990,UNSD
2384,American Samoa,[35-39],Man,Married,Census,1990,1990,UNSD
2385,American Samoa,[40-44],Man,Married,Census,1990,1990,UNSD
2386,American Samoa,[45-49],Man,Married,Census,1990,1990,UNSD
2387,American Samoa,[50-54],Man,Married,Census,1990,1990,UNSD
2388,American Samoa,[55-59],Man,Married,Census,1990,1990,UNSD
2389,American Samoa,[60-64],Man,Married,Census,1990,1990,UNSD
2390,American Samoa,[65-69],Man,Married,Census,1990,1990,UNSD
2391,American Samoa,[70-74],Man,Married,Census,1990,1990,UNSD
2392,American Samoa,[75+],Man,Married,Census,1990,1990,UNSD
2393,American Samoa,[15-19],Man,Separated,Census,1990,1990,UNSD
2394,American Samoa,[20-24],Man,Separated,Census,1990,1990,UNSD
2395,American Samoa,[25-29],Man,Separated,Census,1990,1990,UNSD
2396,American Samoa,[30-34],Man,Separated,Census,1990,1990,UNSD
2397,American Samoa,[35-39],Man,Separated,Census,1990,1990,UNSD
2398,American Samoa,[40-44],Man,Separated,Census,1990,1990,UNSD
2399,American Samoa,[45-49],Man,Separated,Census,1990,1990,UNSD
2400,American Samoa,[50-54],Man,Separated,Census,1990,1990,UNSD
2401,American Samoa,[55-59],Man,Separated,Census,1990,1990,UNSD
2402,American Samoa,[60-64],Man,Separated,Census,1990,1990,UNSD
2403,American Samoa,[65-69],Man,Separated,Census,1990,1990,UNSD
2404,American Samoa,[70-74],Man,Separated,Census,1990,1990,UNSD
2405,American Samoa,[75+],Man,Separated,Census,1990,1990,UNSD
2406,American Samoa,[15-19],Man,Single,Census,1990,1990,UNSD
2407,American Samoa,[20-24],Man,Single,Census,1990,1990,UNSD
2408,American Samoa,[25-29],Man,Single,Census,1990,1990,UNSD
2409,American Samoa,[30-34],Man,Single,Census,1990,1990,UNSD
2410,American Samoa,[35-39],Man,Single,Census,1990,1990,UNSD
2411,American Samoa,[40-44],Man,Single,Census,1990,1990,UNSD
2412,American Samoa,[45-49],Man,Single,Census,1990,1990,UNSD
2413,American Samoa,[50-54],Man,Single,Census,1990,1990,UNSD
2414,American Samoa,[55-59],Man,Single,Census,1990,1990,UNSD
2415,American Samoa,[60-64],Man,Single,Census,1990,1990,UNSD
2416,American Samoa,[65-69],Man,Single,Census,1990,1990,UNSD
2417,American Samoa,[70-74],Man,Single,Census,1990,1990,UNSD
2418,American Samoa,[75+],Man,Single,Census,1990,1990,UNSD
2419,American Samoa,[15-19],Man,Widowed,Census,1990,1990,UNSD
2420,American Samoa,[20-24],Man,Widowed,Census,1990,1990,UNSD
2421,American Samoa,[25-29],Man,Widowed,Census,1990,1990,UNSD
2422,American Samoa,[30-34],Man,Widowed,Census,1990,1990,UNSD
2423,American Samoa,[35-39],Man,Widowed,Census,1990,1990,UNSD
2424,American Samoa,[40-44],Man,Widowed,Census,1990,1990,UNSD
2425,American Samoa,[45-49],Man,Widowed,Census,1990,1990,UNSD
2426,American Samoa,[50-54],Man,Widowed,Census,1990,1990,UNSD
2427,American Samoa,[55-59],Man,Widowed,Census,1990,1990,UNSD
2428,American Samoa,[60-64],Man,Widowed,Census,1990,1990,UNSD
2429,American Samoa,[65-69],Man,Widowed,Census,1990,1990,UNSD
2430,American Samoa,[70-74],Man,Widowed,Census,1990,1990,UNSD
2431,American Samoa,[75+],Man,Widowed,Census,1990,1990,UNSD
2432,American Samoa,[15-19],Woman,Divorced,Census,1990,1990,UNSD
2433,American Samoa,[20-24],Woman,Divorced,Census,1990,1990,UNSD
2434,American Samoa,[25-29],Woman,Divorced,Census,1990,1990,UNSD
2435,American Samoa,[30-34],Woman,Divorced,Census,1990,1990,UNSD
2436,American Samoa,[35-39],Woman,Divorced,Census,1990,1990,UNSD
2437,American Samoa,[40-44],Woman,Divorced,Census,1990,1990,UNSD
2438,American Samoa,[45-49],Woman,Divorced,Census,1990,1990,UNSD
2439,American Samoa,[50-54],Woman,Divorced,Census,1990,1990,UNSD
2440,American Samoa,[55-59],Woman,Divorced,Census,1990,1990,UNSD
2441,American Samoa,[60-64],Woman,Divorced,Census,1990,1990,UNSD
2442,American Samoa,[65-69],Woman,Divorced,Census,1990,1990,UNSD
2443,American Samoa,[70-74],Woman,Divorced,Census,1990,1990,UNSD
2444,American Samoa,[75+],Woman,Divorced,Census,1990,1990,UNSD
2445,American Samoa,[15-19],Woman,Married,Census,1990,1990,UNSD
2446,American Samoa,[20-24],Woman,Married,Census,1990,1990,UNSD
2447,American Samoa,[25-29],Woman,Married,Census,1990,1990,UNSD
2448,American Samoa,[30-34],Woman,Married,Census,1990,1990,UNSD
2449,American Samoa,[35-39],Woman,Married,Census,1990,1990,UNSD
2450,American Samoa,[40-44],Woman,Married,Census,1990,1990,UNSD
2451,American Samoa,[45-49],Woman,Married,Census,1990,1990,UNSD
2452,American Samoa,[50-54],Woman,Married,Census,1990,1990,UNSD
2453,American Samoa,[55-59],Woman,Married,Census,1990,1990,UNSD
2454,American Samoa,[60-64],Woman,Married,Census,1990,1990,UNSD
2455,American Samoa,[65-69],Woman,Married,Census,1990,1990,UNSD
2456,American Samoa,[70-74],Woman,Married,Census,1990,1990,UNSD
2457,American Samoa,[75+],Woman,Married,Census,1990,1990,UNSD
2458,American Samoa,[15-19],Woman,Separated,Census,1990,1990,UNSD
2459,American Samoa,[20-24],Woman,Separated,Census,1990,1990,UNSD
2460,American Samoa,[25-29],Woman,Separated,Census,1990,1990,UNSD
2461,American Samoa,[30-34],Woman,Separated,Census,1990,1990,UNSD
2462,American Samoa,[35-39],Woman,Separated,Census,1990,1990,UNSD
2463,American Samoa,[40-44],Woman,Separated,Census,1990,1990,UNSD
2464,American Samoa,[45-49],Woman,Separated,Census,1990,1990,UNSD
2465,American Samoa,[50-54],Woman,Separated,Census,1990,1990,UNSD
2466,American Samoa,[55-59],Woman,Separated,Census,1990,1990,UNSD
2467,American Samoa,[60-64],Woman,Separated,Census,1990,1990,UNSD
2468,American Samoa,[65-69],Woman,Separated,Census,1990,1990,UNSD
2469,American Samoa,[70-74],Woman,Separated,Census,1990,1990,UNSD
2470,American Samoa,[75+],Woman,Separated,Census,1990,1990,UNSD
2471,American Samoa,[15-19],Woman,Single,Census,1990,1990,UNSD
2472,American Samoa,[20-24],Woman,Single,Census,1990,1990,UNSD
2473,American Samoa,[25-29],Woman,Single,Census,1990,1990,UNSD
2474,American Samoa,[30-34],Woman,Single,Census,1990,1990,UNSD
2475,American Samoa,[35-39],Woman,Single,Census,1990,1990,UNSD
2476,American Samoa,[40-44],Woman,Single,Census,1990,1990,UNSD
2477,American Samoa,[45-49],Woman,Single,Census,1990,1990,UNSD
2478,American Samoa,[50-54],Woman,Single,Census,1990,1990,UNSD
2479,American Samoa,[55-59],Woman,Single,Census,1990,1990,UNSD
2480,American Samoa,[60-64],Woman,Single,Census,1990,1990,UNSD
2481,American Samoa,[65-69],Woman,Single,Census,1990,1990,UNSD
2482,American Samoa,[70-74],Woman,Single,Census,1990,1990,UNSD
2483,American Samoa,[75+],Woman,Single,Census,1990,1990,UNSD
2484,American Samoa,[15-19],Woman,Widowed,Census,1990,1990,UNSD
2485,American Samoa,[20-24],Woman,Widowed,Census,1990,1990,UNSD
2486,American Samoa,[25-29],Woman,Widowed,Census,1990,1990,UNSD
2487,American Samoa,[30-34],Woman,Widowed,Census,1990,1990,UNSD
2488,American Samoa,[35-39],Woman,Widowed,Census,1990,1990,UNSD
2489,American Samoa,[40-44],Woman,Widowed,Census,1990,1990,UNSD
2490,American Samoa,[45-49],Woman,Widowed,Census,1990,1990,UNSD
2491,American Samoa,[50-54],Woman,Widowed,Census,1990,1990,UNSD
2492,American Samoa,[55-59],Woman,Widowed,Census,1990,1990,UNSD
2493,American Samoa,[60-64],Woman,Widowed,Census,1990,1990,UNSD
2494,American Samoa,[65-69],Woman,Widowed,Census,1990,1990,UNSD
2495,American Samoa,[70-74],Woman,Widowed,Census,1990,1990,UNSD
2496,American Samoa,[75+],Woman,Widowed,Census,1990,1990,UNSD
2497,American Samoa,[15-24],Woman,Ever married,Census,2000,2000,US Census Bureau
2498,American Samoa,[25-34],Woman,Ever married,Census,2000,2000,US Census Bureau
2499,American Samoa,[35-44],Woman,Ever married,Census,2000,2000,US Census Bureau
2500,American Samoa,[45+],Woman,Ever married,Census,2000,2000,US Census Bureau
2501,American Samoa,[15-24],Woman,Single,Census,2000,2000,US Census Bureau
2502,American Samoa,[25-34],Woman,Single,Census,2000,2000,US Census Bureau
2503,American Samoa,[35-44],Woman,Single,Census,2000,2000,US Census Bureau
2504,American Samoa,[45+],Woman,Single,Census,2000,2000,US Census Bureau
2505,American Samoa,[20-24],Man,Divorced,Census,2010,2010,US Census Bureau
2506,American Samoa,[25-34],Man,Divorced,Census,2010,2010,US Census Bureau
2507,American Samoa,[35-44],Man,Divorced,Census,2010,2010,US Census Bureau
2508,American Samoa,[45-54],Man,Divorced,Census,2010,2010,US Census Bureau
2509,American Samoa,[55-64],Man,Divorced,Census,2010,2010,US Census Bureau
2510,American Samoa,[65+],Man,Divorced,Census,2010,2010,US Census Bureau
2511,American Samoa,[15-19],Man,Married,Census,2010,2010,US Census Bureau
2512,American Samoa,[20-24],Man,Married,Census,2010,2010,US Census Bureau
2513,American Samoa,[25-34],Man,Married,Census,2010,2010,US Census Bureau
2514,American Samoa,[35-44],Man,Married,Census,2010,2010,US Census Bureau
2515,American Samoa,[45-54],Man,Married,Census,2010,2010,US Census Bureau
2516,American Samoa,[55-64],Man,Married,Census,2010,2010,US Census Bureau
2517,American Samoa,[65+],Man,Married,Census,2010,2010,US Census Bureau
2518,American Samoa,[15-19],Man,Separated,Census,2010,2010,US Census Bureau
2519,American Samoa,[20-24],Man,Separated,Census,2010,2010,US Census Bureau
2520,American Samoa,[25-34],Man,Separated,Census,2010,2010,US Census Bureau
2521,American Samoa,[35-44],Man,Separated,Census,2010,2010,US Census Bureau
2522,American Samoa,[45-54],Man,Separated,Census,2010,2010,US Census Bureau
2523,American Samoa,[55-64],Man,Separated,Census,2010,2010,US Census Bureau
2524,American Samoa,[65+],Man,Separated,Census,2010,2010,US Census Bureau
2525,American Samoa,[15-19],Man,Single,Census,2010,2010,US Census Bureau
2526,American Samoa,[20-24],Man,Single,Census,2010,2010,US Census Bureau
2527,American Samoa,[25-34],Man,Single,Census,2010,2010,US Census Bureau
2528,American Samoa,[35-44],Man,Single,Census,2010,2010,US Census Bureau
2529,American Samoa,[45-54],Man,Single,Census,2010,2010,US Census Bureau
2530,American Samoa,[55-64],Man,Single,Census,2010,2010,US Census Bureau
2531,American Samoa,[65+],Man,Single,Census,2010,2010,US Census Bureau
2532,American Samoa,[15-19],Man,Widowed,Census,2010,2010,US Census Bureau
2533,American Samoa,[20-24],Man,Widowed,Census,2010,2010,US Census Bureau
2534,American Samoa,[25-34],Man,Widowed,Census,2010,2010,US Census Bureau
2535,American Samoa,[35-44],Man,Widowed,Census,2010,2010,US Census Bureau
2536,American Samoa,[45-54],Man,Widowed,Census,2010,2010,US Census Bureau
2537,American Samoa,[55-64],Man,Widowed,Census,2010,2010,US Census Bureau
2538,American Samoa,[65+],Man,Widowed,Census,2010,2010,US Census Bureau
2539,American Samoa,[20-24],Woman,Divorced,Census,2010,2010,US Census Bureau
2540,American Samoa,[25-34],Woman,Divorced,Census,2010,2010,US Census Bureau
2541,American Samoa,[35-44],Woman,Divorced,Census,2010,2010,US Census Bureau
2542,American Samoa,[45-54],Woman,Divorced,Census,2010,2010,US Census Bureau
2543,American Samoa,[55-64],Woman,Divorced,Census,2010,2010,US Census Bureau
2544,American Samoa,[65+],Woman,Divorced,Census,2010,2010,US Census Bureau
2545,American Samoa,[15-19],Woman,Married,Census,2010,2010,US Census Bureau
2546,American Samoa,[20-24],Woman,Married,Census,2010,2010,US Census Bureau
2547,American Samoa,[25-34],Woman,Married,Census,2010,2010,US Census Bureau
2548,American Samoa,[35-44],Woman,Married,Census,2010,2010,US Census Bureau
2549,American Samoa,[45-54],Woman,Married,Census,2010,2010,US Census Bureau
2550,American Samoa,[55-64],Woman,Married,Census,2010,2010,US Census Bureau
2551,American Samoa,[65+],Woman,Married,Census,2010,2010,US Census Bureau
2552,American Samoa,[15-19],Woman,Separated,Census,2010,2010,US Census Bureau
2553,American Samoa,[20-24],Woman,Separated,Census,2010,2010,US Census Bureau
2554,American Samoa,[25-34],Woman,Separated,Census,2010,2010,US Census Bureau
2555,American Samoa,[35-44],Woman,Separated,Census,2010,2010,US Census Bureau
2556,American Samoa,[45-54],Woman,Separated,Census,2010,2010,US Census Bureau
2557,American Samoa,[55-64],Woman,Separated,Census,2010,2010,US Census Bureau
2558,American Samoa,[65+],Woman,Separated,Census,2010,2010,US Census Bureau
2559,American Samoa,[15-19],Woman,Single,Census,2010,2010,US Census Bureau
2560,American Samoa,[20-24],Woman,Single,Census,2010,2010,US Census Bureau
2561,American Samoa,[25-34],Woman,Single,Census,2010,2010,US Census Bureau
2562,American Samoa,[35-44],Woman,Single,Census,2010,2010,US Census Bureau
2563,American Samoa,[45-54],Woman,Single,Census,2010,2010,US Census Bureau
2564,American Samoa,[55-64],Woman,Single,Census,2010,2010,US Census Bureau
2565,American Samoa,[65+],Woman,Single,Census,2010,2010,US Census Bureau
